draw,peer_reaction_mean_car_pct,peer_drift_mean_car_pct
1,1.0779999999999983,16.336
2,-0.7740875456073919,1.7382387245855786
3,5.428,17.383999999999997
4,1.3039999999999985,-18.871845143201863
5,-2.6775372446134176,22.598
6,-4.118000000000001,8.06301845327666
7,-1.0997477795953312,-2.526000000000002
8,-2.79,7.132033655595373
9,-3.747436315928873,16.74803365559537
10,4.366,17.356488875036476
11,5.749999999999999,12.108
12,-2.821773899245225,-5.102
13,5.605999999999999,7.935999999999998
14,-0.16909907010615016,-23.300796149172278
15,-11.706,-7.509878798797239
16,9.01,8.217999999999998
17,8.37,-8.041511124963526
18,-2.9760000000000013,15.216000000000003
19,-1.9857633453681935,0.028260206585710535
20,5.161781885426268,-6.833511124963526
21,-3.951773899245225,-1.17528502420875
22,4.581545230794462,-19.194469119732954
23,-4.181747779595331,-9.074948937599782
24,4.874238724585578,2.2101212012027625
25,16.133999999999997,7.403999999999999
26,3.961912454392608,20.716
27,-0.3060000000000002,-28.567163823005984
28,18.186,23.163999999999998
29,-4.658,12.055999999999997
30,-5.344,6.409051062400218
31,-5.738779728691087,16.113999999999997
32,6.016,-14.767389923760764
33,10.23,-29.064
34,-1.0020000000000002,17.401999999999997
35,-2.7399999999999993,25.442
36,1.2019999999999988,7.291999999999999
37,-11.174000000000001,-9.807747779595335
38,2.8902366546318063,11.66223872458558
39,2.8939999999999997,23.34
40,-12.056000000000001,7.706252220404667
41,-4.041999999999999,19.674
42,-2.509384235400277,-11.002266570932086
43,5.561999999999999,1.5960000000000036
44,8.399882476617183,14.809999999999999
45,4.386,13.826000000000002
46,-6.0920000000000005,-0.4332509183778129
47,1.3099999999999998,-7.465747779595333
48,-4.884117523382815,-12.621511124963526
49,2.327027510446313,13.169999999999998
50,6.382,4.402252220404669
51,-10.094779728691087,-25.087739793414286
52,-0.5780000000000001,-0.8739663444046275
53,-1.7000000000000004,-0.823999999999996
54,-2.5820000000000007,6.210238724585578
55,2.0179999999999993,-17.007511124963525
56,10.647018453276665,1.0601212012027625
57,0.46599999999999897,-6.419966344404631
58,6.5,33.112
59,3.1207908558145063,-5.380000000000001
60,11.588,-14.57474282213776
61,3.0107908558145056,7.428
62,7.575999999999999,9.979018453276662
63,-0.5820000000000001,-14.027285024208748
64,2.9200000000000004,-5.493878798797239
65,1.374,-13.313714123999961
66,-10.508779728691087,-0.20976127541442366
67,-1.7459999999999987,18.137999999999998
68,-7.911999999999999,-22.98152255082884
69,11.229999999999999,-6.394
70,2.2267908558145058,-6.323495559190663
71,7.9959999999999996,-3.4369815467233367
72,0.14200000000000088,-1.219024817623037
73,8.905999999999999,4.829999999999999
74,0.1279999999999994,-1.4640000000000004
75,-5.099999999999997,-7.0580000000000025
76,-1.4600000000000002,3.298000000000002
77,-0.6877477795953311,11.387018453276664
78,-4.435209144185494,7.94305106240022
79,0.6762522204046684,-3.488000000000001
80,9.669999999999998,2.041999999999999
81,-0.6100000000000005,-3.427878798797239
82,-0.3200875456073916,25.376000000000005
83,5.695018453276665,6.2719999999999985
84,5.101999999999999,4.783018453276665
85,-2.0139999999999993,21.57
86,-2.468000000000002,-15.720543928767603
87,-1.222,-12.975739793414288
88,-2.7341175233828148,10.062488875036472
89,6.372236654631807,15.481999999999996
90,8.448236654631806,-14.780860345520574
91,-4.747999999999999,4.4399999999999995
92,-0.5047797286910864,6.122
93,8.394,1.5624989311712916
94,1.654,11.004000000000001
95,6.535999999999999,21.506
96,-1.3887797286910861,4.1499999999999995
97,-8.946779728691087,-13.033999999999997
98,-6.918000000000001,0.5882723801809504
99,4.504252220404668,-19.98773979341429
100,7.619999999999999,4.54
101,1.4500000000000006,8.347051062400219
102,4.717999999999999,-9.678948937599781
103,-8.9,-11.133999999999997
104,9.953999999999999,11.084
105,-3.306,13.17003365559537
106,-3.543747779595332,3.4580336555953712
107,1.0939999999999994,17.419999999999998
108,-3.7417477795953316,17.159999999999997
109,2.0175452307944637,-20.028174186563266
110,7.55,-10.478981546723336
111,-4.965747779595332,-2.751999999999998
112,3.757999999999999,0.7140336555953709
113,3.1939124543926076,-2.93
114,2.9252202713089126,24.464
115,-12.672,20.395999999999997
116,0.020000000000000285,-2.8340000000000005
117,-8.528087545607391,36.624
118,-8.821763345368193,27.380000000000003
119,11.732000000000001,9.028121201202762
120,-13.462,-4.0197397934142876
121,4.757999999999999,-1.769511124963526
122,4.871999999999999,-15.651761275414424
123,-0.9257633453681933,16.462
124,6.4959999999999996,27.901999999999997
125,-5.215999999999999,26.318
126,1.1680369065533303,3.3019999999999996
127,3.29,1.3801212012027633
128,8.844,12.80901845327666
129,-7.998087545607392,1.4282938621810843
130,-1.1600000000000006,2.56905106240022
131,-4.792000000000002,-1.547739793414288
132,9.716,2.477018453276662
133,11.578,-13.221511124963524
134,0.11999999999999958,24.625999999999998
135,3.6579999999999986,14.408238724585578
136,-2.262981546723335,14.050000000000002
137,-2.888000000000001,5.983999999999998
138,3.002790855814506,2.704
139,3.558,5.3160000000000025
140,7.06,12.197999999999997
141,-6.064,8.736
142,0.9242261007547757,4.935018453276664
143,1.3099999999999994,-11.987522550828844
144,-6.947999999999999,7.347999999999999
145,4.901999999999999,-24.698
146,3.1299999999999986,-11.41962657839257
147,10.123882476617185,20.29212120120276
148,-5.374779728691087,5.452033655595372
149,-4.6080000000000005,-12.917999999999997
150,2.3339999999999996,2.9130510624002177
151,9.878790855814506,-0.4559999999999998
152,-7.852000000000001,-1.7480000000000018
153,-5.358,8.253999999999998
154,3.681545230794461,-23.83692509842041
155,3.483999999999999,-1.0780000000000007
156,4.773545230794463,12.136
157,5.023999999999999,-10.514000000000001
158,-4.514087545607392,0.26399999999999757
159,-3.256000000000001,-2.597739793414288
160,0.7119999999999997,-2.4138968287277445
161,-10.884,-5.348000000000002
162,3.825999999999999,2.3359999999999994
163,-14.838000000000003,3.666102124800439
164,0.7019999999999993,5.1602522204046695
165,-1.3140000000000007,9.419999999999998
166,9.21991245439261,-7.142000000000001
167,2.7967908558145056,15.017999999999997
168,-2.839861444852617,-8.39773979341429
169,-5.954000000000002,9.715051062400217
170,4.6647908558145055,8.720033655595369
171,-5.987209144185494,15.39
172,6.638,3.6640000000000015
173,3.4379999999999997,11.168000000000001
174,-2.902117523382816,13.382
175,-4.662779728691087,7.075999999999999
176,-4.391999999999999,6.100252220404667
177,2.021220271308914,-15.130796149172273
178,9.48,-15.17562657839257
179,-3.152,-2.637739793414288
180,-10.716,-11.528000000000002
181,-3.492,-9.725999999999997
182,3.214,23.46
183,-5.640000000000001,-17.90376127541442
184,7.882000000000001,-12.519163823005986
185,-17.773999999999997,30.934000000000005
186,-7.006,0.646238724585578
187,-6.3660000000000005,9.709999999999999
188,-7.257209144185495,26.918
189,-0.059773899245224624,19.895051062400217
190,2.1682522204046686,-6.0115111249635245
191,9.522,10.186
192,6.1062366546318065,14.51
193,4.312252220404669,-0.3139999999999997
194,-13.687999999999999,11.578260206585714
195,-0.406,13.006
196,4.54667333243169,-5.586696717195112
197,-6.239747779595331,1.682
198,-6.450087545607391,-26.919747779595333
199,-8.213747779595332,-7.179878798797239
200,-6.04808754560739,0.3051722636029822
201,7.290236654631808,14.686238724585575
202,5.571545230794462,7.908741095441142
203,4.471018453276665,11.884714975791251
204,6.390000000000001,-3.300948937599782
205,-1.2400000000000002,15.341999999999999
206,4.740252220404669,-5.435727619819052
207,-5.588000000000001,11.191999999999998
208,7.1278824766171835,-8.516948937599782
209,7.15,-13.664000000000001
210,-10.694,2.163999999999999
211,-2.5680875456073924,4.878252220404667
212,-4.674,13.821999999999997
213,2.077018453276665,0.969018453276665
214,-1.3480000000000003,-5.678981546723338
215,2.853999999999999,5.677051062400219
216,18.891882476617184,-3.2880000000000025
217,-2.716087545607391,-17.11176127541442
218,12.126,4.140121201202762
219,-0.2480000000000011,8.854
220,-5.098000000000001,-3.3100000000000023
221,2.5380000000000003,-7.245761275414422
222,9.396252220404667,-1.58502224992705
223,-5.049209144185495,0.6399999999999993
224,-7.2809815467233365,-8.246266570932084
225,1.9059999999999995,9.47003365559537
226,6.647882476617184,7.221999999999999
227,-2.8777477795953312,7.884
228,-4.154,-4.806000000000002
229,-0.9520000000000005,6.293999999999999
230,1.6238824766171844,12.202488875036474
231,-5.160000000000001,0.042260206585712015
232,1.960236654631806,18.174
233,10.566236654631805,19.49
234,6.007999999999998,16.415999999999997
235,2.613545230794462,13.95
236,-2.6800000000000006,3.3961212012027624
237,0.5979999999999998,-2.132721340137624
238,-1.9479999999999997,23.717999999999996
239,2.9622387245855792,16.772
240,1.600226100754775,18.077999999999996
241,-14.666000000000002,4.624
242,-5.602000000000001,4.912
243,-8.956,7.720238724585576
244,1.054,4.355999999999999
245,-2.630454769205538,18.718
246,3.7059999999999986,-1.6280000000000014
247,-1.2469815467233354,32.23
248,-5.617209144185493,-7.057999999999998
249,7.26,2.8120000000000025
250,1.8159999999999996,7.148488875036476
251,4.918,3.082238724585577
252,7.064,-5.8459999999999965
253,-5.884,-6.608000000000001
254,4.2712551079084715,15.881999999999996
255,-0.5487797286910869,11.004714975791249
256,4.616,15.123999999999999
257,-3.2400000000000007,19.637999999999998
258,-15.083763345368194,-17.05996634440463
259,-0.3560000000000002,29.387999999999998
260,6.368,10.95
261,-20.554779728691084,1.667999999999998
262,4.359882476617185,2.994373421607432
263,-4.016000000000001,-19.33973979341429
264,-7.908087545607392,3.9239999999999986
265,4.5,24.358
266,4.023018453276665,2.6650184532766645
267,-3.0180000000000002,29.064
268,3.6457649532343708,2.178488875036475
269,-11.728,27.462
270,-3.1400000000000006,3.9860000000000007
271,-0.48600000000000065,18.22203365559537
272,13.580252220404669,7.082000000000001
273,11.246,-6.319739793414288
274,-9.076779728691086,19.625999999999998
275,4.924226100754774,-0.04396634440463032
276,1.5945636840711273,3.725999999999999
277,-6.008,-6.683747779595332
278,4.3242366546318065,5.198488875036473
279,-5.082000000000001,8.489999999999998
280,5.27,-11.039878798797238
281,3.5620000000000003,-6.8529815467233375
282,2.0499999999999994,13.7
283,6.034,-16.722915282004408
284,1.446,-33.736
285,-4.593999999999999,7.732033655595371
286,12.458,-7.320729326318668
287,-2.2540000000000004,11.61871497579125
288,17.958000000000002,-6.041511124963526
289,4.1019999999999985,8.197999999999999
290,-1.021747779595333,10.14105106240022
291,11.378,-1.5040000000000018
292,1.7020000000000004,28.608000000000004
293,-18.114,-0.8439663444046275
294,-8.944,-12.181761275414422
295,1.9019999999999988,14.356
296,9.563999999999998,-3.9938787987972395
297,-18.332,9.857999999999999
298,2.222,9.492
299,-1.1999999999999997,8.020252220404668
300,-2.7061750912147824,-4.22728502420875
301,0.9827908558145069,6.814
302,-1.5127797286910867,19.907999999999998
303,-9.446779728691087,-13.971163823005986
304,1.2047908558145062,-3.55
305,-6.703747779595332,10.851999999999999
306,-2.438867274298478,-11.442710213014205
307,3.2715452307944615,-1.3769152820044113
308,8.7,-2.435999999999999
309,-0.3920000000000002,0.15327067368133243
310,4.012,-13.393163823005986
311,-16.154000000000003,0.4820336555953716
312,9.026,-2.7059326888092556
313,0.7794569259407208,17.095018453276662
314,7.9,5.742000000000002
315,8.421999999999999,-6.458000000000001
316,-2.7719999999999994,16.774
317,-0.49600000000000044,18.718
318,-6.284000000000001,-5.979511124963525
319,-4.3740000000000006,16.231999999999996
320,-1.2432091441854944,15.160033655595374
321,7.336,-6.679495559190665
322,10.091882476617185,-13.771250918377813
323,-10.376000000000001,-4.51176127541442
324,-3.7779999999999996,4.96708471799559
325,0.4599999999999994,-0.9019999999999999
326,2.649999999999999,-8.541966344404631
327,-2.640779728691086,-7.5272850242087515
328,1.2602366546318076,-14.609878798797235
329,-4.6387797286910875,0.6019999999999989
330,-1.816205068990207,8.557999999999998
331,5.169999999999998,22.049999999999997
332,4.096000000000001,22.429999999999996
333,0.21999999999999922,0.15799999999999984
334,-5.290000000000001,-7.946000000000003
335,4.242226100754775,7.253018453276664
336,-8.536000000000001,3.632714975791251
337,0.5979999999999996,-1.3500000000000008
338,11.154,7.987999999999998
339,1.3742366546318059,15.334
340,-6.097999999999999,9.920252220404672
341,5.190236654631807,-18.11948757300962
342,0.32388247661718494,-8.751739793414288
343,-3.8037633453681936,-11.226000000000003
344,-1.7759999999999994,3.8439999999999985
345,7.901999999999998,15.819018453276664
346,3.607581711629012,-0.956000000000001
347,-7.957999999999998,7.791999999999999
348,-4.085209144185493,8.904488875036476
349,0.584,-0.306696717195112
350,4.26,8.437999999999999
351,-11.324779728691087,-1.4322339618085294
352,0.10558171162901146,12.975999999999996
353,6.080000000000001,3.6719999999999984
354,-6.786,2.4990184532766633
355,-1.722,8.110252220404668
356,-0.8400000000000005,16.984
357,-7.673209144185495,0.30426020658571107
358,-7.249773899245224,-14.933250918377812
359,4.778,10.084000000000001
360,-4.547296689792885,10.130121201202762
361,-0.7020000000000005,10.242121201202764
362,1.9199999999999986,-7.108981546723335
363,1.3975452307944625,22.484
364,0.9522366546318054,6.412033655595373
365,-13.16,-1.831747779595333
366,0.4859999999999989,24.556
367,3.644252220404669,10.849018453276663
368,8.496,-1.6379999999999995
369,9.232,-3.880981546723336
370,-3.412,13.317999999999998
371,0.5920000000000009,5.301051062400218
372,-1.6600000000000013,-0.2930328038040827
373,-8.88245476920554,14.24
374,4.734,11.453999999999999
375,3.5215452307944615,13.37012120120276
376,7.424236654631807,-12.752000000000002
377,6.351999999999999,-5.699739793414288
378,-11.197999999999999,12.972121201202762
379,8.887999999999998,-2.7412850242087514
380,1.65576495323437,-1.519739793414288
381,12.324,-3.541509055009753
382,14.687999999999999,-3.1209815467233355
383,7.9079999999999995,14.169999999999998
384,-4.406000000000001,-5.36928502420875
385,4.234,-0.3359663444046298
386,1.5959999999999994,4.086238724585579
387,2.5302522204046687,4.54
388,-0.8712091441854939,3.434488875036473
389,2.4979999999999993,-15.484729326318666
390,1.5498824766171855,24.964
391,-1.8860000000000003,5.397018453276665
392,-5.688779728691086,21.692
393,6.019882476617184,-17.364981546723335
394,2.468,16.362000000000002
395,7.612,2.7839999999999963
396,0.6320000000000002,25.663999999999998
397,8.535018453276665,5.987051062400217
398,9.80778188542627,-24.66564007421166
399,2.4580000000000006,14.382000000000001
400,-3.607209144185494,2.7039999999999993
401,-3.597747779595332,3.7447149757912515
402,-4.344,-5.4078787987972365
403,1.224,7.468121201202763
404,-16.354000000000003,-16.805509055009754
405,1.4859999999999993,-36.06974777959533
406,-1.6247797286910868,-5.569511124963524
407,11.7,1.409999999999998
408,-11.314,0.4604888750364736
409,-4.894779728691086,-1.0812509183778125
410,7.226000000000002,10.541999999999998
411,1.1479999999999992,5.4879999999999995
412,6.7559999999999985,-18.229999999999997
413,4.635882476617185,-11.663999999999998
414,-4.956,15.518
415,-2.798,18.45212120120276
416,10.505999999999997,-7.598981546723339
417,-3.9,-2.6779999999999995
418,-1.2179999999999995,-12.128000000000002
419,0.38177133154923626,14.156
420,8.325882476617185,19.687999999999995
421,-0.7397477795953311,6.009999999999996
422,-0.03177389924522593,5.38671497579125
423,-1.6607797286910877,30.094
424,7.7299999999999995,-19.331215508531862
425,0.3987908558145059,8.593051062400217
426,4.449999999999998,14.322
427,-7.6800000000000015,14.4
428,4.35,-0.11400000000000113
429,0.34599999999999903,-0.1737612754144223
430,1.5759999999999994,12.416
431,0.6240000000000006,-7.2360000000000015
432,-2.085773899245226,2.1467149757912507
433,-7.029747779595331,12.804033655595372
434,-12.336000000000002,13.595999999999998
435,4.8364888750364745,17.332
436,0.9060000000000002,-0.578000000000003
437,-0.22320914418549426,-0.989739793414288
438,-3.81,14.574000000000002
439,2.087999999999999,-11.303285024208751
440,-1.4177738992452251,-0.627250918377813
441,7.347999999999999,11.524260206585714
442,-4.76306003516108,-0.3000000000000007
443,3.3279999999999994,10.878714975791251
444,7.417545230794462,-6.158000000000001
445,1.8204888750364756,21.163999999999998
446,0.37199999999999916,9.514
447,5.385999999999999,28.608000000000004
448,7.516,-23.54593048432312
449,-6.844981546723334,9.738000000000003
450,5.961999999999999,27.6
451,10.928,-2.6199663444046295
452,-3.5540000000000007,12.986
453,2.407018453276664,4.664488875036475
454,4.992,23.311999999999998
455,3.3519124543926084,-4.881285024208751
456,11.048236654631808,2.0220000000000002
457,-3.158,3.9830510624002193
458,1.661882476617184,15.06226020658571
459,3.6759999999999997,6.692
460,7.17,-0.05200000000000138
461,-3.386,0.7199999999999985
462,-6.706981546723336,18.724
463,-0.11208754560739109,3.874488875036475
464,-14.669999999999998,-10.274
465,5.936,4.744252220404666
466,-4.732454769205537,-4.049163823005987
467,-0.7700875456073916,23.728
468,4.844,15.68226020658571
469,4.384,15.187999999999999
470,16.011999999999997,1.4082387245855774
471,-8.856,12.330488875036474
472,-1.5288972520739015,9.642
473,-5.529509055009752,5.805018453276664
474,6.080236654631806,14.185999999999998
475,4.14,-5.919739793414289
476,3.9819999999999993,2.5547149757912497
477,4.208,-3.216
478,1.7410184532766646,-8.634000000000002
479,7.264,11.338121201202762
480,-3.4820000000000007,1.358069515676884
481,-3.0657738992452264,2.5379999999999976
482,0.6739999999999995,14.946000000000002
483,9.995999999999999,6.271999999999999
484,-6.909999999999999,-4.863501068828709
485,5.086252220404669,-4.99728502420875
486,5.1499999999999995,24.118
487,7.031999999999999,2.019999999999999
488,-5.350779728691087,6.308488875036475
489,-5.1800000000000015,-2.629747779595333
490,-3.398000000000001,-17.916710213014206
491,-5.376,5.633999999999999
492,-3.498,-9.181999999999997
493,-0.840981546723335,-9.424948937599785
494,-16.313763345368194,0.08825222040466692
495,0.048000000000000397,9.779999999999998
496,-1.7420000000000002,-16.852
497,1.2230184532766653,-5.36750106882871
498,7.089882476617186,-21.298709166542388
499,-0.6140000000000007,-4.0600000000000005
500,-0.245747779595332,21.127999999999997
501,2.7539999999999996,5.190121201202763
502,1.6691027479260978,-17.97373979341429
503,-0.9041175233828163,-5.668981546723336
504,4.7879999999999985,9.297999999999998
505,0.7039999999999997,11.673999999999998
506,9.050226100754776,4.496
507,6.354000000000001,9.805051062400219
508,7.308,-1.4695111249635269
509,4.489220271308914,11.102
510,7.65,16.317051062400218
511,-15.826000000000002,8.347999999999995
512,0.21399999999999988,9.031999999999998
513,-1.0089815467233358,-12.74874282213776
514,-4.6244547692055376,-5.771511124963526
515,-4.496542314812929,3.320252220404666
516,3.1339999999999995,-14.425999999999998
517,-6.2836286483463395,16.49
518,5.597999999999999,-7.885250918377812
519,4.860236654631807,-8.418000000000001
520,0.28479085581450614,2.6859999999999986
521,-3.7016639133910325,-1.0015111249635253
522,3.0562261007547744,11.19071497579125
523,13.322,6.046
524,7.140000000000001,-13.371999999999996
525,2.4017974511991316,1.6259999999999983
526,5.818790855814505,-5.390696717195114
527,2.4200000000000004,8.291999999999998
528,-6.087999999999999,-3.955999999999997
529,-0.6499888728765804,5.958000000000001
530,-9.394779728691086,-4.203878798797237
531,0.731882476617184,3.3180000000000005
532,1.2059999999999989,13.342000000000002
533,-11.815999999999999,-1.2375111249635247
534,4.836790855814506,14.884
535,2.357999999999999,-15.52
536,5.196,16.842
537,-3.2920000000000016,11.423999999999998
538,6.976000000000001,-0.9939999999999969
539,-2.521763345368194,7.875999999999998
540,2.4219999999999997,-9.770000000000001
541,6.787220271308914,5.057999999999998
542,1.1119999999999994,-6.063878798797241
543,2.678,7.354121201202764
544,-1.5430990701061504,-4.215714123999961
545,2.474,8.556522530631847
546,1.2982366546318063,-7.951285024208753
547,12.048,22.381999999999998
548,6.252,11.088
549,-6.674000000000001,-33.76976127541442
550,1.9258824766171845,4.862033655595371
551,7.959999999999999,7.0879999999999965
552,0.874252220404669,10.693051062400219
553,-2.345999999999999,-4.909932688809258
554,6.109999999999999,4.3762602065857115
555,-1.084087545607391,3.4940000000000024
556,8.661771331549238,15.566000000000003
557,8.447999999999999,-9.311966344404627
558,-7.980000000000001,-5.548000000000003
559,-0.6884547692055385,0.9524888750364753
560,-0.038000000000000256,5.11
561,-6.378,10.68026020658571
562,-0.4999999999999999,-8.735739793414288
563,-8.639209144185495,10.30025222040467
564,-4.276454769205538,-18.672000000000004
565,6.002000000000001,5.719051062400216
566,-1.9040000000000004,1.0559999999999978
567,-1.2000000000000004,0.23623872458557854
568,1.2219999999999989,-6.294000000000002
569,5.241912454392608,-13.297258904558856
570,0.025999999999999447,11.657999999999998
571,-3.1648468497014806,6.703999999999998
572,-1.4060000000000001,9.818252220404668
573,14.693999999999997,0.31238140778847595
574,9.685999999999998,-13.69127240037795
575,2.757999999999999,10.753999999999998
576,-15.392000000000001,26.53
577,3.9598824766171843,-14.430000000000001
578,1.3999999999999997,-3.626729326318668
579,-1.7407448920915285,8.549999999999999
580,-10.204,13.957999999999998
581,-4.821209144185495,-18.579046299623172
582,1.430000000000001,13.024000000000001
583,-5.7860000000000005,17.494
584,5.247999999999999,-6.164570048417501
585,-4.731999999999998,-0.5020000000000018
586,12.05,1.5519999999999998
587,6.092226100754774,-1.2772850242087506
588,0.884,-12.389251368613378
589,10.389999999999997,-24.307999999999996
590,11.90354523079446,-1.937747779595331
591,5.041153150298519,8.824
592,6.1258824766171855,22.921999999999997
593,6.05,-7.869966344404628
594,0.11999999999999993,-7.4399999999999995
595,-24.254867274298476,-8.473501068828709
596,-0.3257738992452254,1.1219999999999974
597,0.6720000000000003,7.752
598,2.0439999999999996,4.463999999999998
599,1.9339124543926087,19.479999999999997
600,5.5920000000000005,1.0980000000000003
601,-5.488000000000001,27.32
602,-7.097773899245224,-5.6929815467233365
603,5.949999999999999,-17.09494893759978
604,2.145882476617186,2.6620000000000013
605,15.626,-6.06787879879724
606,2.5099999999999993,-10.59
607,8.925018453276664,-19.79620784215864
608,7.185999999999998,12.583999999999998
609,3.3400000000000007,22.1
610,-6.946117523382815,-7.818948937599781
611,1.6010184532766647,4.782238724585579
612,-4.0440000000000005,7.538488875036475
613,-0.16199999999999976,7.618
614,-6.07298304343072,-0.4497612754144207
615,1.843999999999999,-0.21796634440462767
616,6.632,-5.959706137818916
617,3.9879999999999995,-11.810860345520572
618,-2.274000000000001,-18.36072932631867
619,-1.5677633453681934,22.409999999999997
620,8.206,-9.67094893759978
621,5.689545230794462,12.824000000000002
622,13.784,-3.472721340137624
623,3.908226100754775,-3.4100000000000024
624,-5.995763345368194,14.425999999999998
625,-6.6992091441854935,-1.369747779595332
626,3.2422366546318067,0.27800000000000014
627,0.5722261007547746,25.316260206585714
628,-6.166117523382814,-5.087878798797237
629,11.672,12.391999999999998
630,2.4579999999999993,18.564
631,-4.140000000000001,26.881999999999998
632,5.1000000000000005,11.694000000000003
633,-15.175999999999998,12.663999999999998
634,-3.2564547692055372,0.853999999999998
635,2.1639999999999997,3.329018453276663
636,-2.85,-3.8560000000000003
637,3.443999999999999,11.73
638,1.5532202713089134,-6.638981546723338
639,-2.679773899245226,8.043999999999999
640,4.534,14.355051062400218
641,-0.4440000000000005,-5.792000000000003
642,3.0080000000000013,-8.496696717195112
643,-1.9919999999999998,6.456260206585711
644,5.574,14.052260206585714
645,-7.468000000000001,-9.185032803804082
646,-0.28120914418549514,5.533999999999997
647,1.3855452307944622,21.294
648,0.9758824766171845,17.192
649,1.5187908558145042,-14.939511124963525
650,1.9800000000000015,15.392
651,-3.919773899245226,-8.67973979341429
652,3.191999999999999,0.3470510624002202
653,0.17799999999999905,3.1159999999999983
654,0.7579999999999998,19.817999999999998
655,-6.893773899245225,6.492260206585712
656,-2.4259999999999997,3.017051062400219
657,5.702,6.503172263602981
658,-2.787999999999999,2.037018453276662
659,-5.8740000000000006,6.798121201202763
660,-17.134,3.3820336555953716
661,4.737999999999999,1.0399999999999991
662,-1.4860000000000002,16.819999999999997
663,-0.43999999999999984,-14.213878798797236
664,-0.4490990701061506,-4.058000000000002
665,-0.4400875456073926,19.883999999999997
666,3.272,-11.824000000000003
667,-1.7024547692055378,-29.028
668,13.437999999999999,-0.6220000000000023
669,-0.5479999999999998,8.122000000000002
670,14.722,-1.0120000000000005
671,-0.07800000000000118,4.714488875036473
672,6.1899999999999995,12.47271497579125
673,3.4879999999999995,-19.90572761981905
674,-1.9537738992452247,16.240000000000002
675,9.309882476617183,-22.049163823005987
676,1.6300000000000012,-14.255706137818915
677,7.43210857737196,3.654
678,2.8332202713089147,10.222
679,9.51,11.175999999999997
680,0.08101845327666553,13.116
681,0.7707908558145059,1.1460000000000001
682,8.405999999999999,15.132
683,2.7558824766171846,15.87
684,-0.786000000000001,1.6050184532766636
685,0.29599999999999904,8.535999999999998
686,4.759018453276665,9.074
687,-12.886000000000001,-15.911878798797236
688,-0.5637633453681936,5.982252220404668
689,5.161999999999999,16.536
690,1.684,18.246
691,-19.862000000000002,-7.991511124963526
692,2.9199999999999995,-7.127966344404628
693,-2.945763345368193,-8.884371470484098
694,4.664,14.078
695,-2.574,-2.238000000000001
696,0.8079999999999995,10.516
697,3.755018453276665,-18.249878798797237
698,0.8558824766171853,17.637999999999998
699,6.019999999999999,9.504488875036474
700,7.153018453276664,19.16
701,-3.522202548800869,2.041999999999999
702,9.475018453276665,14.462252220404668
703,-3.18,-5.62350106882871
704,7.591018453276663,-7.959163823005989
705,11.331999999999999,9.39
706,4.754236654631806,7.667766038191468
707,3.312,-13.396
708,1.6752202713089126,20.65
709,-5.195209144185496,-6.01528502420875
710,1.361018453276665,-2.8899999999999992
711,3.2459999999999996,1.326
712,10.872,-7.71976127541442
713,6.367545230794462,8.826000000000002
714,-6.513773899245225,-5.52528502420875
715,5.064,7.605999999999997
716,13.491999999999999,11.808260206585711
717,-1.1521175233828154,-4.469845143201866
718,-2.944000000000001,-11.13396634440463
719,-5.723999999999999,15.933999999999997
720,-5.024000000000001,18.339999999999996
721,0.9630184532766648,4.239018453276662
722,-1.0899999999999994,18.245051062400215
723,-6.675209144185493,31.557999999999993
724,-5.016,-5.978000000000001
725,-5.364000000000002,24.565051062400222
726,-17.773763345368195,-5.109761275414423
727,9.456,-17.48387879879724
728,0.7780000000000001,7.797999999999999
729,8.51,28.031999999999993
730,-1.168087545607392,7.282252220404668
731,0.48301845327666476,5.267999999999999
732,-4.838000000000001,-0.6099999999999994
733,1.3730184532766647,7.92
734,-5.663999999999999,-0.48799999999999777
735,7.016,16.874
736,6.873882476617185,10.299999999999997
737,3.1072202713089134,7.772714975791251
738,5.853999999999999,2.9979999999999984
739,-5.346087545607391,-14.873747779595334
740,0.7539999999999996,-5.1269815467233375
741,9.796,21.881999999999998
742,-1.502,-11.579714123999961
743,-5.4995372446134185,20.962
744,-7.244117523382815,-19.099999999999998
745,11.157999999999998,3.2641212012027614
746,-0.7697738992452244,11.238488875036474
747,5.816,15.374
748,1.101457685187071,13.193999999999999
749,-2.8357477795953314,4.195733429067914
750,-4.44,10.458260206585711
751,14.719999999999999,-2.6660000000000013
752,2.0838824766171853,7.3682602065857115
753,-2.0420000000000007,-26.290947891127963
754,-1.9780000000000009,6.508
755,2.2359999999999998,19.47905106240022
756,10.273545230794461,8.301999999999998
757,-7.2639999999999985,-21.84054392876761
758,0.481999999999999,17.532
759,-14.095999999999998,17.778033655595372
760,2.1159999999999988,4.983999999999999
761,22.782,1.6882522204046686
762,-7.052000000000001,15.998
763,-0.8480875456073914,13.661999999999997
764,-5.548,12.772000000000002
765,-3.9468972520739007,-0.42573979341428936
766,1.7980000000000005,4.67271497579125
767,6.110119131248992,-11.47174777959533
768,9.484,-3.9789152820044102
769,1.443912454392608,17.27626020658571
770,1.017882476617185,-4.232000000000001
771,7.1899999999999995,0.2819999999999993
772,-11.319865302978148,-13.653251368613377
773,-9.620000000000001,-7.612
774,7.958,-10.428981546723335
775,2.798000000000001,-2.627250918377812
776,-4.974000000000001,12.708000000000002
777,-2.523234497896624,2.2779999999999974
778,5.739794931009793,5.1999999999999975
779,-11.438,10.508
780,-3.184,-16.11272134013762
781,-3.048000000000001,13.757051062400219
782,7.703999999999999,12.13612120120276
783,9.544,18.206
784,-5.077763345368194,-2.2559999999999993
785,9.107999999999999,19.30226020658571
786,-15.237209144185494,6.688
787,-12.237763345368194,7.946000000000001
788,-16.603999999999996,-4.950000000000001
789,-10.906,-2.054
790,-2.7920000000000007,-17.80453594258656
791,-1.8040000000000007,11.333018453276665
792,0.12999999999999973,14.075999999999999
793,3.257999999999999,14.033018453276663
794,-6.666000000000001,21.881999999999998
795,-3.878,18.902
796,1.9202261007547747,13.665999999999997
797,-1.1280000000000006,24.195999999999998
798,-0.9520000000000008,13.76
799,5.454,21.514
800,-0.8597477795953312,-16.397999999999996
801,5.886,1.3530184532766618
802,12.844,8.166
803,-4.324000000000001,-1.64
804,1.1620000000000001,13.182488875036475
805,1.5419999999999994,6.753999999999996
806,-3.182,5.681018453276664
807,5.448226100754775,19.259999999999998
808,-0.7200000000000003,-1.036000000000002
809,0.22200000000000042,11.304
810,3.5519999999999996,-8.20328502420875
811,-4.090000000000002,7.916252220404668
812,7.6259999999999994,-17.163999999999994
813,-0.5937633453681928,1.755999999999999
814,0.08623665463180626,-0.8189152820044086
815,9.043999999999999,0.7279999999999965
816,-1.9177633453681935,8.722
817,-5.172202548800869,-7.771250918377817
818,6.188236654631806,8.382000000000001
819,-1.528454769205538,-16.64098154672333
820,2.91,24.04
821,0.5559999999999995,7.146252220404667
822,0.9884405426178269,-8.543761275414424
823,5.318134697021853,-10.986
824,18.768,10.643999999999998
825,2.827999999999999,13.279999999999998
826,1.042000000000001,-3.2379999999999995
827,3.8221346970218533,-2.459932688809258
828,0.8119999999999997,0.07199999999999869
829,-1.6140000000000003,-26.19023396180853
830,5.326252220404668,10.991999999999999
831,4.061999999999999,12.010714975791249
832,-0.8780000000000008,11.727999999999998
833,-2.336000000000001,6.05
834,-4.248,0.18000000000000008
835,0.07999999999999936,0.2739999999999988
836,-3.336454769205538,12.289999999999996
837,-4.626867274298479,-14.065966344404629
838,-4.692454769205538,9.228
839,3.4690184532766657,0.44305106240021674
840,-0.4860000000000005,0.8604888750364765
841,3.1977713315492364,-1.6369489375997808
842,-0.5504547692055384,-9.48796634440463
843,-7.6897738992452265,-14.048000000000002
844,2.3419999999999996,26.144
845,0.14799999999999933,-1.993999999999999
846,0.9419999999999995,4.225999999999997
847,6.848900929893849,-8.435999999999998
848,2.098,6.504
849,7.578,9.288033655595372
850,1.7899999999999998,-6.233878798797238
851,5.469999999999999,7.0762602065857125
852,2.7319999999999998,-19.907999999999998
853,4.919882476617185,13.273999999999997
854,-5.357850890975586,0.7882602065857128
855,-1.5800000000000007,14.830000000000002
856,2.844,-9.598981546723337
857,6.036226100754774,24.926
858,11.51,21.401999999999997
859,-12.486,0.9659999999999996
860,-9.0,6.072488875036475
861,10.142,-2.484000000000001
862,-4.097773899245224,17.764
863,3.4919999999999995,28.464
864,4.3999999999999995,-2.105761275414423
865,-3.9940000000000007,-3.261739793414287
866,-11.318000000000001,-0.9529815467233377
867,9.083545230794462,-23.07328502420875
868,-4.812779728691088,3.8600000000000008
869,1.6850184532766643,-1.3680000000000012
870,10.139999999999999,29.688
871,1.0779999999999994,-8.846
872,9.2,-15.196543928767607
873,-4.019495559190662,8.022121201202765
874,-2.5620000000000003,-26.699963093446673
875,7.152790855814507,-1.2399999999999998
876,2.190900929893849,-3.699511124963525
877,6.862,5.641999999999998
878,1.5019999999999993,11.223999999999998
879,0.1400471514144627,4.784252220404669
880,3.7299999999999995,1.1371396544794259
881,7.4399999999999995,2.7660336555953706
882,-3.346,11.537999999999998
883,-15.040000000000001,-1.092000000000001
884,-3.155773899245225,19.52
885,-2.406218114573732,17.692
886,4.799999999999999,17.428
887,-1.8481175233828142,18.542
888,1.659882476617185,12.236
889,-2.1037633453681943,7.804033655595371
890,3.3782261007547745,-3.18128502420875
891,3.793999999999999,9.294
892,-1.0337738992452252,7.180975182376963
893,6.437018453276664,10.91
894,-9.869773899245226,0.8124888750364747
895,9.244236654631807,14.772714975791251
896,7.254,8.103999999999997
897,-4.146087545607392,-0.45294893759978033
898,0.821545230794462,17.178000000000004
899,-1.6419999999999995,-20.33174777959533
900,-7.1049815467233355,-12.612947891127966
901,4.845999999999999,-28.58614536972932
902,-1.0880000000000003,2.317999999999998
903,3.0020000000000002,25.606
904,4.2559999999999985,10.979999999999999
905,0.41591245439260865,11.755999999999998
906,-3.127747779595332,10.097999999999999
907,7.62,2.3899999999999992
908,0.5412445540314401,6.936260206585712
909,-3.896000000000001,-27.003723941999105
910,-2.932,26.907999999999998
911,2.2319999999999993,3.9999999999999987
912,5.403882476617185,13.395999999999997
913,3.437220271308913,7.616
914,1.6379999999999995,0.7650510624002201
915,-3.3920000000000003,1.5067149757912488
916,4.523882476617185,25.322
917,1.1870184532766648,11.815999999999999
918,-1.048,14.575999999999999
919,5.741999999999999,15.274033655595371
920,0.6142261007547745,-1.4009815467233353
921,5.147999999999999,13.838
922,-2.184744892091529,-23.156266570932086
923,-18.448,15.106
924,3.823882476617186,-11.114688731014068
925,8.789545230794463,-0.8979999999999976
926,6.95,-3.6660000000000013
927,1.321882476617185,19.062
928,6.534252220404667,-1.1899663444046276
929,-0.008000000000000718,4.037999999999999
930,10.414,-15.059999999999999
931,-3.1420000000000003,13.265999999999996
932,4.919999999999999,-11.124729326318667
933,2.3959999999999995,-1.0200000000000031
934,-24.791999999999998,15.049999999999997
935,-4.077850890975585,-9.99596634440463
936,-1.729763345368194,3.810121201202763
937,0.8702522204046688,16.715999999999998
938,-0.8847797286910868,-5.455747779595332
939,-5.292779728691086,16.642
940,6.494,11.068
941,7.213999999999999,7.285999999999999
942,4.9719999999999995,17.470000000000002
943,-12.186117523382814,-1.3452850242087535
944,9.712,2.270238724585579
945,2.079999999999999,16.05823872458558
946,1.746,-0.366
947,8.006252220404667,13.780000000000001
948,1.7942261007547748,-6.589251368613377
949,-7.234,7.827999999999998
950,-15.187763345368193,-7.515747779595332
951,3.0339999999999985,-1.4879999999999987
952,3.265545230794462,10.2
953,11.85154523079446,-8.707739793414287
954,-0.7759999999999992,7.63
955,4.87290092989385,8.312000000000001
956,4.563999999999999,3.6599999999999993
957,8.819018453276664,9.122121201202765
958,-3.772,17.128121201202763
959,2.643545230794463,11.174
960,1.393018453276665,-7.828
961,-3.420981546723334,7.932252220404666
962,5.813912454392607,-22.748
963,-5.806629860420321,32.524
964,0.9972202713089124,-5.938000000000002
965,8.750226100754777,19.869999999999997
966,-1.046,-15.177479586828577
967,2.165912454392609,4.144069515676884
968,0.3998824766171847,13.831999999999999
969,6.035545230794463,-3.829966344404629
970,-1.5740000000000005,-0.24774777959533195
971,15.997882476617184,3.9259999999999997
972,7.657999999999999,11.917999999999997
973,-6.034000000000001,5.801018453276663
974,5.621999999999999,8.999999999999996
975,11.615018453276665,5.630000000000002
976,2.0279999999999996,-4.370948937599785
977,-1.6920875456073925,23.12
978,2.786,-0.5696265783925683
979,-2.294981546723335,1.8102858760000402
980,-11.120454769205537,-7.67094893759978
981,0.7879999999999999,8.241172263602984
982,-3.900000000000001,-5.968948937599782
983,-19.00808754560739,3.6744888750364737
984,8.486,12.06826020658571
985,-1.0839999999999996,-11.231761275414422
986,8.15,-6.257966344404629
987,16.830790855814506,-31.952952734250164
988,-12.100000000000001,20.094
989,-4.880000000000001,-1.3237612754144223
990,5.786236654631807,-7.00572761981905
991,3.664,-1.202000000000001
992,2.562,-19.561511124963523
993,0.12301845327666464,-5.839878798797239
994,-5.1912091441854935,0.9930184532766624
995,-6.566,8.06705106240022
996,-1.3039999999999998,3.863999999999997
997,-2.982,-6.438
998,-1.7040000000000002,-0.6159999999999979
999,1.9120000000000004,12.149999999999997
1000,-0.901209144185494,8.697999999999999
1001,2.485018453276664,6.981311268985932
1002,11.575999999999999,2.269084717995591
1003,2.0134277074116467,26.113999999999997
1004,4.295912454392608,2.1359999999999992
1005,-4.738,-2.6818787987972383
1006,-6.101999999999999,2.8680000000000003
1007,-5.547773899245224,0.10400000000000205
1008,2.388000000000001,4.066000000000001
1009,2.748462755386582,-5.514948937599781
1010,10.618,6.67603365559537
1011,-2.2219999999999995,22.129999999999995
1012,-8.81328502420875,26.732
1013,12.652000000000001,1.1941212012027596
1014,9.002,1.2359999999999993
1015,9.933018453276663,2.2942602065857125
1016,-4.057521678840557,2.8990184532766627
1017,10.374790855814505,10.441999999999997
1018,1.175882476617185,9.745999999999999
1019,4.209999999999999,-10.989501068828709
1020,1.8899999999999992,6.08
1021,-11.432454769205538,-14.195389923760763
1022,-4.013835325202723,-7.801739793414288
1023,1.18,0.26799999999999785
1024,-3.382,8.84
1025,-0.7300000000000008,18.665999999999997
1026,9.394,-2.829999999999999
1027,-3.162000000000001,9.502
1028,0.42199999999999954,-2.227727619819049
1029,-0.316,7.384
1030,-1.2320000000000002,3.7860336555953737
1031,6.962119131248992,-10.987739793414287
1032,0.9139124543926084,2.1959999999999993
1033,4.771999999999999,-4.449285024208749
1034,-7.751999999999998,-5.227999999999999
1035,-7.048,18.779999999999998
1036,-2.116000000000001,-3.8697397934142885
1037,-0.4427797286910874,-34.7945700484175
1038,-6.124,-5.143999999999997
1039,5.111999999999999,-23.81164007421166
1040,-8.011747779595332,15.239999999999998
1041,-9.492,18.564
1042,-4.938,8.666260206585712
1043,-5.932087545607391,5.311999999999999
1044,3.353999999999999,1.9090184532766643
1045,-3.589999999999999,14.289999999999997
1046,12.16,-6.430266570932086
1047,-18.402000000000005,-13.35574777959533
1048,5.286,13.667999999999997
1049,-2.712,17.323999999999998
1050,-1.1969830434307196,-5.143747779595331
1051,-5.6640000000000015,-10.443163823005985
1052,-1.014,2.6579999999999986
1053,8.928,-11.162762493576903
1054,0.4859999999999992,1.448069515676884
1055,9.77,8.818
1056,-7.359999999999999,-23.709966344404627
1057,-5.779747779595331,-18.44576127541442
1058,1.266,-18.734
1059,-5.144,-8.869761275414422
1060,1.9430184532766652,-16.58328502420875
1061,-1.6901175233828147,23.356
1062,0.43180930909117105,6.367999999999999
1063,-0.20599999999999952,26.253999999999998
1064,2.8279999999999994,3.711999999999997
1065,-4.227773899245226,2.4259999999999997
1066,13.878,-3.874
1067,4.051882476617186,4.700260206585712
1068,-3.6260000000000012,12.326714975791251
1069,-5.296000000000001,4.574033655595371
1070,-7.436000000000002,-10.051739793414288
1071,7.672,-3.6815111249635235
1072,16.479999999999997,8.546000000000001
1073,13.780000000000001,-4.191999999999998
1074,-1.9420000000000002,7.302
1075,2.8519999999999994,-0.2704600625633063
1076,2.379882476617185,9.142
1077,-10.698,11.105999999999998
1078,-0.052002567695987524,-1.0366967171951145
1079,5.774790855814506,22.57
1080,-1.706087545607391,6.301999999999998
1081,6.077018453276664,-2.782000000000003
1082,-13.384981546723335,-1.9699999999999995
1083,-18.836000000000002,-5.754663061599741
1084,-2.3747797286910868,-6.442981546723336
1085,6.058,25.836000000000002
1086,-2.749747779595332,6.636121201202764
1087,2.9899999999999993,12.501999999999999
1088,-13.601999999999999,7.881018453276664
1089,10.044,3.052000000000002
1090,-0.3080000000000013,6.038610076239236
1091,11.933999999999997,-18.830729326318668
1092,-12.996,-26.199285024208745
1093,-3.5520875456073915,2.1760336555953708
1094,-4.045763345368194,-22.18976127541442
1095,4.195999999999998,-6.250000000000002
1096,4.305999999999999,-4.6919999999999975
1097,9.344,-11.793258904558858
1098,0.4492202713089132,1.4080000000000004
1099,-4.147773899245226,2.045999999999998
1100,2.6894277074116473,0.9840000000000003
1101,2.474,11.386
1102,7.141999999999999,4.07
1103,0.17025222040466978,7.551999999999997
1104,7.048236654631806,-12.382000000000001
1105,-5.7085275082864175,11.238000000000003
1106,9.898,14.672714975791248
1107,5.443999999999999,24.273999999999997
1108,2.1170184532766636,9.874488875036475
1109,-0.17000000000000037,-26.128948937599784
1110,5.7059999999999995,12.395999999999997
1111,-0.4060000000000006,-1.5457397934142905
1112,4.966,-6.585878798797237
1113,-8.567763345368194,-5.845495559190665
1114,1.75,3.5520000000000005
1115,3.5660000000000003,-5.57574777959533
1116,-6.168,-17.847878798797236
1117,9.281882476617184,5.043051062400219
1118,11.540000000000001,10.724
1119,-4.971747779595331,-5.608947891127964
1120,11.361999999999998,3.6624888750364777
1121,-3.915209144185495,-4.635999999999999
1122,-9.046,-6.0846081251159045
1123,-4.156000000000001,-18.04362657839257
1124,-3.2287797286910864,-5.189757597594474
1125,7.154252220404669,-7.257930484323117
1126,-10.416117523382814,12.860121201202764
1127,-0.2839999999999991,-21.98694893759978
1128,-5.518000000000001,3.913999999999999
1129,-1.5539999999999998,13.838
1130,1.3220000000000005,6.210033655595372
1131,8.461882476617184,20.609999999999996
1132,-5.710454769205539,0.546
1133,-5.006,9.64305106240022
1134,2.8739999999999997,8.084
1135,-1.1640875456073914,0.8010510624002173
1136,4.269545230794462,19.206
1137,1.509545230794462,-26.61184514320187
1138,4.192000000000001,-3.1219999999999977
1139,1.7557818854262686,12.036
1140,7.747999999999999,-7.3137612754144214
1141,14.187912454392608,13.040252220404668
1142,-3.928,-18.174081173381023
1143,4.767999999999999,1.8942602065857124
1144,1.498,-20.125761275414426
1145,10.432,11.560714975791251
1146,-7.169999999999999,-24.531747779595328
1147,8.144000000000002,16.894
1148,5.9719999999999995,-18.0554459312332
1149,-1.3000000000000003,-3.383966344404628
1150,9.346,-8.033761275414422
1151,20.676,-5.8100000000000005
1152,2.581882476617185,21.323999999999998
1153,-0.5415266907363862,-9.19272932631867
1154,7.539999999999999,15.04012120120276
1155,3.6159999999999997,10.459999999999997
1156,-6.269999999999999,2.1902522204046697
1157,0.015090461588924775,-9.64973979341429
1158,-3.147999999999999,1.3480336555953691
1159,4.481999999999999,17.644000000000002
1160,1.222236654631807,-5.11294893759978
1161,1.3539999999999992,7.611999999999999
1162,1.6502522204046683,-4.592688731014066
1163,17.086,16.139999999999997
1164,-3.0200000000000005,25.222
1165,7.877999999999998,-3.9200000000000017
1166,-15.860454769205537,-11.531747779595332
1167,-3.684,4.357999999999999
1168,11.937999999999999,1.4140336555953699
1169,0.2680000000000007,7.694000000000001
1170,-3.3407797286910865,8.332121201202764
1171,4.922226100754775,5.3231396544794265
1172,-19.315999999999995,-0.7040000000000006
1173,0.7239999999999999,-15.209509055009752
1174,-7.773999999999999,4.574260206585713
1175,-2.144572292588353,11.89803365559537
1176,0.7641491090244159,8.048121201202761
1177,2.8659999999999997,-26.189511124963524
1178,1.1919999999999988,3.8660000000000005
1179,-5.329234497896625,22.516
1180,2.532,-23.42820784215864
1181,9.024,-15.364
1182,-1.056,1.4150184532766636
1183,-11.558418288370987,-5.460981546723339
1184,0.08490092989384994,-9.400948937599782
1185,11.382,1.0859999999999979
1186,-7.090000000000001,2.106033655595372
1187,6.714473309263613,6.802000000000001
1188,0.9922261007547751,-1.955511124963526
1189,4.866,-7.560000000000002
1190,-0.21999999999999958,-25.189727619819045
1191,5.436790855814505,12.086714975791253
1192,-5.908779728691086,8.867018453276664
1193,3.0514812086632466,14.482
1194,0.8732202713089144,-7.211285024208749
1195,-0.146,-9.385739793414288
1196,7.135999999999998,3.1682522204046664
1197,9.45,18.23
1198,0.7960000000000006,-6.2822665709320855
1199,-1.3960000000000001,-5.698000000000001
1200,5.7219999999999995,2.847999999999999
1201,-0.07800000000000037,9.268
1202,-2.0297477795953314,9.471999999999998
1203,-5.667999999999999,14.211999999999998
1204,4.638236654631807,-1.77294893759978
1205,-0.7900000000000003,-1.0852850242087513
1206,0.48999999999999977,-4.859761275414422
1207,-25.446,0.6119999999999977
1208,7.011882476617184,5.058000000000002
1209,-6.4878614448526175,1.6140369065533293
1210,3.7199124543926083,3.2242522204046686
1211,4.328,20.97305106240022
1212,5.213545230794461,1.2712038508277246
1213,5.313545230794462,9.95403365559537
1214,-4.835663913391032,-11.08457551599235
1215,-0.8418508909755864,-20.221511124963524
1216,-2.26909907010615,-24.807272400377947
1217,-1.4239999999999995,-7.433761275414423
1218,-1.053209144185494,6.217999999999999
1219,5.703999999999999,26.110000000000003
1220,-2.8839999999999995,10.474
1221,4.1612202713089115,-6.868
1222,5.69,23.212
1223,-0.31000000000000016,-25.34233132383192
1224,0.32825222040466906,11.833051062400218
1225,3.552713678800501e-16,5.021999999999997
1226,3.2159999999999997,4.383999999999999
1227,6.040236654631807,25.071999999999996
1228,-1.536,12.008
1229,1.9001191312489918,-4.440879421922898
1230,2.949912454392608,-14.781999999999996
1231,-7.619747779595332,7.31
1232,6.4239999999999995,-0.0857612754144216
1233,-0.4480000000000004,12.179999999999998
1234,0.39,5.465999999999999
1235,11.402134697021854,17.556
1236,7.9799999999999995,1.299507328313139
1237,1.760226100754775,7.763999999999998
1238,-12.782,6.525999999999999
1239,3.7840000000000016,17.815999999999995
1240,2.156000000000001,3.6159999999999988
1241,10.706236654631807,11.744000000000002
1242,10.051999999999998,-9.259761275414423
1243,8.071018453276665,14.418000000000001
1244,2.258,5.847999999999997
1245,4.204,-11.386991162027666
1246,3.662236654631806,-12.913032803804082
1247,0.6322261007547745,18.170260206585713
1248,2.6960000000000006,10.434121201202762
1249,2.4318093090911708,2.671999999999998
1250,-0.8359999999999996,9.34403365559537
1251,6.869999999999999,9.408
1252,11.156226100754775,-7.361163823005986
1253,4.514000000000001,-10.574000000000002
1254,-18.04,6.29626020658571
1255,8.04,2.6841212012027618
1256,1.211018453276664,9.564154856798131
1257,-11.468,16.08
1258,7.004,24.152
1259,-7.493209144185494,16.644
1260,-2.670000000000001,16.736
1261,4.1530184532766645,-14.807761275414425
1262,-9.926,-10.009999999999996
1263,8.079545230794462,-6.8758787987972365
1264,7.612,-2.525930484323118
1265,11.516,3.2379999999999995
1266,0.9175452307944617,18.808
1267,11.597999999999999,19.892
1268,3.939999999999999,7.595999999999999
1269,-13.982779728691089,5.129051062400219
1270,-14.757495559190664,3.2892786598623758
1271,7.596000000000001,9.94
1272,-4.984087545607392,5.538121201202761
1273,6.824790855814506,-7.649258904558858
1274,7.056236654631808,3.311018453276664
1275,-0.30521659348896507,-3.1717477795953313
1276,5.296252220404668,3.945999999999998
1277,-7.191099070106151,9.838000000000001
1278,5.595999999999999,-8.494
1279,-2.873209144185494,-11.987878798797237
1280,0.7178824766171846,-6.141511124963525
1281,-16.098000000000003,21.732
1282,5.010000000000001,-7.934981546723333
1283,1.253664362043454,4.119999999999999
1284,0.841018453276664,-2.5399326888092557
1285,8.638226100754775,11.477999999999998
1286,7.879882476617183,-0.060000000000002274
1287,-5.962779728691086,0.24612120120276088
1288,-8.908000000000003,6.368
1289,-12.228867274298477,-7.656000000000001
1290,-16.491999999999997,-4.892000000000001
1291,12.016,-11.952
1292,6.477999999999999,-2.028981546723338
1293,9.62,3.5080000000000013
1294,5.381018453276665,-10.519999999999998
1295,0.9499999999999993,13.38
1296,8.745999999999999,14.751999999999999
1297,2.618,16.023999999999994
1298,7.284000000000001,-4.978000000000002
1299,2.9578824766171845,-17.545268722558
1300,9.101999999999999,-23.029238744782578
1301,4.666134697021854,-1.7077612754144211
1302,1.0979999999999994,15.122000000000003
1303,1.0659999999999992,24.796
1304,8.459999999999999,4.372252220404668
1305,-3.0605423148129294,-4.472000000000001
1306,-1.102454769205538,-11.855739793414289
1307,-0.3939999999999998,9.217999999999998
1308,0.19122027130891314,17.754
1309,6.150462755386583,-0.5900000000000002
1310,-1.952,12.937999999999999
1311,-3.5385423148129305,7.795999999999999
1312,0.2727908558145053,-8.299966344404627
1313,-14.884867274298475,2.905999999999998
1314,2.316,12.32
1315,-2.5520000000000005,26.786
1316,1.4779999999999993,14.90612120120276
1317,2.6159124543926096,-11.103999999999997
1318,3.1830184532766643,-3.235747779595333
1319,7.312,-0.026000000000001224
1320,9.718,7.547051062400217
1321,1.987999999999999,4.311051062400217
1322,1.9720000000000006,-4.124000000000002
1323,6.236000000000001,22.07
1324,-18.895773899245224,-10.949618592211525
1325,-14.919747779595331,30.018
1326,-0.5780875456073915,3.5244888750364773
1327,4.047999999999999,13.296000000000001
1328,-1.4732091441854942,-13.694947891127963
1329,6.663999999999999,5.466260206585713
1330,-9.251999999999999,-6.039511124963525
1331,-5.710000000000001,3.5062602065857105
1332,10.828,12.270033655595372
1333,0.6350184532766647,15.710260206585712
1334,-0.666,-10.391776673996798
1335,-4.8820000000000014,6.4799999999999995
1336,-5.237773899245225,2.319999999999998
1337,-11.24,9.133999999999997
1338,12.097882476617183,11.39271497579125
1339,6.890000000000001,2.886252220404667
1340,-0.6007797286910865,14.75403365559537
1341,-2.722,2.2202522204046673
1342,-3.106454769205538,-11.74472932631867
1343,-3.838,-15.93894893759978
1344,-0.5505430740592807,10.209999999999997
1345,2.7359999999999993,-15.742915282004407
1346,0.27399999999999997,24.933999999999997
1347,7.773999999999999,3.725999999999999
1348,3.7640000000000002,-8.250000000000004
1349,-0.9058914226280403,6.389999999999999
1350,3.7640000000000002,1.7900000000000003
1351,4.4780000000000015,16.568260206585713
1352,-9.076,-10.79596634440463
1353,-2.4240000000000004,-11.606688731014069
1354,4.6339999999999995,15.7
1355,-11.39454307405928,0.028252220404667128
1356,4.784226100754775,8.892000000000001
1357,0.5179999999999991,0.31425222040466816
1358,7.229545230794462,-4.360000000000001
1359,-1.2599999999999998,-5.84294893759978
1360,-3.1157738992452257,25.584260206585707
1361,8.913999999999998,-19.389645654794897
1362,-11.636000000000001,-26.089761275414418
1363,2.6018824766171837,3.8699999999999983
1364,-3.596000000000001,-10.270000000000001
1365,0.6381085773719594,-15.52976127541442
1366,6.949999999999998,4.120260206585713
1367,5.154,-8.35528502420875
1368,-12.368117523382816,-14.978948937599782
1369,-4.214000000000001,12.783999999999999
1370,-6.292000000000002,25.907999999999998
1371,7.202,0.22000000000000003
1372,5.9239999999999995,12.608
1373,-2.9561175233828156,1.447999999999999
1374,-9.578,-6.996000000000002
1375,2.002,23.476
1376,-8.587209144185495,-9.962
1377,-15.500867274298477,-4.2337477795953316
1378,2.9459999999999997,10.749999999999996
1379,0.4019999999999989,-17.815739793414288
1380,7.4,11.972121201202762
1381,8.582,3.712714975791249
1382,-1.8797633453681943,-0.8860000000000021
1383,-18.85,-7.825999999999996
1384,1.867912454392608,-9.375897875199561
1385,11.344,5.638121201202762
1386,-3.068,4.636
1387,1.7919124543926075,5.435999999999998
1388,-0.6605430740592801,0.9371396544794258
1389,4.9639999999999995,0.7119999999999983
1390,4.961999999999999,-2.966860345520573
1391,-6.870755445968561,5.160488875036475
1392,3.206790855814505,10.091051062400217
1393,8.208000000000002,-11.364000000000003
1394,-0.2899999999999993,2.243999999999997
1395,6.758,-6.677163823005989
1396,2.6080000000000005,28.139999999999997
1397,1.5299999999999983,-13.784981546723335
1398,4.81,10.498260206585712
1399,-5.192,-13.288
1400,-7.468000000000001,-10.186981546723333
1401,4.031999999999999,0.5339999999999975
1402,8.879999999999999,-7.610696717195116
1403,7.340000000000001,24.541999999999998
1404,-6.208454769205538,-6.807706137818917
1405,4.026,-4.756000000000002
1406,-18.322087545607392,-12.19728502420875
1407,-4.829773899245227,12.553018453276664
1408,-7.906779728691086,8.604033655595375
1409,9.479999999999999,16.898
1410,-6.1937477795953315,17.85
1411,-6.442000000000002,7.7379999999999995
1412,10.931999999999999,-0.21698154672333878
1413,-11.988,-4.20376127541442
1414,-14.750000000000004,12.852260206585711
1415,2.754,-8.599761275414423
1416,0.7932202713089133,11.34905106240022
1417,-11.326,-18.057522550828843
1418,2.0379999999999994,-0.6378787987972381
1419,21.189999999999998,8.956
1420,-11.898,-21.15328502420875
1421,-6.037999999999999,-10.248000000000001
1422,10.11,4.000121201202761
1423,7.262252220404669,10.994
1424,-3.5200000000000005,-11.774
1425,5.640000000000001,10.406252220404667
1426,9.25,-5.643511124963525
1427,6.095999999999998,8.602
1428,3.446,-1.5929815467233381
1429,6.55,12.447999999999999
1430,4.938000000000001,9.220033655595373
1431,-9.783999999999999,10.686121201202763
1432,-1.044454769205538,-7.8337397934142885
1433,4.730226100754775,-17.74976127541442
1434,8.981882476617184,-12.047999999999998
1435,5.672000000000001,27.560000000000002
1436,-8.01,3.8959999999999995
1437,1.94,-9.368948937599782
1438,3.4859999999999998,-28.92174777959533
1439,-3.7320000000000007,-8.53776127541442
1440,-6.791999999999999,-17.846000000000004
1441,2.8559124543926075,-4.770000000000001
1442,-0.34199999999999947,15.433999999999997
1443,2.415999999999999,7.454000000000001
1444,2.838,3.017018453276665
1445,-4.347763345368193,11.501999999999999
1446,-6.983999999999997,4.923999999999997
1447,-0.3837633453681931,9.03403365559537
1448,10.716790855814505,-8.478000000000002
1449,13.979999999999999,1.5927149757912502
1450,-1.2580000000000005,17.409999999999997
1451,-3.8409815467233357,-17.504
1452,1.944164674797277,-10.341272400377946
1453,9.578,-17.410710213014205
1454,7.761018453276665,10.853018453276665
1455,-4.940779728691086,6.186714975791252
1456,-6.267761275414421,-11.621285024208749
1457,-1.952,4.805999999999999
1458,0.2539999999999999,-19.379739793414288
1459,2.8242261007547746,3.7544888750364755
1460,8.838,-22.167032803804084
1461,-0.31800000000000067,-4.11128502420875
1462,-0.3232091441854944,4.619051062400218
1463,-9.284,27.97
1464,4.256149109024415,15.171999999999997
1465,0.946,4.198285876000038
1466,-5.006454769205538,-2.404948937599782
1467,8.234,5.889999999999996
1468,11.615999999999998,-14.729584936616153
1469,-0.7120806168294859,3.2981212012027625
1470,0.502,-1.382000000000001
1471,-8.978981546723336,11.687999999999999
1472,13.903018453276664,-8.541747779595331
1473,9.724,-9.351999999999999
1474,5.950000000000001,6.546000000000001
1475,2.4738824766171854,24.703999999999997
1476,-0.7609815467233346,12.778000000000002
1477,-10.61608754560739,-1.3049489375997834
1478,-1.9800000000000004,19.97
1479,8.801018453276665,20.577999999999996
1480,-9.193999999999999,13.482
1481,21.121999999999996,25.952000000000005
1482,-6.994779728691087,0.3524888750364738
1483,1.6020000000000003,6.8
1484,-2.3980875456073916,-17.16172761981905
1485,-1.8140000000000007,21.916000000000004
1486,-12.027999999999999,14.026
1487,-4.11,3.7779999999999987
1488,-2.791069092330727,20.108
1489,2.1219999999999994,-14.991761275414419
1490,15.073999999999998,5.9079999999999995
1491,-9.08808754560739,-15.24
1492,-1.2859999999999991,1.0704888750364745
1493,-2.932000000000001,1.1759999999999977
1494,0.7152202713089135,-13.276000000000002
1495,6.0539999999999985,2.0042602065857125
1496,5.032000000000001,-2.7660000000000022
1497,-5.325773899245225,7.125999999999998
1498,-0.6260000000000009,10.751999999999999
1499,1.6342261007547745,7.801999999999998
1500,-1.2480000000000013,12.478121201202764
1501,5.292252220404669,8.400488875036475
1502,4.274,-6.667761275414421
1503,8.42,7.508
1504,-1.2779999999999994,-7.671761275414424
1505,0.625912454392607,-7.5532850242087495
1506,0.5782366546318057,6.011999999999999
1507,-2.9977738992452254,9.56826020658571
1508,2.833220271308914,-4.274981546723337
1509,-5.418,-13.12587879879724
1510,-1.6492091441854946,12.350714975791249
1511,-1.284,-9.522000000000002
1512,5.2139124543926085,3.2184888750364733
1513,-2.3640875456073918,12.291051062400218
1514,5.027018453276665,6.1819999999999995
1515,5.551999999999998,10.790000000000001
1516,1.7959999999999998,-13.143999999999997
1517,4.7299999999999995,-1.041932688809257
1518,11.344149109024416,-8.12894893759978
1519,1.5519999999999996,-6.516981546723338
1520,-2.032972489553688,6.914714975791249
1521,7.475999999999999,3.6404888750364757
1522,1.1172202713089134,2.554
1523,7.36958171162901,3.595999999999999
1524,7.01,-15.753878798797235
1525,4.71,-7.482000000000002
1526,-3.384454769205539,16.764
1527,7.781999999999998,7.894252220404669
1528,7.403999999999999,23.116
1529,-3.6029815467233357,-15.105250918377811
1530,2.936000000000001,7.453018453276664
1531,5.178000000000001,26.244
1532,-8.333234497896623,17.512033655595367
1533,-2.427763345368193,29.46999999999999
1534,-3.7640000000000002,-1.5098787987972373
1535,0.7379999999999995,11.462
1536,9.776,-8.905618592211525
1537,6.377999999999999,1.9307149757912498
1538,1.9819999999999993,19.3
1539,2.7546733324316905,-5.521618592211524
1540,5.462000000000001,-16.764
1541,0.6442261007547735,1.395999999999998
1542,-1.592000000000001,10.172
1543,0.40791245439260865,24.698
1544,7.441999999999998,10.66203365559537
1545,1.8378824766171848,27.436
1546,-2.410000000000001,14.253999999999996
1547,-0.8040000000000003,5.777999999999996
1548,3.6387908558145043,3.1764888750364753
1549,5.453018453276664,-17.748
1550,-5.128755445968561,-4.209761275414421
1551,-2.002,2.435999999999999
1552,-2.0780000000000003,-9.793739793414286
1553,5.764790855814506,-19.107878798797238
1554,8.001999999999999,-1.2300000000000022
1555,5.539999999999999,17.96071497579125
1556,-0.05898154672333469,2.5311722636029814
1557,1.1739999999999995,-13.979973755222815
1558,-0.9959999999999998,11.363999999999999
1559,-1.0512344978966248,20.904000000000003
1560,4.497545230794462,17.66603365559537
1561,3.653999999999999,9.068
1562,-2.67,-2.3374795868285765
1563,7.965999999999998,9.15
1564,-3.8660875456073915,7.335018453276663
1565,5.627545230794462,1.1982387245855761
1566,10.302236654631809,15.841999999999995
1567,8.265882476617183,5.6919999999999975
1568,-2.187209144185495,-32.827761275414424
1569,-0.8200000000000005,14.3
1570,1.8279999999999994,9.6
1571,0.7302366546318064,-5.092266570932085
1572,-7.064779728691086,5.674252220404669
1573,-3.1859999999999995,8.820260206585711
1574,2.8739999999999997,-13.892
1575,6.589018453276665,15.376
1576,-2.4881175233828166,16.336000000000002
1577,-2.3827797286910863,-5.105739793414288
1578,7.964,10.884121201202763
1579,-1.8117627721218057,6.312238724585578
1580,11.19,11.916
1581,-16.666,10.063999999999998
1582,-3.674000000000001,7.170714975791249
1583,12.914000000000001,6.878252220404667
1584,-0.6644547692055376,11.996238724585577
1585,2.487912454392608,-2.0180000000000007
1586,0.41400000000000003,8.629051062400219
1587,3.781999999999999,10.142
1588,1.317999999999999,-26.48290361642027
1589,-1.0922286684507625,-7.06373979341429
1590,10.031018453276666,-9.549511124963526
1591,-6.894,-7.587477469368155
1592,11.169999999999998,-12.391285024208752
1593,5.847912454392608,21.36448887503648
1594,1.9958824766171852,4.024238724585577
1595,5.732,-8.382000000000001
1596,4.879882476617185,-1.3720000000000028
1597,-17.992,17.354
1598,5.768,9.72623872458558
1599,10.839999999999998,-2.251739793414289
1600,-6.199763345368192,-6.316
1601,-2.4860000000000007,10.505051062400218
1602,8.574,-3.4897477795953327
1603,2.466,10.02
1604,3.599999999999999,-6.233509055009752
1605,-3.302454769205538,7.946
1606,13.366,-1.0698787987972367
1607,1.6919999999999995,12.102
1608,-3.4220000000000015,-4.4709489375997835
1609,-1.7619999999999998,2.893051062400217
1610,4.243999999999999,2.390033655595372
1611,-0.9039999999999985,9.777999999999997
1612,5.465999999999999,-12.633845143201867
1613,8.681999999999999,-4.028948937599781
1614,2.5990184532766643,-13.686710213014203
1615,1.4659999999999997,-4.813966344404628
1616,6.444,-9.566000000000003
1617,4.09,21.946
1618,2.6759999999999997,1.8017660381914702
1619,9.93,2.4490184532766635
1620,-15.488,3.203051062400219
1621,-0.6179999999999992,17.377999999999997
1622,6.215999999999999,3.7062858760000394
1623,-2.4768672742984776,5.983999999999999
1624,5.264,1.0739999999999994
1625,10.879220271308913,1.3679999999999963
1626,5.006226100754774,10.664238724585577
1627,2.598,12.667018453276663
1628,1.652,9.370000000000001
1629,1.6578824766171834,24.919999999999998
1630,0.1400000000000002,27.466
1631,5.3747908558145046,19.057999999999996
1632,-1.8484547692055375,7.634252220404667
1633,12.540000000000001,9.089999999999998
1634,16.044,-15.264000000000005
1635,-3.184,-16.81128502420875
1636,5.396236654631807,13.734
1637,-1.4585423148129295,-3.8197612754144217
1638,7.597999999999999,11.904
1639,-0.6320000000000021,17.648
1640,14.673882476617184,-5.322000000000003
1641,3.5381191312489917,5.831999999999999
1642,14.363999999999999,-25.189761275414423
1643,-9.584981546723336,-18.98602784634651
1644,-5.9837477795953316,-1.4528277363970183
1645,-1.5740000000000014,15.238
1646,8.876236654631807,16.025999999999996
1647,8.534,-4.167640074211657
1648,-3.1199999999999997,24.206
1649,0.06799999999999926,21.504
1650,-6.312454769205538,14.87
1651,2.7160000000000006,-16.977285024208747
1652,9.118,10.51905106240022
1653,8.783882476617183,20.382
1654,1.7239999999999995,13.132
1655,-6.474316973304505,12.216260206585712
1656,-7.828454769205538,3.947999999999999
1657,2.0658824766171846,4.38451242699038
1658,-1.2040000000000002,18.502
1659,8.846790855814506,5.6119999999999965
1660,3.0462366546318065,-17.233739793414284
1661,4.89,9.572
1662,-13.453209144185493,-18.315250918377806
1663,5.635999999999998,20.99
1664,-5.516000000000001,10.913999999999998
1665,3.4355452307944616,-1.6398787987972383
1666,6.896000000000003,3.26271497579125
1667,3.9659999999999997,0.9339999999999975
1668,-5.448,10.936
1669,-0.3700000000000003,-3.2400000000000033
1670,3.020226100754774,16.374000000000002
1671,-0.9499999999999986,-6.889999999999998
1672,4.406000000000001,-7.275285024208751
1673,-10.932454769205536,-27.21703280380408
1674,-3.8760000000000003,4.889051062400219
1675,11.02,19.978
1676,-5.05,-8.621747779595328
1677,1.7519999999999993,2.0639999999999974
1678,1.9979999999999993,19.534
1679,-1.7540000000000007,-29.62327240037795
1680,4.6850184532766646,6.6279999999999974
1681,8.84,0.942000000000002
1682,0.32225222040466867,13.091999999999999
1683,-2.218981546723335,2.2662602065857116
1684,-3.8680000000000008,-2.9060000000000015
1685,3.933999999999999,-28.372543928767605
1686,13.994,-0.6860000000000006
1687,9.312000000000001,-3.4458787987972377
1688,-6.388,11.270488875036474
1689,-8.836087545607393,-6.0840000000000005
1690,-0.39400000000000013,4.55
1691,-6.630779728691086,4.155999999999998
1692,10.655999999999999,23.896
1693,3.6879999999999997,5.362
1694,-5.358,5.320373421607432
1695,4.126000000000001,-11.304981546723335
1696,10.346,-25.83360641861629
1697,4.898,-16.8005700484175
1698,-2.1360000000000015,-4.35668873101407
1699,-6.884,-3.173747779595331
1700,-6.155209144185494,9.307999999999998
1701,-2.1420000000000003,-1.4972850242087503
1702,-7.011773899245226,-4.428860345520572
1703,-4.4159999999999995,21.261999999999997
1704,3.073999999999999,20.03
1705,-0.2980000000000004,-0.3659999999999993
1706,-17.084779728691082,-11.147878798797233
1707,-3.4400000000000004,10.684000000000001
1708,-0.6617612754144215,6.498033655595371
1709,-6.458,-1.9440000000000004
1710,2.9539999999999997,17.752
1711,3.005999999999999,15.825999999999999
1712,1.8382261007547747,1.593999999999998
1713,-0.9080000000000013,20.36
1714,-6.718527508286416,-28.93904629962317
1715,8.142,0.32142995158249904
1716,-2.070956923780825,15.213999999999999
1717,12.146226100754774,13.96105106240022
1718,2.122,11.12
1719,1.6087908558145059,-15.181966344404628
1720,15.877999999999997,-4.826721340137622
1721,-4.86774777959533,12.903051062400218
1722,-1.1,29.862000000000002
1723,-3.6099999999999994,-10.05750106882871
1724,-5.172454769205538,3.03
1725,-7.592000000000001,-10.171747779595334
1726,3.597220271308913,17.710488875036468
1727,-2.0727797286910876,19.142000000000003
1728,-4.103999999999999,-9.181032803804081
1729,9.106,3.19871497579125
1730,2.6959999999999997,2.7662602065857116
1731,9.440000000000001,-26.447046299623175
1732,-1.4860000000000002,-1.8760000000000006
1733,-4.174779728691087,10.064
1734,1.6755452307944623,23.812
1735,3.633545230794462,8.618036906553328
1736,2.3698824766171844,10.197999999999999
1737,1.8240000000000003,5.547999999999999
1738,8.685999999999998,-2.774981546723338
1739,-4.530779728691087,-14.988
1740,7.086,2.2847149757912497
1741,-11.112,18.701999999999998
1742,2.2539999999999996,15.878033655595374
1743,8.565999999999999,4.599999999999998
1744,4.036790855814505,2.0080000000000013
1745,1.4260000000000006,1.7360336555953721
1746,-2.768981546723335,7.329999999999998
1747,-8.656,11.338033655595371
1748,-0.3080000000000004,7.8759999999999994
1749,3.4899999999999984,-7.867747779595331
1750,-5.456000000000001,7.838000000000003
1751,1.0959999999999996,-4.943761275414421
1752,-4.319999999999999,6.6
1753,3.1460000000000004,10.116
1754,-1.6827797286910857,9.828488875036474
1755,-1.904,-25.596796149172274
1756,8.410226100754773,7.769999999999999
1757,1.9499999999999986,12.026
1758,-2.32,-2.831878798797237
1759,6.209912454392608,4.811999999999999
1760,-0.25000000000000033,-6.275999999999999
1761,-6.225747779595332,1.482
1762,0.11799999999999997,11.893999999999998
1763,1.7795452307944621,12.106102124800437
1764,-6.816000000000001,13.032
1765,7.574,-4.677761275414424
1766,2.1020000000000003,7.970252220404667
1767,4.5760000000000005,-20.862
1768,-14.250335637956544,-0.5280000000000019
1769,-1.2679999999999993,23.892000000000003
1770,-4.544779728691087,4.230000000000002
1771,-1.2599999999999996,13.729999999999999
1772,0.6502366546318067,2.460033655595372
1773,5.011999999999999,18.706252220404668
1774,-2.5189815467233343,-9.366000000000003
1775,-15.203209144185493,20.956
1776,-6.008,19.567999999999998
1777,0.4599999999999998,-12.790981546723339
1778,11.311999999999998,19.34
1779,-2.2960000000000007,18.374000000000002
1780,4.256,15.351999999999999
1781,-1.344454769205538,1.830121201202762
1782,-1.7879999999999991,1.6120000000000005
1783,-2.7684547692055377,-4.38528502420875
1784,8.244,6.574
1785,6.843999999999999,0.08200000000000003
1786,-2.7939999999999996,-13.151761275414424
1787,8.475999999999999,21.8
1788,1.5599999999999996,23.794
1789,-0.6460000000000008,25.046
1790,3.866000000000001,25.483999999999998
1791,-0.6329815467233348,-10.841761275414424
1792,-10.522000000000002,-9.684000000000001
1793,4.674790855814505,-23.644
1794,-15.180000000000001,0.7790510624002183
1795,6.856,0.30399999999999777
1796,-3.3,-12.86787879879724
1797,-2.910000000000001,-0.7251638230059868
1798,0.17301845327666357,4.003999999999998
1799,-7.324,2.7110510624002186
1800,-1.283209144185494,-10.129739793414291
1801,1.8799999999999997,7.314
1802,0.5140000000000015,12.616
1803,1.611771331549237,2.957999999999997
1804,-0.7099999999999994,-1.735999999999997
1805,10.702,-8.75702224992705
1806,11.697999999999997,0.12799999999999961
1807,7.201018453276665,10.37
1808,3.5760000000000005,8.108
1809,0.4552202713089134,-0.4080000000000011
1810,13.256790855814506,12.193999999999999
1811,-17.234,-3.1940000000000004
1812,-7.4780000000000015,14.962
1813,1.893999999999999,-9.893747779595333
1814,-9.068000000000001,19.427999999999997
1815,-6.152779728691087,-24.756710213014205
1816,-5.478000000000001,-2.5037612754144223
1817,-0.7780875456073921,-13.315930484323115
1818,3.8699999999999997,2.9979999999999984
1819,8.626790855814503,-0.1949489375997807
1820,-7.0680000000000005,2.027203850827726
1821,3.8619999999999997,17.432260206585713
1822,6.411999999999999,-22.561739793414283
1823,-0.7340000000000005,6.333999999999999
1824,8.309999999999999,12.866260206585713
1825,4.362252220404668,-9.729511124963526
1826,-2.018000000000001,21.571999999999996
1827,8.355018453276665,-14.367046299623173
1828,-0.29698154672333565,10.62203365559537
1829,-5.362,-6.39494893759978
1830,8.01,5.655999999999997
1831,2.396000000000001,11.966
1832,-9.404,-2.89773979341429
1833,4.9239999999999995,-2.550947891127966
1834,4.541018453276665,-15.233626578392569
1835,4.261999999999999,-15.97774777959533
1836,-3.2829815467233354,10.940714975791252
1837,-6.754087545607392,1.0750184532766631
1838,0.9639999999999993,-11.421163823005987
1839,1.3480000000000003,-14.301747779595331
1840,2.868,7.216000000000003
1841,1.3647908558145057,28.830000000000002
1842,-5.593999999999999,-6.41196634440463
1843,2.0770184532766653,-9.84528502420875
1844,-7.224000000000001,6.218488875036476
1845,6.655999999999999,17.445999999999998
1846,-3.9997477795953316,2.0240695156768824
1847,-6.2780000000000005,-1.3755111249635277
1848,1.2275452307944619,-12.677878798797234
1849,-10.16774777959533,-14.323999999999998
1850,8.133999999999999,11.587999999999997
1851,2.023220271308914,10.020000000000001
1852,6.56,4.6090510624002174
1853,7.032226100754775,7.463999999999999
1854,4.003220271308913,-21.815285024208755
1855,-3.111861444852616,4.015999999999997
1856,11.576236654631806,13.097999999999995
1857,-13.046000000000001,-0.013966344404630604
1858,1.9059999999999995,29.972
1859,-1.8025722925883527,10.585999999999995
1860,8.307999999999998,22.958
1861,16.996,7.869999999999999
1862,1.562,14.033051062400219
1863,2.157999999999999,-8.457761275414423
1864,-5.998,-10.689285024208749
1865,3.569545230794462,1.1327410954411434
1866,2.0922261007547744,0.26705106240021903
1867,4.09,-6.429999999999998
1868,-0.001999999999999602,0.7059999999999981
1869,-5.104,-4.500915282004409
1870,-4.766572292588352,-2.093747779595331
1871,-0.1249815467233347,12.984714975791253
1872,-4.435495559190662,13.445018453276663
1873,-0.588000000000001,-6.129878798797238
1874,-1.1919999999999997,8.986000000000002
1875,2.948000000000001,6.626260206585711
1876,9.478,-31.46336637180686
1877,6.400336086608968,19.357018453276662
1878,-0.18189142262804,-6.5529152820044105
1879,16.658236654631803,8.028
1880,-3.326117523382815,-4.377477469368155
1881,4.892,3.7681212012027614
1882,8.440000000000001,-3.9352850242087527
1883,-1.8697633453681939,10.475018453276663
1884,9.629999999999999,8.625999999999998
1885,-8.67,2.9679999999999995
1886,-7.428,7.642373421607433
1887,10.529999999999998,-2.163966344404629
1888,8.550790855814506,14.229999999999999
1889,3.317999999999999,19.303999999999995
1890,-2.0442050689902067,7.726238724585578
1891,-9.374,-17.087757597594475
1892,4.322000000000001,-0.06999999999999887
1893,-1.1777738992452256,5.571999999999997
1894,6.709999999999999,17.56
1895,14.317999999999998,-19.642944640170008
1896,7.012252220404667,-8.151747779595334
1897,-3.9819999999999993,-8.308000000000002
1898,-6.845209144185493,8.69
1899,1.127545230794463,-0.09000000000000127
1900,-2.1,-10.081999999999999
1901,-2.246000000000001,10.697999999999999
1902,7.241999999999999,-1.110981546723339
1903,7.8162366546318065,12.394
1904,2.364,18.828488875036477
1905,-3.868087545607392,-2.6349489375997828
1906,-3.1480000000000006,15.967999999999998
1907,3.608226100754775,15.204714975791251
1908,-2.360779728691086,-11.364
1909,-17.532,1.341999999999998
1910,-10.596779728691086,4.997999999999999
1911,-4.626,-13.607024817623037
1912,3.3379999999999996,-5.163761275414423
1913,6.644,17.176
1914,-2.1100000000000003,-4.3
1915,-3.8020000000000005,0.9420000000000016
1916,1.5341385551473845,20.241999999999997
1917,10.169999999999998,5.491999999999999
1918,5.079220271308914,3.8522602065857114
1919,2.1531027479260985,11.117999999999999
1920,3.916236654631807,13.876714975791248
1921,4.196,16.114121201202764
1922,-3.827747779595332,2.1942522204046666
1923,11.716790855814505,-9.340710213014205
1924,-6.249069092330727,14.756
1925,-0.8740000000000009,1.9682522204046662
1926,5.985999999999999,18.721999999999998
1927,5.166236654631806,4.062
1928,-1.6980000000000017,14.648000000000001
1929,-1.185747779595331,7.189999999999998
1930,-4.807773899245225,-2.425250918377813
1931,1.424,11.068238724585578
1932,2.2919999999999994,3.7267149757912508
1933,3.478,-1.921511124963527
1934,3.779999999999999,12.133052108872036
1935,7.470000000000001,-14.732
1936,0.25399999999999956,10.904033655595372
1937,4.406236654631806,-10.624981546723335
1938,9.986,-1.3100000000000005
1939,-7.797999999999997,9.632000000000001
1940,1.2764783211594437,18.63
1941,-5.972867274298478,-5.5239999999999965
1942,4.389999999999999,11.276260206585713
1943,3.6760000000000006,3.890121201202762
1944,1.2879999999999998,8.955051062400218
1945,-24.740000000000002,-2.90094893759978
1946,1.636,-1.7619999999999982
1947,-0.016000000000000368,-8.324796149172272
1948,1.270790855814504,19.558
1949,6.596236654631807,19.099999999999998
1950,-24.46,4.019018453276663
1951,1.4459999999999986,9.346
1952,-13.179999999999998,5.981999999999999
1953,-0.34999999999999964,-3.6719999999999997
1954,8.056000000000001,-7.570981546723337
1955,-1.6960000000000004,31.874000000000002
1956,1.1979999999999995,-18.822000000000003
1957,-2.7640000000000002,-0.6655111249635255
1958,14.406,-6.064948937599781
1959,6.981999999999999,-1.6139663444046284
1960,8.751999999999999,-30.838266570932085
1961,5.2127908558145055,-5.062000000000001
1962,5.009220271308912,26.379999999999995
1963,-1.4327797286910873,25.03
1964,5.250790855814505,10.938121201202762
1965,1.0579999999999998,-10.975999999999999
1966,4.696,13.78412120120276
1967,2.344,9.434714975791248
1968,4.108,5.630252220404668
1969,1.6480000000000004,-0.4984600625633064
1970,-8.789773899245224,4.333999999999999
1971,10.3,20.758
1972,-4.902779728691086,26.125999999999998
1973,-11.456,14.954000000000002
1974,-2.5669815467233357,8.911999999999995
1975,1.100226100754775,-13.367285024208751
1976,-7.102779728691087,2.1750184532766634
1977,3.7619999999999996,11.032
1978,5.811999999999999,4.278272380180951
1979,11.323999999999998,13.081999999999997
1980,-2.2844547692055377,18.77
1981,-5.747773899245225,14.425999999999998
1982,1.8982366546318061,3.7059999999999986
1983,1.361545230794462,11.956121201202762
1984,1.1919999999999997,10.381999999999998
1985,7.895999999999999,-10.65974777959533
1986,0.5520000000000002,-4.776721340137624
1987,1.3981491090244145,-7.8229815467233355
1988,8.383545230794462,12.918000000000001
1989,15.002790855814505,17.36
1990,3.6020000000000003,4.65105106240022
1991,0.6980000000000003,-2.4797397934142866
1992,-4.826867274298478,-12.360000000000001
1993,6.435999999999998,-3.6519663444046286
1994,1.6470184532766645,6.760121201202762
1995,-5.194087545607392,-20.946742822137757
1996,12.307545230794462,-13.240827736397017
1997,8.39,10.547999999999998
1998,2.063999999999999,-0.7375111249635253
1999,-6.45,1.7980336555953713
2000,-0.7117738992452256,9.253999999999996
2001,2.3059999999999983,8.078488875036475
2002,-2.922000000000001,12.872
2003,-0.15000000000000036,-9.677250918377812
2004,-1.3932091441854952,25.048
2005,6.021882476617185,-5.888000000000001
2006,9.845999999999998,15.598000000000003
2007,-3.1700000000000004,-1.912000000000003
2008,7.203999999999999,-8.598460062563307
2009,-1.7502025488008688,9.801051062400216
2010,2.119999999999999,9.542
2011,0.2430184532766651,-6.255747779595332
2012,3.1704783211594427,15.003999999999996
2013,-12.554970419599915,16.509999999999998
2014,-0.6580000000000006,-6.9682665709320855
2015,2.1279999999999992,-8.958233961808531
2016,3.671882476617185,12.111999999999998
2017,-11.89445476920554,10.002238724585578
2018,-2.2320000000000007,-28.802
2019,-8.674000000000001,0.5939999999999983
2020,-2.6260000000000003,2.2739999999999965
2021,-2.45,14.989999999999998
2022,-0.5924547692055381,-2.1980000000000017
2023,-8.876,-9.853932688809255
2024,-4.404000000000001,-13.40423396180853
2025,-0.12977389924522525,2.566121201202763
2026,3.0198824766171852,15.434000000000001
2027,-1.7349815467233356,-11.36376127541442
2028,0.9132202713089128,-6.9657612754144225
2029,8.053999999999998,-10.156000000000002
2030,11.825999999999999,13.572
2031,0.9871327257015217,-4.120000000000002
2032,2.7939999999999987,-7.301761275414423
2033,-3.4142025488008683,1.3962602065857126
2034,1.0,20.983999999999998
2035,6.172,2.597999999999999
2036,-1.795747779595331,-7.467999999999999
2037,-3.4687797286910866,-5.106742822137757
2038,-1.8100000000000012,0.2742522204046679
2039,-8.29,-11.135250918377812
2040,1.9359999999999993,-2.066
2041,-5.3420000000000005,15.38203365559537
2042,-1.1917738992452254,-1.5600000000000052
2043,9.359999999999998,19.80671497579125
2044,-1.5720000000000016,4.571999999999998
2045,4.401999999999999,-23.286
2046,1.3232551079084716,-3.8197612754144217
2047,-16.182,12.69612120120276
2048,-6.425999999999999,10.596
2049,-0.23132666756830833,16.996
2050,2.0919999999999987,13.983999999999998
2051,6.403999999999999,16.278
2052,2.2799999999999985,-18.557032803804084
2053,-2.710000000000001,-20.96294893759978
2054,11.417882476617185,-0.7977397934142886
2055,0.2039999999999999,15.029999999999998
2056,-2.432000000000001,-1.7917397934142887
2057,6.128236654631807,2.6779999999999973
2058,-7.808000000000002,-14.102000000000004
2059,4.326,-22.023878798797234
2060,-5.78,-9.967702886860959
2061,-4.572000000000001,-12.024948937599783
2062,-5.289999999999999,16.619999999999997
2063,-2.9401175233828156,17.933999999999997
2064,3.79,19.293999999999997
2065,2.9279999999999995,17.631999999999998
2066,1.438226100754775,-3.1680000000000006
2067,3.359446372063689,-0.7920000000000037
2068,2.904000000000001,-9.143285024208748
2069,0.8262261007547753,3.65623872458558
2070,1.308,-6.094000000000002
2071,-2.5900000000000003,-2.4360000000000017
2072,1.8262261007547742,-13.011511124963524
2073,7.093018453276665,14.704252220404666
2074,3.347999999999999,-29.46086034552057
2075,-19.30974777959533,12.658
2076,-0.4657477795953312,0.6901021248004373
2077,-1.5519999999999994,2.703999999999999
2078,0.20200000000000032,1.6940336555953706
2079,9.713882476617183,10.266
2080,-2.594,-1.7240000000000015
2081,-5.781773899245225,-5.1220000000000026
2082,4.1579999999999995,15.225999999999999
2083,-2.638981546723334,-7.55928502420875
2084,3.8059999999999996,-4.338794080801646
2085,4.230236654631807,9.74225222040467
2086,11.411999999999999,-2.490000000000001
2087,-1.346175091214782,16.059999999999995
2088,-0.020454769205538258,15.824033655595372
2089,11.01,1.2935073283131389
2090,11.475999999999999,-7.391999999999998
2091,6.065999999999999,-8.33903280380408
2092,0.08354523079446281,19.526
2093,1.532,0.47599999999999765
2094,0.1200000000000001,3.1720000000000015
2095,8.446000000000002,-11.644721340137623
2096,0.8839999999999997,-6.907285024208751
2097,-5.132,-1.2349815467233385
2098,5.843999999999999,-8.896710213014202
2099,2.704,0.5999999999999982
2100,5.356236654631806,6.140260206585711
2101,-6.098454769205537,2.7319999999999993
2102,1.4811027479260983,2.394121201202762
2103,5.35,6.495018453276664
2104,1.3531027479260982,7.116
2105,1.9935452307944626,3.936836176994013
2106,11.878,6.547018453276664
2107,3.503999999999999,4.93851242699038
2108,5.494000000000001,15.639999999999997
2109,18.606,-0.11387879879723846
2110,2.7970275104463127,2.6827149757912494
2111,8.626,15.133999999999997
2112,7.06,7.047999999999999
2113,2.7459999999999996,14.930000000000001
2114,11.322,-32.234925098420405
2115,2.8980000000000006,1.9559999999999977
2116,4.377018453276664,-0.1818787987972385
2117,-3.8937477795953312,-3.724000000000001
2118,8.788,-1.237511124963526
2119,-3.459773899245225,10.733999999999998
2120,-6.569209144185493,-2.6617477795953315
2121,4.975882476617184,7.741999999999997
2122,-21.018981546723335,7.562714975791249
2123,0.5310184532766655,16.032
2124,1.1779999999999995,5.963999999999998
2125,-6.8340875456073915,-0.24176127541442155
2126,7.499999999999998,0.45625222040466895
2127,2.8567908558145048,1.5907149757912507
2128,-4.880000000000001,18.176
2129,2.842,8.760000000000002
2130,-8.064,14.558252220404668
2131,2.7239999999999993,-12.647761275414421
2132,-4.534000000000001,7.278488875036473
2133,2.993912454392608,-0.6818787987972363
2134,5.775912454392608,23.478
2135,-6.08,0.19701845327666306
2136,-1.2000000000000006,10.416
2137,-7.604000000000001,-20.773511124963527
2138,3.7440000000000007,2.306260206585713
2139,-1.9619999999999993,8.597999999999999
2140,-7.780000000000001,27.139999999999997
2141,2.5919999999999996,20.103999999999996
2142,0.7712202713089134,-1.5159663444046303
2143,2.548790855814506,-18.887032803804082
2144,4.801545230794462,-12.285878798797237
2145,-6.658000000000001,24.584
2146,0.4599999999999994,-3.9420000000000015
2147,-0.6359999999999996,23.532
2148,3.07,-7.5837397934142885
2149,1.5040000000000002,14.906
2150,-0.4140875456073914,-11.382000000000001
2151,-2.856,-7.920981546723337
2152,2.8739999999999988,-9.651999999999997
2153,-4.756,6.31471497579125
2154,8.347999999999999,11.574000000000002
2155,-3.6024547692055378,-2.183878798797238
2156,3.604,-2.6959999999999993
2157,-7.273999999999999,2.3567149757912516
2158,2.060563684071126,-5.964
2159,7.941999999999998,-14.253878798797237
2160,4.911999999999999,-15.847747779595332
2161,0.1122261007547742,6.666488875036474
2162,-0.9065423148129295,4.696252220404667
2163,5.336,-2.7580000000000013
2164,2.282236654631806,10.078
2165,2.725545230794462,-14.555747779595333
2166,2.988,6.114121201202762
2167,-1.0882181145737315,-2.4057397934142886
2168,3.4507908558145046,15.774033655595371
2169,8.305882476617185,0.36399999999999866
2170,-0.8929724895536871,-1.1680000000000006
2171,-0.9637633453681929,8.661051062400217
2172,6.071912454392608,-17.151511124963527
2173,-11.862,0.5760000000000005
2174,-2.1229724895536877,6.747999999999996
2175,-6.2890690923307275,14.825999999999999
2176,-8.141773899245226,-3.1448603455205726
2177,3.8132202713089134,21.22
2178,-2.5340000000000003,0.9842387245855775
2179,5.314226100754774,-4.720947891127965
2180,-1.2899999999999998,-0.09187879879723723
2181,1.3199999999999996,-11.864721340137624
2182,4.822,-6.569248848424043
2183,-15.76776127541442,-11.634
2184,-8.59,22.131999999999998
2185,-6.172,2.7439999999999984
2186,-7.324000000000001,18.298488875036476
2187,16.074226100754778,7.38226020658571
2188,2.0922522204046685,-7.4347213401376235
2189,0.9459999999999994,8.69826020658571
2190,1.0595452307944622,18.183999999999997
2191,1.932,11.647999999999998
2192,-5.964,-4.089706137818916
2193,-12.336000000000004,16.072
2194,6.006,-5.04173979341429
2195,7.895999999999999,-0.5805700484175003
2196,-0.11000000000000157,-8.90904629962317
2197,-14.591999999999999,-8.672729326318667
2198,1.8299999999999996,-0.5937477795953313
2199,7.6259999999999994,1.3287149757912473
2200,12.831018453276664,3.8599999999999994
2201,0.6579999999999988,-12.815761275414422
2202,10.629999999999999,-1.9112850242087505
2203,8.004790855814505,9.567999999999998
2204,-1.629999999999999,18.189018453276663
2205,1.9784627553865817,-24.289258904558856
2206,3.7965044408093362,-33.482783525341475
2207,4.486,-16.951932688809258
2208,0.058000000000000364,17.074
2209,11.48,-21.482981546723334
2210,10.973882476617183,1.418
2211,7.368488875036476,-20.441509055009753
2212,10.017999999999999,11.774000000000001
2213,2.1162366546318063,-14.738981546723334
2214,2.248226100754775,9.19625222040467
2215,-5.863747779595331,6.549999999999999
2216,5.755882476617186,1.350033655595371
2217,-5.098000000000001,-13.727999999999998
2218,-1.8720000000000006,-18.896696717195113
2219,-3.330000000000001,7.1819999999999995
2220,8.214,-10.454492671686861
2221,1.1179999999999992,5.915999999999997
2222,-1.8257477795953316,5.064
2223,0.5719999999999997,9.088
2224,-5.3401175233828155,-18.376981546723336
2225,0.5319999999999994,16.681999999999995
2226,3.6279124543926082,-12.278233961808533
2227,3.6779999999999995,-25.32374777959533
2228,8.894,13.183999999999997
2229,-5.311209144185494,5.0340000000000025
2230,-2.1580000000000013,6.218000000000001
2231,3.9699999999999998,11.728000000000002
2232,2.4610184532766644,-0.6149489375997816
2233,0.4687908558145054,6.731018453276661
2234,1.296,0.1039999999999992
2235,2.41,-20.146000000000004
2236,7.0120000000000005,34.356
2237,-3.5840000000000005,-10.043761275414422
2238,-3.0577738992452255,7.882
2239,-2.2920000000000003,2.3942387245855783
2240,-0.6800000000000012,11.21976603819147
2241,15.02,-16.43374777959533
2242,0.7260000000000002,-0.12399999999999949
2243,-3.8540000000000005,0.4879999999999981
2244,7.5390184532766655,-16.102794080801647
2245,1.5082522204046687,-3.9889815467233376
2246,-1.8439999999999999,-1.9572850242087505
2247,2.7078824766171854,-6.629046299623172
2248,14.148000000000001,-11.022729326318668
2249,5.895999999999999,14.057999999999998
2250,4.536,-12.20328502420875
2251,-7.10821604461996,-0.04903280380408148
2252,8.732,4.902293862181084
2253,-12.758000000000001,-20.1395929227972
2254,12.917999999999997,11.473999999999997
2255,-5.219773899245226,11.902
2256,9.293018453276666,-30.538422727564846
2257,-7.804779728691088,-2.6159663444046286
2258,4.686,7.888488875036475
2259,7.103018453276664,5.744000000000001
2260,-6.662087545607392,-3.8657612754144197
2261,-3.1127797286910868,-14.613022249927052
2262,1.3347908558145067,19.038
2263,-5.174,16.702000000000005
2264,6.581999999999999,-3.2958787987972356
2265,7.132,-0.38400000000000106
2266,-2.3920000000000003,1.9319999999999986
2267,-14.830228668450763,-4.979739793414288
2268,-1.4877477795953316,0.8519999999999988
2269,3.8299999999999996,11.822
2270,1.884,16.648238724585575
2271,11.818,17.698
2272,-1.0700875456073917,13.654
2273,-6.991999999999999,-12.64728502420875
2274,-4.375747779595332,-24.288807575037588
2275,-5.8260000000000005,22.384
2276,3.9779999999999993,-14.692948937599784
2277,-14.440000000000001,23.096
2278,-3.152779728691086,5.507051062400219
2279,5.394,-2.3160000000000025
2280,6.0,1.3150510624002187
2281,-3.2687797286910865,-20.069640074211655
2282,2.7359999999999998,1.6679999999999997
2283,-1.0809815467233357,-5.145626578392568
2284,-6.263999999999999,10.405999999999997
2285,-5.072,3.641018453276665
2286,6.1259999999999994,-1.227511124963526
2287,5.8759999999999994,11.056033655595373
2288,-2.0721063962593957,8.048238724585577
2289,9.505018453276666,12.206121201202762
2290,7.756,-17.311739793414286
2291,-6.236000000000001,-9.449251368613377
2292,-9.872454769205538,-3.8560000000000016
2293,1.7101646747972772,14.384
2294,1.6775452307944625,0.23599999999999852
2295,-10.062000000000001,3.9182387245855765
2296,-0.438,20.754
2297,-0.5835372446134185,6.199999999999998
2298,2.8160000000000003,6.708488875036474
2299,13.37,-6.390000000000001
2300,1.8679999999999999,17.896
2301,-3.070117523382816,26.945999999999998
2302,-3.206000000000001,-10.507511124963525
2303,2.6459999999999986,7.754
2304,3.0558824766171853,26.062
2305,7.368790855814505,-7.1700000000000035
2306,-8.150553627936311,0.49799999999999967
2307,3.934,-1.4452850242087503
2308,2.7219999999999995,32.366
2309,-1.7198353252027225,-5.442000000000002
2310,1.3379999999999999,-17.877511124963526
2311,8.607999999999999,-1.1080000000000005
2312,7.173999999999998,-0.1597477795953322
2313,-5.419999999999999,3.2562522204046687
2314,8.252,0.13603365559537153
2315,5.450226100754776,5.587018453276663
2316,-15.865999999999996,-4.949285024208751
2317,2.0815452307944624,-11.769739793414287
2318,10.654,-9.919878798797235
2319,-5.58,-2.7815111249635245
2320,8.975027510446312,8.480121201202763
2321,2.205545230794461,8.42471497579125
2322,-22.67774777959533,-18.824710213014203
2323,-20.012,-6.741878798797236
2324,-1.3229815467233355,-8.951285024208747
2325,-0.28045476920553797,18.576
2326,4.913545230794463,-20.318981546723332
2327,4.33,4.292121201202762
2328,-2.3600000000000003,10.464
2329,1.7397649532343695,-10.195511124963526
2330,3.5819999999999994,-1.364
2331,7.217999999999999,1.6547149757912507
2332,6.214000000000001,-7.102000000000001
2333,-1.2440000000000009,11.421999999999999
2334,-5.383773899245225,-12.677285024208752
2335,0.8399999999999999,25.637999999999998
2336,7.467545230794461,-13.03898154672334
2337,0.7220000000000001,-10.87976127541442
2338,-0.9212091441854945,-9.523966344404629
2339,-3.4329815467233358,9.966000000000001
2340,-2.6139999999999994,-16.610676557418827
2341,2.5382261007547746,1.8319999999999994
2342,5.3359999999999985,0.8650510624002197
2343,-2.692,-5.101285024208748
2344,2.386,17.609999999999996
2345,2.5539999999999994,13.713999999999999
2346,1.7602522204046682,19.07003365559537
2347,5.792000000000001,17.798
2348,-14.617647002989562,5.04871497579125
2349,2.1499999999999995,18.77826020658571
2350,3.4579999999999997,9.531051062400218
2351,6.8340000000000005,3.2470510624002187
2352,-7.096000000000001,-4.090948937599782
2353,6.134,-24.831509055009754
2354,5.648000000000001,5.656121201202762
2355,3.5,-4.40576127541442
2356,-8.264779728691085,12.234
2357,-3.8860000000000006,18.15
2358,1.6239124543926085,-12.995761275414424
2359,7.7769009298938485,8.389999999999997
2360,-4.606,-8.669999999999998
2361,2.1020000000000003,7.140033655595374
2362,4.568,8.355999999999998
2363,4.503545230794462,-10.839727619819051
2364,-2.6040000000000005,-7.807511124963526
2365,3.075018453276665,3.5199999999999974
2366,-5.925773899245225,13.84
2367,-0.4600000000000007,-12.958266570932086
2368,-2.0140000000000002,-1.6237612754144224
2369,6.703999999999999,3.802252220404667
2370,2.8640000000000003,-4.8519999999999985
2371,5.42,-1.5377397934142898
2372,-1.3957738992452253,32.412
2373,7.515999999999998,-9.436000000000002
2374,14.677999999999997,-35.97950106882871
2375,5.346,7.814238724585579
2376,3.4019999999999997,-6.263285024208749
2377,8.909545230794462,4.453018453276664
2378,6.241999999999999,-4.314000000000002
2379,16.833999999999996,5.340488875036472
2380,6.519882476617184,2.1499999999999986
2381,0.1280000000000001,12.808000000000002
2382,4.58,-6.496
2383,0.2159124543926083,-15.572000000000003
2384,6.997999999999999,-4.6380000000000035
2385,-9.304779728691088,10.547051062400218
2386,-3.2257738992452247,16.668252220404668
2387,-0.3840000000000004,-9.709618592211523
2388,-4.5520000000000005,19.022
2389,-4.662000000000001,-1.7597477795953325
2390,8.979999999999999,-3.695747779595332
2391,-1.1837612754144218,10.741018453276663
2392,2.736,-9.53102224992705
2393,-6.014000000000001,-2.2180000000000017
2394,1.1779999999999997,-3.262000000000002
2395,-5.617773899245225,-1.4140000000000001
2396,-8.715773899245224,6.984
2397,3.948236654631806,27.855999999999995
2398,7.526790855814506,2.962488875036475
2399,10.546,-0.046492671686861796
2400,-0.38400000000000034,-6.222981546723337
2401,-1.258000000000001,6.985999999999999
2402,-0.8440000000000003,7.391999999999999
2403,2.2619999999999996,-10.610981546723334
2404,-1.8417738992452253,-14.849878798797238
2405,1.0112202713089125,-1.853930484323118
2406,1.204226100754775,0.6820336555953717
2407,7.458,-11.114827736397018
2408,-1.3464547692055375,-9.007511124963528
2409,-12.424000000000001,28.792
2410,6.4799999999999995,-27.21376127541442
2411,-3.4140000000000015,10.852
2412,-5.526981546723335,10.375018453276663
2413,8.665882476617186,-9.463511124963526
2414,1.5119124543926081,-4.023999999999999
2415,-0.2860000000000003,10.297051062400218
2416,-5.676,2.403766038191469
2417,-12.741999999999999,4.042488875036474
2418,4.896149109024416,0.7989671961959189
2419,9.911999999999999,-3.064
2420,-3.5357477795953316,16.684
2421,3.520252220404667,6.758260206585713
2422,-6.066000000000001,8.008
2423,-2.638000000000001,10.822121201202762
2424,-1.7559999999999996,4.438
2425,2.6162366546318077,10.876
2426,0.12679085581450683,4.247018453276665
2427,-13.2,17.55
2428,1.283018453276665,2.03049893117129
2429,8.866,-18.119250918377812
2430,-3.7120000000000006,-0.05799999999999841
2431,2.021999999999999,-1.5699663444046308
2432,-1.1147797286910872,3.6859999999999977
2433,5.3420000000000005,-1.620981546723338
2434,2.775018453276664,-1.45
2435,-0.10399999999999902,-6.702915282004409
2436,11.776,6.693766038191468
2437,12.788,-9.35128502420875
2438,4.063545230794462,-4.727878798797237
2439,-17.793999999999997,32.928
2440,5.332000000000001,-1.6499999999999997
2441,5.566,11.575999999999999
2442,8.902,12.421999999999999
2443,-4.236000000000001,-2.8729489375997828
2444,-9.174000000000001,1.0290510624002185
2445,3.791999999999999,-2.581930484323118
2446,-3.657999999999999,23.162
2447,-17.97045476920554,-4.077999999999998
2448,10.337255107908472,-13.339272400377947
2449,0.36999999999999994,-17.768
2450,4.555999999999999,-7.7659999999999965
2451,12.464,7.061999999999999
2452,-1.81,-35.767999999999994
2453,3.379102747926099,-6.828981546723337
2454,10.634,-14.025509055009753
2455,4.464,9.878
2456,-5.981747779595332,-3.840000000000002
2457,0.7539999999999999,-10.901137703356092
2458,-9.1,29.79
2459,4.422,29.744
2460,3.272790855814505,-15.46171412399996
2461,-8.996087545607391,7.132
2462,2.248,-2.808000000000002
2463,6.0440000000000005,9.737999999999998
2464,1.907999999999999,14.939999999999998
2465,-3.8899999999999992,4.879999999999998
2466,8.331882476617185,4.904000000000001
2467,5.063999999999999,4.945018453276663
2468,-4.172,-7.805511124963525
2469,-10.807511124963526,-3.5329489375997825
2470,12.111999999999998,-3.77174777959533
2471,-0.4592091441854942,-1.399706137818916
2472,7.244,6.639999999999998
2473,-3.9995594573821736,-6.172948937599783
2474,-1.3581175233828144,12.767051062400219
2475,1.4519124543926083,11.324488875036476
2476,4.382,9.127999999999997
2477,3.543999999999999,25.214
2478,4.328236654631807,5.32
2479,-12.02774777959533,-4.2512850242087525
2480,-2.154000000000001,-2.177509055009753
2481,7.81,-7.5678787987972385
2482,-4.995747779595332,8.235999999999999
2483,12.646,21.380000000000003
2484,-3.2997477795953314,7.685999999999997
2485,11.440000000000001,16.419999999999998
2486,13.25,12.303999999999998
2487,-2.322,13.337999999999997
2488,-0.6459999999999994,11.92
2489,-26.964,6.801999999999998
2490,10.344,-0.15894893759978146
2491,0.2300000000000006,-14.285389923760764
2492,7.519167562301081,27.082
2493,-0.0620000000000017,-13.446000000000002
2494,6.957882476617184,-12.664948937599783
2495,3.4570184532766652,-19.99702224992705
2496,13.186000000000002,-13.952460062563308
2497,13.278,9.59
2498,0.08599999999999977,-15.591477469368153
2499,-0.9587797286910866,15.979999999999999
2500,2.456,4.246488875036474
2501,0.1437974511991312,1.0201212012027603
2502,-3.6268672742984776,-4.151739793414288
2503,-3.3057738992452252,-1.4649815467233367
2504,6.25,1.6342522204046674
2505,7.443018453276666,-24.131285024208744
2506,4.138,18.724
2507,5.959999999999999,0.6247149757912481
2508,10.735999999999999,-1.7309489375997806
2509,2.882,0.8360336555953708
2510,11.042,3.1947149757912476
2511,3.3642366546318065,16.714
2512,-17.848779728691085,-13.082742822137757
2513,2.8804888750364745,17.634
2514,-4.0840000000000005,4.05
2515,9.798,19.907999999999998
2516,-0.9139999999999997,-2.225999999999999
2517,2.0919999999999987,-7.649878798797235
2518,1.3799999999999997,-1.0340000000000003
2519,1.8900000000000006,-7.703966344404629
2520,1.6260000000000001,-2.2657612754144223
2521,3.4199999999999995,-11.009032803804082
2522,5.525545230794462,-8.946000000000002
2523,16.028,-17.807046299623174
2524,-10.754000000000001,9.507999999999997
2525,11.584,10.091051062400215
2526,-0.47400000000000037,4.420036906553328
2527,-0.11800000000000015,-2.6635111249635264
2528,4.384236654631807,-0.15593268880925634
2529,5.339999999999999,-6.500000000000003
2530,-1.1440875456073911,15.628
2531,1.52,-3.869511124963527
2532,0.1319999999999993,-4.22928502420875
2533,4.181220271308914,25.552
2534,0.4,-8.88328502420875
2535,2.9982522204046673,23.522
2536,-0.060000000000000143,8.205270673681333
2537,-8.049773899245226,17.619999999999997
2538,4.049018453276664,8.142
2539,-0.08400000000000105,9.764
2540,6.026,7.270252220404669
2541,-2.8480000000000003,17.148
2542,-0.060779728691087345,13.662
2543,12.26,1.225999999999999
2544,2.2939999999999996,-18.624796149172276
2545,-10.633999999999999,-15.908000000000001
2546,-2.8900000000000006,0.8550510624002188
2547,8.324,6.125018453276664
2548,-21.736,2.370121201202763
2549,0.49622610075477525,-7.222000000000001
2550,4.866,1.375999999999999
2551,5.235912454392609,-2.4080000000000013
2552,-0.5501175233828153,19.119999999999997
2553,5.847999999999999,-2.6418787987972374
2554,9.186,23.127999999999997
2555,3.772226100754776,-0.5457612754144222
2556,-0.20608754560739265,12.418
2557,-0.9600000000000002,12.355999999999998
2558,-8.421747779595332,2.0819999999999976
2559,-4.738000000000001,4.758252220404666
2560,5.812226100754776,13.691999999999998
2561,-1.3724547692055382,0.9022522204046686
2562,-1.882000000000001,10.190252220404666
2563,-5.873773899245225,8.922033655595373
2564,-9.346000000000002,-14.185706137818915
2565,7.339882476617184,13.87471497579125
2566,6.066,4.315999999999998
2567,8.439545230794462,1.4140336555953723
2568,6.62,-14.851495559190663
2569,7.324000000000001,4.549999999999999
2570,-8.588316214058153,0.16435992578834088
2571,2.4939999999999993,20.0
2572,5.091018453276664,-15.107747779595332
2573,2.8620000000000005,11.15
2574,-0.021747779595331095,13.878
2575,2.346,-2.8240000000000003
2576,2.3127908558145065,-0.43698154672333656
2577,6.705999999999999,-0.7399999999999995
2578,-8.209999999999999,10.449051062400219
2579,-3.7900000000000005,22.791999999999998
2580,-1.6709830434307194,6.859051062400219
2581,-1.8580000000000005,-18.677999999999997
2582,-6.057999999999999,2.2
2583,-8.524909538411077,10.609999999999996
2584,-6.462000000000001,-9.159389923760765
2585,-0.6040000000000004,-19.933995237222952
2586,0.8940000000000001,21.401999999999997
2587,1.318,2.5799999999999987
2588,-0.4527554459685604,-0.6799999999999997
2589,3.1419999999999995,13.963999999999999
2590,-2.556,2.464
2591,-8.572000000000001,-5.7120000000000015
2592,-1.1980000000000004,-12.439501068828708
2593,2.570000000000001,7.953999999999998
2594,-3.9659999999999997,11.613999999999997
2595,14.339999999999998,-11.627509055009753
2596,5.89591245439261,8.7
2597,-5.198454769205538,-13.998000000000001
2598,1.7139999999999997,-0.7657477795953327
2599,5.905882476617185,11.244238724585577
2600,4.944000000000001,-8.60128502420875
2601,-1.1397477795953317,20.674
2602,3.904226100754775,-3.2160000000000024
2603,7.425999999999999,-4.126
2604,-11.23176127541442,-2.566233961808531
2605,1.778,-24.420317828012834
2606,5.645999999999999,9.646121201202764
2607,2.742790855814505,-10.365509055009753
2608,-1.3200000000000003,13.796000000000001
2609,-3.7397738992452245,-17.97277259721837
2610,-8.795773899245223,-3.1300000000000026
2611,-4.0389815467233365,-16.181878798797236
2612,5.244,-3.2539999999999956
2613,-1.7247797286910882,-11.591878798797236
2614,4.946000000000001,20.308
2615,1.6310184532766638,-6.32396634440463
2616,1.6942366546318062,-3.743511124963527
2617,1.3459999999999996,-21.365999999999996
2618,5.3,-1.1800000000000008
2619,1.029912454392608,-3.643739793414287
2620,5.761999999999998,18.724
2621,-6.566000000000001,-11.941999999999998
2622,8.239882476617186,12.179999999999998
2623,-8.226779728691087,8.941999999999998
2624,-2.468117523382816,-5.618860345520574
2625,6.401545230794463,5.779999999999999
2626,6.055999999999999,-6.562981546723336
2627,1.0459999999999972,-14.711285024208749
2628,-5.790000000000001,-12.204999148208708
2629,5.038226100754775,20.068
2630,-5.767763345368193,3.015733429067913
2631,12.08,-8.777251368613378
2632,5.542,15.014
2633,9.363999999999999,5.525999999999998
2634,-4.258000000000001,11.346
2635,-1.2940000000000011,5.0041212012027625
2636,-0.1576639133910323,-11.392
2637,10.357999999999999,19.07
2638,8.18154523079446,18.08905106240022
2639,-3.988000000000001,19.311051062400217
2640,1.6202261007547754,-18.190948937599778
2641,6.911999999999999,0.5379999999999985
2642,-4.593999999999999,5.581018453276663
2643,4.859999999999998,-11.11176127541442
2644,-7.55,-11.01928502420875
2645,3.977545230794462,-18.454981546723335
2646,-1.2140000000000009,4.284488875036475
2647,1.5620000000000005,14.283999999999997
2648,-7.207999999999998,11.12203365559537
2649,3.568252220404669,19.072
2650,1.1339999999999997,2.83671497579125
2651,3.111999999999999,-4.834492671686862
2652,-2.168779728691086,2.9890184532766626
2653,-5.062,3.733999999999999
2654,-0.6327797286910872,-9.737511124963524
2655,4.189220271308913,21.524
2656,-1.0900000000000003,-16.936
2657,-6.377773899245225,0.6442387245855784
2658,2.334790855814506,-0.30200000000000243
2659,7.811999999999999,22.400000000000002
2660,-3.8880000000000003,-2.6609815467233373
2661,-6.3801175233828165,24.46871497579125
2662,2.4699999999999998,1.179999999999999
2663,-5.24574777959533,-14.40573979341429
2664,-3.8657738992452253,19.454
2665,-0.20200000000000068,32.942
2666,-13.116,23.951999999999998
2667,-1.1720000000000004,8.069999999999999
2668,3.3359999999999985,2.3741212012027626
2669,3.915545230794463,17.22505106240022
2670,10.018,-13.14549555919066
2671,5.604790855814505,-4.781999999999999
2672,9.847999999999999,17.756
2673,-11.386,-1.7819999999999994
2674,-9.592779728691088,-21.854925098420406
2675,5.748,11.232
2676,-0.5337738992452256,-9.423761275414423
2677,-5.428000000000002,-4.936000000000001
2678,2.6700000000000004,8.42
2679,3.3959999999999995,6.350714975791249
2680,-2.7079999999999993,11.608
2681,6.467999999999999,9.662
2682,7.324,29.933999999999997
2683,1.4280000000000002,-7.376948937599782
2684,3.2979999999999996,6.596488875036475
2685,-5.993663913391032,20.622
2686,-4.171209144185495,-7.265999999999998
2687,7.26,-15.039761275414424
2688,-1.073747779595331,-16.83928502420875
2689,-3.464,10.622488875036474
2690,-3.658,23.387999999999998
2691,-4.539999999999999,-22.763878798797236
2692,-4.992,-0.19773979341428874
2693,10.033999999999999,10.230238724585575
2694,0.6679999999999995,14.158260206585712
2695,10.175999999999998,-15.008981546723334
2696,7.022,2.9679999999999978
2697,-8.782,16.708
2698,-8.244,-15.265999999999996
2699,1.875999999999999,6.0281548567981345
2700,4.960226100754776,4.802
2701,1.879999999999999,4.632033655595373
2702,3.2384888750364746,24.798
2703,1.4859999999999998,34.07
2704,1.7960000000000007,-3.780000000000001
2705,-5.572,-8.553477469368152
2706,-3.6040000000000005,12.211999999999998
2707,-14.286000000000001,-13.748477105913997
2708,2.9299999999999997,-2.545966344404627
2709,1.6939999999999995,-22.345761275414418
2710,-7.436,-2.6597612754144215
2711,15.591882476617183,-0.26396634440462813
2712,-2.5187797286910865,-3.6237276198190513
2713,6.077220271308914,14.562000000000001
2714,1.935709146345389,20.363999999999997
2715,7.0120000000000005,5.879999999999998
2716,-3.7607554459685604,18.303999999999995
2717,-2.4009815467233357,19.731999999999996
2718,-9.713069092330727,3.7162602065857113
2719,-0.9460000000000008,15.913999999999998
2720,-2.2940000000000005,-5.4323388613605434
2721,5.197999999999999,-2.651511124963526
2722,6.9,-3.7859630934466724
2723,-17.630000000000003,-5.247285024208752
2724,9.510336086608968,3.0190184532766637
2725,-11.822,2.47271497579125
2726,2.500462755386582,7.552252220404668
2727,3.3379999999999983,-10.489761275414422
2728,6.006,14.671999999999997
2729,2.510252220404668,-12.365761275414421
2730,4.3950184532766645,-6.806000000000003
2731,-7.486,-5.6837612754144216
2732,9.622000000000002,23.131999999999998
2733,12.002,-13.572000000000003
2734,11.750236654631806,2.968975182376961
2735,-15.014454769205537,0.6815073283131398
2736,1.7240000000000002,17.706488875036474
2737,-0.6599999999999999,-16.707474218410198
2738,1.952252220404668,-16.65316382300599
2739,-9.539234497896626,25.355999999999995
2740,-5.8340000000000005,9.636
2741,3.3779124543926087,-0.5220000000000005
2742,4.702790855814506,13.717999999999998
2743,4.603999999999999,-6.185511124963524
2744,3.1239999999999997,-0.41987879879723805
2745,-3.8899999999999992,2.8167149757912506
2746,2.950703310207115,14.273999999999997
2747,3.174000000000001,-6.756
2748,-2.2237738992452263,6.241999999999999
2749,-8.288779728691086,-24.938796149172276
2750,0.288,8.382488875036474
2751,-7.238000000000001,-7.557163823005984
2752,-7.154000000000001,-8.752981546723337
2753,6.218000000000001,-10.87974777959533
2754,4.2219999999999995,15.069999999999997
2755,-3.6841175233828154,-8.93196634440463
2756,-18.80055362793631,15.084
2757,-3.8352091441854945,1.5359999999999996
2758,-14.038087545607391,-27.55199523722295
2759,2.5839999999999987,1.2120000000000004
2760,5.588790855814506,-28.282948937599787
2761,-10.831999999999999,15.7
2762,3.872,-13.565999999999997
2763,7.830236654631807,9.693999999999999
2764,2.0279999999999996,-25.36176127541442
2765,-7.052779728691087,-9.183618592211525
2766,-1.1737633453681933,-16.539747779595327
2767,-10.974117523382814,1.8651722636029817
2768,-4.725209144185495,4.030238724585578
2769,-0.9599999999999997,13.680000000000001
2770,7.693882476617185,12.367999999999999
2771,3.659545230794462,12.581999999999997
2772,4.3162366546318065,-17.912
2773,6.231018453276664,-11.30396634440463
2774,-0.2140000000000004,-2.61972761981905
2775,-2.6080000000000005,-8.407761275414424
2776,7.87,15.84271497579125
2777,-7.113999999999999,-19.39528502420875
2778,-4.4300000000000015,4.487018453276663
2779,-5.7717612754144225,-0.16787879879723705
2780,4.973999999999999,6.443018453276665
2781,1.3722261007547742,2.159999999999999
2782,5.075882476617184,13.412488875036473
2783,9.499999999999998,-1.3669489375997803
2784,-4.208,10.018
2785,-0.06600000000000072,-3.0692850242087517
2786,-6.854000000000001,4.208252220404667
2787,-2.1480000000000006,-4.0760000000000005
2788,-6.17,7.568260206585711
2789,-20.620779728691087,-28.038
2790,7.6579999999999995,5.955999999999999
2791,-8.532,1.2039999999999993
2792,-24.964,-2.0569815467233363
2793,-0.27988086875100854,-15.445878798797235
2794,2.3540000000000005,-11.250000000000004
2795,4.426,7.506
2796,12.937999999999999,13.738
2797,3.1759999999999997,-44.44654392876761
2798,-1.4157738992452245,-8.488721340137625
2799,22.533999999999995,7.642238724585576
2800,-2.978,-3.70728502420875
2801,-11.0,10.955018453276661
2802,-2.5989815467233357,14.227999999999998
2803,-0.7620000000000005,10.777999999999999
2804,5.7537713315492365,18.022033655595372
2805,-6.088000000000001,24.026
2806,2.364252220404669,2.6700000000000017
2807,-12.541763345368192,2.229999999999998
2808,3.478,-2.1129815467233364
2809,1.7519999999999993,4.467018453276663
2810,-40.334117523382815,-14.421727619819048
2811,7.200790855814505,6.558000000000002
2812,-1.1292091441854957,1.5899999999999994
2813,-2.2760875456073903,-23.977999999999994
2814,-0.27654231481292973,18.496
2815,-18.701999999999998,-13.476981546723334
2816,-2.2639999999999993,-5.743761275414424
2817,0.17225222040466903,18.236488875036475
2818,3.4639999999999995,-0.9079999999999998
2819,-2.026981546723335,-2.331999999999998
2820,-2.1160000000000005,-4.814695670723294
2821,-3.552000000000001,2.687018453276663
2822,-1.744454769205538,-6.889511124963525
2823,-5.338087545607391,4.812714975791249
2824,-0.2579999999999991,17.762
2825,4.076,-10.625747779595333
2826,7.523999999999998,10.410238724585577
2827,-2.108779728691087,20.35
2828,-0.4600000000000003,9.14
2829,8.648,-1.0260000000000005
2830,-5.440087545607392,15.75
2831,-1.4365722925883526,15.628
2832,-3.314,8.309999999999999
2833,-4.816,3.4780336555953717
2834,-1.3700875456073907,5.531051062400218
2835,-4.994,-4.645966344404629
2836,4.465999999999999,5.827999999999999
2837,9.575882476617185,-29.964000000000006
2838,-9.020087545607392,-26.79364007421166
2839,2.7784627553865824,-20.22546741323334
2840,5.13,-6.5280000000000005
2841,-0.4077738992452254,-10.725761275414422
2842,3.2582366546318062,17.779999999999998
2843,2.2379999999999987,7.393999999999998
2844,6.1575452307944625,-2.968981546723337
2845,-5.574981546723336,3.9882602065857133
2846,-10.226000000000003,8.716488875036474
2847,7.9799999999999995,4.615999999999998
2848,-9.786779728691087,-10.42174777959533
2849,0.013220271308913567,-14.33184189224391
2850,-9.241763345368193,0.6610184532766631
2851,-0.6397477795953304,2.4899999999999975
2852,-2.0169815467233363,0.5522602065857114
2853,4.203999999999999,-12.994
2854,-0.2879999999999997,4.297999999999999
2855,1.5399999999999991,14.712
2856,-10.868,-10.723258904558858
2857,4.475999999999999,-0.8669815467233363
2858,7.067882476617184,4.532033655595372
2859,-0.7144547692055381,2.9581212012027622
2860,6.228,1.8599999999999988
2861,12.227999999999998,1.0584888750364734
2862,0.19599999999999937,14.121999999999996
2863,0.6600000000000007,2.945999999999999
2864,-2.5261175233828155,-11.862000000000004
2865,0.229999999999999,10.639999999999999
2866,-2.9239999999999995,4.512
2867,5.904,-6.565250918377814
2868,14.189999999999998,-0.1340000000000007
2869,-4.11,20.476
2870,5.795999999999999,11.193999999999999
2871,-0.7322050689902067,-11.425999999999998
2872,15.87,24.323999999999998
2873,8.864,19.34
2874,-1.2132091441854944,10.3
2875,10.797882476617186,4.364121201202763
2876,-0.38774777959533074,-2.0809815467233355
2877,-3.0420000000000007,8.738
2878,-0.5760000000000002,-4.144000000000001
2879,5.217999999999999,9.181018453276664
2880,-0.6352966897928859,20.006
2881,3.7702366546318067,17.356
2882,1.796,-2.3840000000000003
2883,2.1359999999999992,27.028
2884,5.8999999999999995,15.636
2885,-6.1480000000000015,25.401999999999997
2886,-2.4460000000000006,12.325999999999999
2887,9.260226100754775,-0.9200000000000003
2888,2.829882476617185,20.894
2889,3.8915452307944607,11.367018453276662
2890,7.08,8.19
2891,-7.378,1.6219999999999974
2892,-14.438087545607393,26.913999999999998
2893,-23.176,0.4819999999999979
2894,2.3180000000000005,-15.155479586828577
2895,8.345882476617184,12.704000000000002
2896,1.9999999999999993,-26.475163823005982
2897,9.022,5.280252220404666
2898,-4.718,-9.27573979341429
2899,-1.082202548800869,-5.322860345520573
2900,-11.868087545607391,25.327999999999996
2901,4.568,6.334000000000001
2902,-0.06411752338281476,6.7187149757912525
2903,3.268488875036475,-6.773739793414288
2904,-1.2979999999999994,12.191018453276664
2905,8.407999999999998,-8.906860345520574
2906,-4.304,6.963999999999999
2907,-30.488,-8.892
2908,-2.506000000000001,6.643999999999997
2909,-3.909209144185495,15.163999999999998
2910,0.10799999999999983,-8.107640074211659
2911,9.108,15.4
2912,-6.873747779595332,-9.952492671686862
2913,-5.203209144185495,2.6327149757912496
2914,6.105999999999999,3.3907149757912527
2915,9.193999999999999,11.422000000000002
2916,0.6035452307944631,4.877999999999999
2917,-23.303999999999995,-1.4029489375997826
2918,3.2395452307944623,17.688
2919,-5.369999999999999,4.137999999999997
2920,0.779999999999999,21.395999999999997
2921,4.148000000000001,-8.73
2922,11.011018453276666,20.910488875036474
2923,8.164252220404668,0.21999999999999886
2924,6.876,19.190488875036475
2925,3.2639999999999985,12.942121201202763
2926,0.6060000000000001,-5.482000000000004
2927,1.5339999999999994,3.3722522204046674
2928,-6.087999999999999,-1.9689815467233358
2929,-3.232202548800869,2.386975182376962
2930,7.610000000000001,5.3562387245855785
2931,-8.236,24.328
2932,13.690000000000001,12.809999999999999
2933,6.165912454392609,-16.69376127541442
2934,-1.7379999999999995,-3.4998978751995624
2935,5.932236654631806,-14.231747779595329
2936,6.581999999999999,7.2559999999999985
2937,-8.836527508286418,-16.431761275414424
2938,9.41,16.68105106240022
2939,0.04391245439260878,25.418
2940,-1.619773899245225,-9.985477469368153
2941,1.859018453276665,16.485999999999997
2942,3.9899999999999993,-16.001251368613378
2943,1.9180000000000006,3.0242522204046667
2944,9.751999999999999,27.838
2945,1.47,-5.1714774693681544
2946,-2.508,20.868000000000002
2947,8.152,-0.5660000000000025
2948,-1.0699999999999998,-18.01468873101407
2949,1.2998824766171846,-9.320000000000002
2950,5.857999999999999,-19.95550106882871
2951,-10.826779728691088,18.302
2952,9.548,15.145051062400219
2953,0.935999999999999,11.811018453276663
2954,5.054,-4.639966344404629
2955,-15.793999999999997,-7.5309815467233365
2956,6.977999999999999,1.9862387245855768
2957,16.584,16.692033655595367
2958,-7.620000000000002,14.816121201202765
2959,1.5880000000000005,3.7959999999999994
2960,-10.27408754560739,6.458000000000001
2961,-4.869948990460008,1.8379999999999996
2962,-18.486,1.471999999999999
2963,1.9419124543926085,-28.523761275414426
2964,1.4099999999999995,11.193999999999999
2965,1.0259999999999998,-7.659999999999999
2966,13.695999999999998,-11.983250918377813
2967,-2.4520000000000004,-1.0239663444046272
2968,-8.864,-3.6009489375997816
2969,16.362000000000002,1.999084717995591
2970,9.495999999999999,-2.000948937599783
2971,7.895999999999999,-15.196000000000002
2972,4.1642261007547745,19.15
2973,-9.012527508286416,-5.282710213014203
2974,5.623999999999999,7.81
2975,0.26799999999999924,15.758000000000001
2976,4.828,3.983999999999999
2977,9.986,-3.595878798797237
2978,-0.745773899245225,-16.121999999999996
2979,-2.272,1.1230510624002192
2980,-1.6820000000000008,0.6942602065857137
2981,9.725999999999999,17.804
2982,4.261999999999999,17.755999999999997
2983,-3.820000000000001,-8.336729326318666
2984,1.3255452307944626,4.349999999999999
2985,2.155999999999999,1.6929671961959194
2986,-14.49,1.4579999999999977
2987,6.1099999999999985,11.30226020658571
2988,4.678,-12.396981546723337
2989,14.16,7.167018453276666
2990,1.692226100754775,-5.011999999999999
2991,0.0759999999999991,-3.7778787987972393
2992,-2.7180875456073914,3.5159999999999982
2993,6.483912454392607,-5.164
2994,9.839999999999998,29.124000000000002
2995,7.196236654631808,19.394
2996,0.7369309076692737,-6.467285024208751
2997,5.084226100754774,-21.84094893759978
2998,-5.864087545607392,16.248121201202764
2999,8.209882476617185,-4.04973979341429
3000,-0.15000000000000036,-12.641878798797237
3001,7.866,5.608714975791249
3002,-12.228779728691086,14.05271497579125
3003,-2.280779728691087,-5.807285024208751
3004,11.662,-5.962
3005,-7.112,16.75
3006,-3.3659999999999997,-2.120981546723337
3007,3.254,7.435766038191469
3008,0.7938824766171834,8.106
3009,4.26,1.918260206585714
3010,-11.802,15.044000000000002
3011,-0.040000000000000216,-3.4219999999999984
3012,2.0859999999999994,17.294
3013,13.373999999999999,9.059999999999999
3014,-6.530000000000001,2.1519999999999984
3015,-8.91,2.632272380180949
3016,6.816,2.0699999999999985
3017,-2.444,-29.13328502420875
3018,-3.9800000000000013,-1.5658451432018652
3019,9.329999999999998,-10.64176127541442
3020,-10.755999999999998,-0.9839999999999997
3021,7.206,8.239999999999998
3022,11.363999999999999,4.265999999999997
3023,5.128000000000002,-0.6857397934142867
3024,5.405999999999997,-1.0398787987972375
3025,7.8199999999999985,-19.137745086772053
3026,4.829999999999999,8.42
3027,4.151882476617185,0.6500000000000007
3028,0.6955452307944618,-3.0749815467233375
3029,7.219999999999999,6.639018453276664
3030,-2.4800000000000004,5.494488875036476
3031,-7.246087545607392,8.727999999999998
3032,4.58,4.951999999999998
3033,3.3995452307944625,-17.094
3034,-6.444000000000001,6.950714975791252
3035,2.883018453276665,8.494714975791249
3036,13.081999999999999,-17.46374777959533
3037,-6.442000000000002,-11.435963093446672
3038,3.709545230794462,9.081999999999999
3039,4.007912454392608,11.986
3040,-6.2195216788405565,-9.389999999999999
3041,1.2119124543926088,6.637507328313139
3042,2.291999999999999,7.751051062400218
3043,-1.2280000000000009,4.221018453276664
3044,3.525999999999999,0.1319999999999993
3045,-4.786454769205538,14.232
3046,-11.28608754560739,-8.074696717195112
3047,1.5652202713089132,14.609999999999996
3048,-5.64023504676563,-12.43728502420875
3049,-2.9520000000000004,10.163999999999998
3050,-3.509747779595331,9.22026020658571
3051,2.6259999999999986,-52.541999999999994
3052,0.9899999999999991,-10.099757597594476
3053,0.06800000000000068,15.948000000000002
3054,1.3700000000000003,4.645999999999999
3055,-3.1280000000000006,10.107999999999999
3056,8.301999999999998,-10.349761275414421
3057,4.2700000000000005,-0.7858787987972373
3058,5.452000000000001,12.486121201202762
3059,-2.9919999999999987,4.999999999999999
3060,1.1742522204046673,-11.14092509842041
3061,-5.392779728691087,-14.533761275414424
3062,-4.679322043504017,-1.738000000000002
3063,3.3059999999999987,18.13626020658571
3064,1.8999999999999992,-17.531747779595328
3065,-4.564,3.82412120120276
3066,-1.1300000000000003,-11.011024817623035
3067,6.678,2.1539999999999986
3068,-0.2340000000000007,-8.671285024208748
3069,7.1919999999999975,-6.4896185922115235
3070,10.422,-8.076000000000002
3071,-2.5740000000000007,-11.025878798797239
3072,8.132000000000001,-9.125966344404626
3073,1.4290184532766645,13.338
3074,-2.0641906909088283,-27.195878798797235
3075,13.841999999999999,6.742121201202761
3076,5.298,-2.1855010688287106
3077,3.2307908558145053,3.8144888750364743
3078,-15.445999999999998,-8.237878798797237
3079,2.9887033102071143,1.1522602065857115
3080,4.196,13.545999999999998
3081,-1.827773899245225,1.7799999999999998
3082,-2.5120000000000005,9.4
3083,-3.172,4.401999999999998
3084,4.803999999999999,8.752121201202762
3085,5.767999999999999,8.244252220404668
3086,6.051018453276665,-7.878000000000002
3087,7.052236654631805,20.822
3088,1.9260000000000002,4.959999999999999
3089,6.51,-4.336000000000003
3090,-9.643069092330727,-2.628
3091,-12.331999999999999,3.95
3092,-0.3397477795953314,12.218
3093,-3.577747779595332,23.747999999999998
3094,-9.926779728691086,-9.098003796650385
3095,-13.276779728691087,-5.723739793414289
3096,5.877999999999999,10.016260206585713
3097,4.236236654631806,26.843999999999994
3098,-1.4144547692055376,13.585999999999999
3099,7.516,16.36
3100,3.0639999999999996,-16.173477469368155
3101,11.516,-5.663761275414423
3102,7.427912454392609,6.669999999999997
3103,-0.9817477795953327,6.542121201202761
3104,0.12544637206368847,15.282000000000002
3105,-5.2927797286910865,8.18671497579125
3106,-6.956,-9.046000000000003
3107,-0.5040000000000002,2.6884888750364753
3108,0.4079999999999999,-7.246
3109,6.484236654631806,-6.628688731014068
3110,-0.13766391339103165,6.232252220404668
3111,-2.402,10.91
3112,1.4832202713089138,0.2039999999999999
3113,6.706236654631809,16.353999999999996
3114,8.116,3.2659999999999982
3115,-0.5159999999999997,16.858260206585708
3116,2.254,0.3400000000000013
3117,5.602900929893851,9.13023872458558
3118,3.3279999999999994,-2.8320000000000016
3119,9.695545230794462,35.908
3120,1.9220000000000006,6.607018453276662
3121,15.171999999999997,17.08
3122,14.062000000000001,6.150238724585579
3123,1.8735452307944622,-1.8038451432018667
3124,9.038,19.654
3125,3.628790855814505,9.968
3126,7.322226100754776,4.865999999999999
3127,-0.05008754560739135,20.516
3128,2.2519999999999993,13.876000000000001
3129,-7.526000000000001,8.80626020658571
3130,0.4359999999999998,5.022033655595371
3131,-3.2620000000000005,-0.4657397934142892
3132,9.325999999999997,13.77
3133,-4.813999999999998,12.391999999999998
3134,0.22799999999999976,-2.1060000000000016
3135,4.346,8.306
3136,7.693999999999997,11.53
3137,-3.548000000000002,-13.796000000000001
3138,-4.34,10.184000000000001
3139,-3.7544547692055383,-16.045747779595334
3140,-1.584,14.319999999999999
3141,-6.216,5.408260206585711
3142,-6.748,-15.527509055009753
3143,-2.660454769205538,-17.254696717195113
3144,-2.7880000000000003,-10.26362657839257
3145,2.61,14.882
3146,-9.12,-0.7409489375997808
3147,-1.454779728691086,-4.929389923760763
3148,1.4769309076692732,18.694121201202762
3149,8.510226100754775,11.294121201202765
3150,-0.34399999999999975,16.058
3151,-26.674,-11.769878798797238
3152,-4.384779728691087,7.616488875036474
3153,9.157999999999998,-5.572000000000003
3154,5.681882476617185,-5.385999999999997
3155,-0.16600000000000037,5.168260206585712
3156,-9.17,-0.5517612754144224
3157,3.834226100754775,-17.987509055009756
3158,3.0627908558145056,2.876260206585713
3159,-2.2504547692055383,8.499999999999998
3160,-6.364000000000002,6.815507328313137
3161,-21.633209144185493,10.143999999999998
3162,3.215999999999999,-7.709511124963524
3163,-2.354,1.491018453276665
3164,-2.239763345368194,-29.074796149172272
3165,-8.540000000000001,22.384
3166,0.7200000000000003,-5.379739793414288
3167,7.4159999999999995,-8.85196634440463
3168,-2.6080000000000005,-11.016000000000002
3169,1.8960000000000001,4.205999999999999
3170,-9.404,-8.955878798797238
3171,11.032,20.200488875036474
3172,-5.973999999999999,12.625051062400217
3173,8.97,-15.581878798797238
3174,-1.2960000000000012,-1.2800000000000025
3175,-14.547999999999998,1.4610510624002173
3176,-4.016087545607393,-2.7040000000000015
3177,6.7875452307944615,-10.498981546723337
3178,-0.5959999999999999,0.2681212012027608
3179,6.439545230794461,-9.193272400377946
3180,-6.048000000000001,-22.394
3181,2.6979999999999995,-16.923606418616284
3182,2.822226100754775,11.785999999999998
3183,-1.3619999999999997,-25.617999999999995
3184,1.5999999999999996,6.752121201202764
3185,-0.16400000000000042,-2.5829815467233344
3186,-0.22200000000000025,-23.352
3187,-18.008454769205535,12.933018453276663
3188,1.7062366546318075,30.585999999999995
3189,0.061220271308913256,-12.97672932631867
3190,5.390000000000001,-7.695999999999998
3191,3.2699999999999996,13.140260206585713
3192,2.0042261007547744,8.941051062400218
3193,-2.7060875456073923,7.370000000000002
3194,-8.687773899245226,-11.283046299623171
3195,-1.3900000000000001,2.9659999999999997
3196,-4.262981546723336,23.37026020658571
3197,0.002236654631806445,11.947018453276664
3198,5.029018453276665,9.932260206585712
3199,-5.7017477795953315,-4.350000000000002
3200,10.387102747926098,-20.35260013893486
3201,1.4099999999999995,2.899999999999999
3202,1.3107908558145056,14.768033655595369
3203,-2.064000000000001,5.901766038191468
3204,-3.4699999999999998,9.286238724585576
3205,-5.446,-6.2877612754144225
3206,-7.212000000000001,-15.280729326318667
3207,-1.7094955591906627,14.291999999999998
3208,2.284,22.772714975791253
3209,0.4619999999999992,-5.801445931233204
3210,2.132,3.739018453276664
3211,-0.7177738992452254,29.246
3212,4.815882476617185,8.058
3213,0.7602366546318071,3.850121201202763
3214,10.075999999999999,-8.815878798797238
3215,-18.082,0.5653032828048862
3216,7.128,10.452121201202761
3217,0.9320000000000006,5.792488875036476
3218,5.4319999999999995,-20.02
3219,0.5019999999999991,21.56
3220,4.178226100754776,-1.936981546723338
3221,-3.4620875456073916,-34.93999999999999
3222,4.0743360866089695,6.493999999999998
3223,-2.6980000000000004,16.156000000000002
3224,-4.176,-9.123757597594475
3225,8.198,-5.639761275414424
3226,7.523999999999999,8.809999999999999
3227,2.4040000000000004,7.2639999999999985
3228,-0.49720914418549356,7.426293862181083
3229,11.982000000000001,-9.089022249927051
3230,-8.554,-8.565999999999999
3231,2.1799999999999993,-9.72574777959533
3232,2.0860000000000003,-2.7237612754144225
3233,-1.9307554459685599,-6.953878798797237
3234,2.9560000000000004,-1.555966344404629
3235,1.781999999999999,19.017999999999997
3236,-3.6452344978966247,5.484714975791247
3237,-15.852,-14.308827736397017
3238,-3.5541175233828155,18.351999999999997
3239,-0.7227797286910864,10.752
3240,0.6999999999999993,15.322121201202762
3241,-2.9780000000000006,-17.70950106882871
3242,-9.959999999999999,3.2959999999999967
3243,2.075545230794462,-4.98128502420875
3244,3.0279999999999987,11.694
3245,-15.571999999999997,27.848000000000003
3246,2.499794931009793,16.21
3247,-1.89,-6.129966344404628
3248,1.5599999999999987,2.9659999999999975
3249,3.548000000000001,2.5650847179955902
3250,2.9682366546318066,14.303999999999998
3251,-6.343511124963525,34.684
3252,2.9199999999999995,8.584252220404668
3253,3.5298093090911706,-5.923511124963526
3254,-3.528000000000001,9.915999999999999
3255,-0.3517612754144217,10.590000000000002
3256,10.033999999999999,5.68
3257,4.121999999999998,-5.462948937599782
3258,-1.5377477795953307,-3.553714123999959
3259,1.3040000000000003,4.728
3260,0.20800000000000002,13.316000000000003
3261,3.378226100754776,19.693999999999996
3262,2.5432202713089134,2.1024888750364736
3263,6.008,-28.01574777959533
3264,4.18,3.3864888750364743
3265,3.1440000000000006,23.541999999999998
3266,6.064,-7.784000000000002
3267,-2.268000000000002,1.6327149757912494
3268,11.412,12.792121201202761
3269,-2.518,-12.755739793414289
3270,2.4639999999999995,-2.990000000000002
3271,6.135999999999999,12.655999999999999
3272,8.409882476617184,-3.623878798797236
3273,-5.933773899245226,0.29825222040466814
3274,4.284226100754775,-14.652948937599783
3275,2.471882476617185,-1.9137612754144206
3276,8.855999999999998,-10.133761275414424
3277,-1.0460000000000003,6.933999999999999
3278,-0.4960000000000008,15.552000000000001
3279,7.380790855814505,-0.10951112496352522
3280,0.3638824766171851,13.358
3281,-10.296,1.646069515676882
3282,2.4690184532766652,18.781999999999996
3283,1.8239999999999992,6.715999999999999
3284,-2.2489815467233356,-20.25387879879724
3285,-2.4961175233828157,7.902000000000001
3286,-1.5740000000000003,12.497999999999998
3287,-0.6380875456073916,10.62505106240022
3288,1.7359999999999993,17.976
3289,-2.500000000000001,19.58
3290,-2.038779728691087,0.3997334290679163
3291,3.41,-2.89328502420875
3292,-2.870228668450763,-6.253389923760763
3293,2.276,-12.96986421960419
3294,13.309999999999999,18.200121201202762
3295,-0.7040000000000001,3.544238724585578
3296,18.534,28.052
3297,-3.5320000000000022,1.6862387245855774
3298,3.4843360866089683,-0.6120000000000012
3299,-1.9489815467233353,14.152000000000001
3300,-1.6897738992452247,7.024260206585711
3301,6.064,13.626252220404666
3302,3.4959999999999996,-4.20528502420875
3303,4.12,14.310252220404669
3304,5.755999999999999,-8.42091528200441
3305,-1.873663913391032,19.142000000000003
3306,3.5922261007547744,-25.81474282213776
3307,-0.5820000000000005,15.021999999999997
3308,3.567999999999999,8.432121201202763
3309,5.802,10.335999999999999
3310,3.5100000000000007,21.089051062400223
3311,-2.181861444852617,-3.3899999999999983
3312,14.468236654631806,25.219999999999995
3313,6.65,-19.599761275414426
3314,5.167545230794462,16.503999999999998
3315,3.3659999999999997,2.8940336555953725
3316,1.349043076219175,9.112
3317,7.510252220404669,-8.163999999999998
3318,9.206,3.235051062400217
3319,-1.2857633453681931,-19.958000000000002
3320,6.747999999999999,-5.3980000000000015
3321,3.906,-3.8385700484175005
3322,7.052000000000001,21.633999999999997
3323,-5.038,0.41799999999999854
3324,-10.193999999999999,6.102033655595372
3325,-2.877763345368193,21.526
3326,-5.064000000000002,1.7819999999999971
3327,-5.7780000000000005,-26.191999999999997
3328,2.4059999999999997,5.3679999999999986
3329,6.332000000000001,18.529999999999994
3330,9.027999999999999,3.766238724585576
3331,8.202,-8.877285024208751
3332,-8.462,-19.703285024208746
3333,2.852,13.016121201202761
3334,9.14,6.544000000000001
3335,-4.221773899245225,-7.703966344404629
3336,7.618,-4.355757597594474
3337,6.036,8.814000000000002
3338,-0.2720000000000013,2.020121201202764
3339,6.413220271308913,8.375999999999998
3340,8.014000000000001,-11.545441609286643
3341,9.502236654631806,-18.207640074211657
3342,5.806,20.232
3343,-1.6360000000000003,-16.723714123999958
3344,1.1557649532343697,-8.807761275414421
3345,11.063999999999998,8.949084717995591
3346,-8.178,8.059999999999999
3347,3.9459999999999993,2.815999999999999
3348,-4.305999999999999,11.90908471799559
3349,-5.394087545607391,-17.531511124963522
3350,0.2440000000000003,-4.797285024208749
3351,13.160790855814506,-15.14973979341429
3352,-7.49,11.713999999999999
3353,-2.5507797286910874,-17.203845143201864
3354,-17.082981546723335,-7.55173979341429
3355,-1.2400000000000007,6.317051062400218
3356,-10.685209144185494,2.1630184532766643
3357,-5.25,0.8067149757912503
3358,-3.8599999999999994,-5.290948937599781
3359,4.981999999999999,-0.5180000000000007
3360,-4.451773899245228,17.047999999999995
3361,1.297999999999999,2.9722387245855773
3362,-9.154000000000002,8.87803365559537
3363,4.766,-11.157163823005988
3364,1.4159999999999988,12.102
3365,-7.170000000000002,-1.840729326318669
3366,2.4159999999999995,-0.4319663444046299
3367,-16.660867274298475,-11.789739793414286
3368,-5.12,7.180033655595372
3369,-2.586,0.4319999999999986
3370,3.614,23.875999999999998
3371,-6.856000000000002,-10.51587879879724
3372,0.31999999999999956,-8.642
3373,13.882,30.309999999999995
3374,11.30025222040467,8.086
3375,9.617999999999999,11.253999999999998
3376,3.6819999999999995,-13.539285024208748
3377,3.9939999999999998,-0.8440000000000024
3378,-1.8037738992452255,-11.796000000000003
3379,0.21023665463180663,2.322033655595372
3380,3.938108577371959,-20.639693964223675
3381,0.9840000000000002,18.546
3382,9.444,2.6262522204046674
3383,-4.576,-10.455272400377947
3384,2.87,23.238
3385,5.116252220404669,-3.47468873101407
3386,-1.8820000000000014,0.1069751823769625
3387,-8.876000000000001,3.841999999999998
3388,1.4922366546318062,17.546
3389,9.1,10.078
3390,-1.9779999999999993,-15.331761275414426
3391,4.306790855814507,13.167051062400215
3392,3.967999999999999,-0.9860000000000028
3393,6.7442366546318055,-20.36976127541442
3394,-17.23374777959533,4.187999999999999
3395,5.607999999999999,3.219999999999999
3396,-7.62,0.6443734216074312
3397,-8.564087545607393,-1.7620000000000005
3398,8.321018453276665,0.9947149757912512
3399,-7.51054307405928,14.632
3400,2.6139999999999994,13.148
3401,5.568000000000001,-5.157878798797237
3402,0.6980000000000004,14.583999999999998
3403,-18.486,1.8559999999999959
3404,-5.656,17.627999999999997
3405,-1.554,-2.7419663444046294
3406,4.696000000000001,5.9000336555953705
3407,9.784,29.577999999999996
3408,6.236,18.578
3409,1.968,-9.553761275414422
3410,4.076790855814505,-9.490000000000004
3411,-10.316454769205537,-16.003285024208747
3412,10.760236654631806,2.63
3413,4.245912454392608,3.641999999999998
3414,-0.8180000000000003,-1.0000000000000007
3415,4.909999999999999,-1.1077397934142872
3416,3.489882476617185,10.240000000000002
3417,2.1859999999999995,9.117018453276666
3418,-8.201747779595332,-10.066266570932084
3419,0.6859999999999996,-1.5537477795953327
3420,0.9099999999999998,-6.802000000000001
3421,7.175999999999999,22.583999999999996
3422,-1.3092091441854943,3.4410510624002186
3423,0.5587908558145059,2.4719999999999978
3424,-3.487773899245225,-2.667999999999998
3425,6.215999999999999,-21.15774777959533
3426,11.361999999999998,10.290000000000001
3427,-2.124,2.038036906553329
3428,3.655999999999999,-36.30577769589561
3429,2.2680000000000007,3.081999999999999
3430,2.4940000000000007,1.0930510624002179
3431,-6.368000000000001,-7.371761275414423
3432,-6.603999999999999,3.241018453276663
3433,12.192,15.564714975791247
3434,-6.214454769205537,1.7321212012027623
3435,4.908236654631806,4.949999999999998
3436,-4.776000000000001,3.748121201202762
3437,-5.134,4.330242402405526
3438,-2.3627797286910868,-9.819999999999997
3439,-1.4989724895536878,-0.13574777959533363
3440,1.7195452307944628,15.810000000000002
3441,-2.836087545607391,-4.584981546723339
3442,-12.79873082302605,0.11603365559536982
3443,8.138,21.154
3444,14.151999999999997,-10.187966344404629
3445,-0.38800000000000046,5.967999999999999
3446,-2.469999999999999,13.811999999999998
3447,-3.4384547692055376,-0.9960000000000022
3448,7.708236654631807,0.5460000000000012
3449,4.055999999999999,13.335999999999995
3450,-7.465999999999999,18.746488875036476
3451,-0.4820000000000011,-19.567966344404624
3452,-11.010779728691087,-1.3389815467233361
3453,0.5427908558145054,-0.5515111249635247
3454,-6.701209144185495,19.032
3455,3.4720000000000004,14.872
3456,9.492236654631807,-20.295618592211525
3457,-18.344087545607394,18.131999999999998
3458,2.956,13.07226020658571
3459,7.328252220404669,10.104000000000001
3460,7.4159999999999995,-0.38799999999999957
3461,-6.936,-4.945747779595334
3462,2.0079999999999996,0.9319999999999986
3463,8.099882476617186,-15.569714123999962
3464,-22.229999999999997,0.5782522204046672
3465,-3.8560000000000003,-3.2829489375997825
3466,1.6158824766171846,-31.54699111838132
3467,-1.5859999999999999,4.240260206585711
3468,5.295999999999999,6.576488875036475
3469,-1.9047554459685603,-0.1540000000000024
3470,2.350336086608968,14.64
3471,2.681882476617185,-10.506
3472,0.640236654631807,4.217999999999999
3473,4.764,21.04603365559537
3474,8.943999999999999,-26.012
3475,7.153999999999999,18.332
3476,4.613999999999999,3.3582602065857117
3477,-0.5500000000000005,-14.215258904558857
3478,-2.135773899245226,0.4250510624002189
3479,12.827882476617186,18.999018453276665
3480,0.4039999999999999,3.20271497579125
3481,5.3310275104463125,6.556
3482,1.9519999999999995,3.020121201202763
3483,9.91,-22.22576127541442
3484,-5.0059999999999985,7.177999999999999
3485,7.139018453276665,-13.751250918377812
3486,4.754,14.91
3487,15.299882476617185,26.060000000000002
3488,1.6962522204046688,19.328
3489,3.255999999999999,3.4860000000000015
3490,-2.7397477795953313,-5.475747779595335
3491,5.433999999999999,-13.390710213014206
3492,8.538790855814506,-8.667761275414424
3493,1.925999999999999,-4.9139663444046295
3494,-4.234000000000001,-5.400000000000001
3495,-11.606779728691086,26.55
3496,-12.101999999999999,-11.753747779595333
3497,-2.5047797286910876,-5.053640074211658
3498,-6.904000000000001,-1.5369152820044092
3499,-5.484983043430719,19.216
3500,-1.698,14.107999999999999
3501,5.026473309263614,6.177999999999999
3502,2.4499999999999993,0.17225222040466798
3503,-4.824000000000001,-5.459878798797237
3504,7.544236654631805,28.797999999999995
3505,0.8162261007547746,5.023999999999999
3506,-0.04399999999999906,19.111051062400218
3507,14.328,-5.887747779595333
3508,9.728,-36.28442640696794
3509,6.961999999999998,9.971018453276665
3510,-1.4520000000000002,10.453051062400219
3511,-0.7960000000000008,-15.525761275414425
3512,7.019999999999999,14.809999999999997
3513,5.492,12.956
3514,4.968,-3.228981546723335
3515,-1.7140000000000015,16.646
3516,-2.1469815467233344,-8.415966344404627
3517,-7.692779728691088,-30.915238744782574
3518,0.8499999999999996,17.23
3519,-0.22374777959533104,-29.90576127541442
3520,2.372,-8.422
3521,-5.412000000000001,4.866
3522,1.4039124543926083,-2.2009489375997813
3523,7.491999999999999,0.32199999999999707
3524,-6.950779728691086,4.141999999999998
3525,7.831999999999999,26.544
3526,-2.161209144185495,18.103999999999996
3527,1.5079124543926088,-4.116981546723337
3528,12.619882476617184,-3.364000000000002
3529,0.4347908558145055,-5.521999999999998
3530,0.40000000000000036,14.602
3531,-5.738,-15.755761275414423
3532,-5.0920000000000005,-6.91996634440463
3533,-3.194087545607392,-25.168780583399414
3534,7.668000000000001,-10.393739793414289
3535,-3.759773899245225,3.0259999999999976
3536,2.1139999999999985,-6.251747779595332
3537,-2.586779728691087,-0.012000000000000455
3538,-11.144000000000002,-5.952000000000001
3539,4.230000000000001,3.2404888750364718
3540,0.4119999999999987,4.346033655595371
3541,1.1567908558145066,16.073999999999998
3542,5.821999999999999,23.788
3543,-2.5889815467233346,-7.161511124963525
3544,-3.4565536279363114,-0.35999999999999976
3545,0.13754523079446218,-10.418000000000001
3546,3.8522261007547756,2.7164888750364735
3547,3.798226100754775,10.781999999999998
3548,-9.785999999999998,-6.951511124963526
3549,8.696790855814504,-3.546948937599782
3550,-15.960000000000003,4.188260206585712
3551,-1.268779728691086,23.39
3552,11.916,-0.6880000000000006
3553,5.977999999999999,-6.155878798797239
3554,-12.092,8.464238724585579
3555,-2.1707797286910866,0.2730184532766643
3556,1.6282366546318066,-17.859739793414285
3557,7.447912454392608,-23.706000000000003
3558,5.226,33.342
3559,2.5090184532766644,16.174
3560,-21.649296689792884,3.6827149757912516
3561,-0.0052091441854939195,-14.413747779595331
3562,4.457999999999999,4.391999999999999
3563,4.052,-18.74294893759978
3564,3.7530184532766624,9.624121201202763
3565,6.809999999999998,-7.431973755222819
3566,-3.864,12.021999999999998
3567,4.046000000000001,5.632
3568,12.175882476617184,3.0904888750364745
3569,-5.300000000000002,-7.928
3570,4.7299999999999995,2.725999999999999
3571,2.757545230794461,18.183999999999997
3572,-17.787209144185493,-20.07
3573,0.10399999999999991,8.16
3574,-7.07,1.1100336555953718
3575,-8.686,20.755999999999997
3576,-3.8480000000000003,-15.40162657839257
3577,0.6499999999999992,-7.774000000000004
3578,11.856,3.162252220404666
3579,1.391999999999999,17.09025222040467
3580,10.65,2.9219999999999997
3581,5.081999999999999,4.793999999999999
3582,2.926226100754774,-0.4617477795953306
3583,1.6939999999999997,-8.611878798797235
3584,-4.827747779595332,-19.58457446952053
3585,1.361912454392608,-22.40351112496353
3586,0.7282261007547749,-4.47987879879724
3587,1.1999999999999993,27.43
3588,8.319999999999999,-7.579966344404629
3589,0.9494463720636886,-2.7840000000000003
3590,5.351999999999999,9.151999999999997
3591,-2.2117738992452254,4.19305106240022
3592,2.0059999999999993,-17.45669671719511
3593,14.248000000000001,-7.894948937599784
3594,-1.7777633453681936,0.7821212012027633
3595,-4.260000000000001,-5.967966344404627
3596,2.666,24.561999999999994
3597,10.608252220404669,-7.531761275414422
3598,1.9798824766171843,-7.217999999999999
3599,10.919999999999998,2.41626020658571
3600,4.8322366546318065,-11.354
3601,-9.992,16.827999999999996
3602,-1.5054142131757007,27.227999999999998
3603,4.780703310207115,1.6262387245855798
3604,2.255999999999999,-18.049966344404627
3605,-5.612,10.783999999999999
3606,5.696,-19.52894893759978
3607,5.871545230794459,13.725999999999999
3608,0.6261385551473839,3.7580000000000013
3609,11.697999999999999,24.996
3610,4.136119131248991,23.212
3611,0.4299999999999983,18.63
3612,2.568,16.842
3613,-0.6600000000000013,0.6479999999999994
3614,2.3478824766171846,-3.4417397934142877
3615,4.938,14.251999999999999
3616,-9.05,-3.394000000000003
3617,-1.2387797286910867,3.1487149757912514
3618,12.895999999999997,-33.565999999999995
3619,-11.67645476920554,-6.279761275414422
3620,-19.642000000000003,-9.160947891127964
3621,0.6758824766171845,-20.12928502420875
3622,-6.5027797286910864,3.623999999999998
3623,3.3102366546318067,-25.31364007421166
3624,17.023999999999997,-0.7280000000000004
3625,10.784,16.322
3626,-1.318,18.924000000000003
3627,2.1919999999999997,13.689999999999998
3628,4.610226100754774,3.154488875036475
3629,4.322,16.146
3630,-6.815537244613418,-6.941714123999961
3631,-1.447747779595332,8.764714975791248
3632,3.7439999999999984,-33.68573979341428
3633,-2.0140000000000007,-6.712492671686862
3634,4.9159999999999995,9.50505106240022
3635,6.005999999999999,18.971999999999998
3636,-6.05774777959533,8.389999999999999
3637,-3.938000000000001,2.721051062400219
3638,0.6599999999999995,17.238
3639,1.6702522204046688,20.603999999999996
3640,-7.619999999999999,-6.172492671686863
3641,-3.2400000000000007,-10.769511124963525
3642,10.694790855814507,-2.742
3643,-5.108729326318667,-19.23948757300962
3644,1.4599999999999993,-34.840794079218504
3645,1.8419999999999987,-14.144
3646,-0.7300000000000004,22.576
3647,2.006,-5.0637477795953325
3648,-6.921861444852617,6.214121201202762
3649,-0.9560000000000006,3.594
3650,-3.488000000000001,8.499999999999998
3651,-0.9599999999999991,-1.4356265783925672
3652,-0.08199999999999932,14.609999999999996
3653,-3.795209144185494,-0.49551112496352656
3654,8.576,3.0879999999999987
3655,1.1140000000000003,-2.407878798797237
3656,-6.447763345368195,-3.137999999999999
3657,4.477999999999999,13.035999999999998
3658,7.626,7.145051062400219
3659,2.895999999999999,-12.1
3660,1.0270184532766635,-6.141739793414293
3661,1.5704888750364758,15.05
3662,4.806,15.67305106240022
3663,-13.186000000000002,-15.843714123999963
3664,0.6439999999999996,12.898
3665,-6.048000000000001,-17.99996634440463
3666,5.859882476617185,16.346
3667,-0.6084547692055373,14.870000000000001
3668,-0.6116639133910322,10.443507328313139
3669,-6.952779728691087,4.833999999999999
3670,1.2107908558145062,4.366488875036476
3671,0.4122522204046689,20.096
3672,0.3899999999999995,7.260260206585713
3673,4.935545230794462,-7.991878798797238
3674,4.747999999999999,-1.0279999999999987
3675,3.535999999999999,1.2939999999999983
3676,4.663018453276665,-6.2372850242087505
3677,-15.082779728691088,-12.199878798797238
3678,1.2319999999999982,19.97212120120276
3679,-7.7379999999999995,9.763051062400217
3680,5.858,-6.332000000000001
3681,5.138,17.782
3682,-3.7640000000000007,8.054252220404667
3683,-1.4457477795953313,-28.950948937599776
3684,6.205882476617186,-2.0640000000000005
3685,-3.286981546723335,5.052714975791249
3686,-10.534,6.3581212012027635
3687,1.6119999999999997,-13.780729326318667
3688,2.14301695656928,-18.288
3689,0.884,1.746488875036475
3690,2.974236654631807,1.874000000000001
3691,8.633882476617185,10.83
3692,2.547999999999999,-0.5852850242087498
3693,3.444,-1.4417397934142886
3694,-5.820000000000002,-25.689272400377945
3695,15.15,0.12399999999999807
3696,-4.712000000000001,14.613999999999999
3697,3.1879999999999993,15.412
3698,15.434000000000003,7.3741212012027635
3699,-4.612,-1.4716185922115244
3700,5.407018453276663,9.002
3701,-7.85,-13.89576127541442
3702,2.2,-6.565999999999998
3703,-0.7180000000000011,3.7959999999999994
3704,5.651912454392608,9.008
3705,3.6960000000000006,-2.716000000000001
3706,-6.095747779595332,-14.236
3707,0.08079085581450514,16.994
3708,4.273999999999999,7.119999999999999
3709,-14.398,17.74612120120276
3710,-6.698000000000002,3.694238724585579
3711,7.895999999999999,-15.256006364346373
3712,-2.097999999999999,-1.5200000000000018
3713,6.051220271308913,4.600260206585711
3714,7.931709146345389,-20.53104629962317
3715,-3.0520000000000005,12.45
3716,0.3580000000000004,14.66471497579125
3717,-0.7097477795953321,11.027999999999997
3718,11.225999999999999,2.862121201202762
3719,11.531999999999998,18.16
3720,6.096236654631808,5.755051062400218
3721,-0.4780000000000008,-0.875163823005986
3722,-5.088,-12.472860345520573
3723,-4.244454769205538,-6.032000000000002
3724,2.4742261007547754,-4.553640074211659
3725,8.7,-13.136000000000001
3726,5.399912454392608,21.074
3727,-1.116454769205538,8.244
3728,1.674236654631806,-7.775999999999999
3729,-5.51,9.863999999999999
3730,2.7,2.791051062400218
3731,1.9460000000000002,-13.894696717195114
3732,3.0490184532766635,-10.34528502420875
3733,-9.842,-16.223999999999997
3734,7.463999999999999,5.166033655595372
3735,-2.4979999999999984,4.000488875036474
3736,-3.976,-0.2256265783925687
3737,-1.466000000000001,31.026
3738,-0.14599999999999974,1.0980336555953716
3739,-5.944,2.7479999999999984
3740,-29.898000000000003,4.583999999999999
3741,-6.11598887287658,27.357999999999997
3742,7.524252220404668,11.274
3743,6.869999999999999,14.597999999999999
3744,-6.898000000000001,4.0722522204046685
3745,4.172000000000001,0.9461212012027623
3746,-4.961747779595331,-3.175761275414422
3747,-6.616000000000001,7.50105106240022
3748,9.407999999999998,22.008
3749,-1.4787797286910866,16.259999999999998
3750,-6.2429815467233345,4.197999999999999
3751,-5.138,8.115999999999998
3752,0.978,24.887999999999998
3753,5.514236654631807,-1.0430328038040813
3754,-1.5587797286910878,29.282
3755,-1.592000000000001,3.8419999999999974
3756,-0.48089725207390155,21.587999999999997
3757,-2.202,20.7
3758,1.883999999999999,-3.4589815467233356
3759,3.4219999999999993,-9.428981546723337
3760,7.6819999999999995,1.6453112689859295
3761,-6.410087545607392,5.675999999999999
3762,3.983912454392609,13.913999999999998
3763,-16.31155945738217,-0.16502224992705053
3764,0.0539999999999992,9.730033655595372
3765,11.471999999999998,-1.2557477795953331
3766,-0.316,9.006488875036476
3767,-6.456,-29.71176127541442
3768,-4.492,0.2019999999999989
3769,17.113999999999997,26.362000000000002
3770,2.717882476617185,0.8570510624002189
3771,4.231999999999999,7.7719999999999985
3772,-6.208,-8.196000000000002
3773,-4.974000000000002,-25.50796634440463
3774,-5.469850890975584,19.398
3775,-3.126,33.894
3776,-0.36000000000000015,20.552
3777,3.577882476617185,-13.611272400377946
3778,3.2399999999999993,-13.119747779595333
3779,8.918,-21.523999999999994
3780,0.45599999999999963,-23.36123535260495
3781,-1.5440000000000003,-9.453511124963525
3782,12.27811913124899,-16.232000000000003
3783,-7.956956923780825,3.387999999999998
3784,-6.207999999999999,-16.10528502420875
3785,5.38290092989385,5.294
3786,-1.947999999999999,1.1441212012027613
3787,-1.038744892091529,26.212
3788,6.843999999999999,2.7620336555953706
3789,-4.17,1.6020336555953718
3790,4.921999999999999,-27.589761275414425
3791,2.193999999999999,-3.729739793414288
3792,-12.727999999999998,2.006121201202762
3793,-9.95,7.136
3794,-4.776000000000001,6.117018453276665
3795,-0.3040000000000006,-23.20587879879724
3796,-0.2967797286910866,-1.5637397934142894
3797,5.598,6.427999999999997
3798,6.803018453276666,6.448238724585579
3799,4.279999999999999,11.540000000000001
3800,-20.75877972869109,4.03025222040467
3801,2.314252220404669,-2.7177397934142897
3802,1.4739999999999989,-0.9440000000000012
3803,2.8539999999999988,-4.048
3804,8.813999999999998,3.0120336555953715
3805,-21.714000000000002,-4.655999999999999
3806,6.643220271308913,20.086
3807,8.638,-0.2144926716868616
3808,-3.3019999999999996,20.492260206585712
3809,-5.522,7.476000000000001
3810,4.84,24.688000000000002
3811,8.661545230794463,-8.568742822137759
3812,11.461882476617186,17.802
3813,5.683999999999999,12.697999999999999
3814,0.9620000000000001,-4.686000000000002
3815,-0.4860000000000008,-2.2600000000000002
3816,-12.601747779595332,7.678
3817,13.095999999999998,-0.6477612754144232
3818,5.351999999999997,-24.387163823005988
3819,3.0859999999999994,13.545999999999998
3820,0.028000000000000115,13.107999999999999
3821,1.4986733324316908,8.418000000000001
3822,-13.720000000000002,11.888
3823,13.896,2.618
3824,-4.182,8.952000000000002
3825,-3.1757738992452254,11.416
3826,6.556,-17.231522550828842
3827,-1.2201175233828145,-21.11328502420875
3828,10.027999999999999,-2.481747779595331
3829,7.542236654631806,5.6739999999999995
3830,3.968226100754775,4.54625222040467
3831,1.6267033102071147,6.7559999999999985
3832,7.1819999999999995,-17.014266570932087
3833,-6.446000000000001,11.266000000000002
3834,-6.0920000000000005,-4.836000000000003
3835,-2.926779728691087,-24.61702017997328
3836,6.552,10.01403365559537
3837,2.7782261007547744,-10.48174777959533
3838,-4.6579999999999995,8.620238724585576
3839,6.802,6.877999999999998
3840,-1.3640000000000012,-12.514492671686863
3841,0.020000000000000816,-9.629761275414424
3842,-1.8399999999999999,3.3881212012027637
3843,7.633999999999999,-12.977963093446672
3844,5.725018453276664,-5.240981546723337
3845,-2.4300000000000006,-13.051761275414425
3846,13.518,0.3899999999999991
3847,-15.854000000000003,0.09412120120276128
3848,8.32,-4.343999999999999
3849,2.5980000000000003,8.960242402405523
3850,4.178,19.642
3851,0.7599124543926085,7.063999999999998
3852,4.962000000000001,-1.9697397934142882
3853,9.972,8.754000000000001
3854,7.5699999999999985,-9.178000000000003
3855,-4.829326667568309,-0.3889815467233362
3856,7.297999999999999,14.556000000000001
3857,3.019999999999999,12.89
3858,-1.2149815467233354,18.491999999999997
3859,0.8019999999999996,8.66
3860,-1.7432091441854936,7.444
3861,-3.930779728691087,-1.395966344404627
3862,-14.492779728691085,5.7864888750364765
3863,-2.4000875456073913,-13.305240862243
3864,10.270236654631807,5.984488875036474
3865,3.099999999999999,16.83226020658571
3866,-3.9124547692055374,14.692121201202761
3867,-7.878,-20.613878798797234
3868,6.996,8.144252220404667
3869,-2.556,26.53226020658571
3870,-2.620087545607392,18.653999999999996
3871,1.2190184532766644,-8.075714123999962
3872,2.703018453276664,18.272
3873,3.5462366546318065,-15.863626578392566
3874,-6.609999999999999,10.097051062400217
3875,0.46622610075477516,18.804000000000002
3876,13.657018453276663,10.145999999999997
3877,1.2959999999999998,-7.353999999999999
3878,-0.1280000000000005,3.71
3879,5.968000000000001,6.727999999999997
3880,1.7179999999999993,3.9279999999999973
3881,8.088,11.458488875036476
3882,2.582,-2.770000000000001
3883,2.928,-12.283999999999997
3884,-1.280454769205538,-20.55952255082884
3885,-11.381559457382174,-15.475474218410195
3886,9.435999999999998,-10.05072932631867
3887,7.654226100754774,-7.871477469368155
3888,2.403912454392608,-12.541258904558855
3889,9.152,16.76825222040467
3890,-0.06208754560739109,21.45
3891,0.27999999999999936,20.79
3892,-2.7040000000000006,-2.7095090550097516
3893,-1.1039999999999992,1.1459999999999986
3894,3.376236654631806,-12.344000000000001
3895,-1.422,7.650238724585579
3896,6.593999999999999,-2.8413899237607643
3897,-7.927747779595331,13.344
3898,-2.7299999999999995,-7.069739793414286
3899,-5.854000000000001,-2.0920000000000014
3900,-0.4317738992452247,-2.598
3901,4.672000000000001,-9.83082773639702
3902,3.8558824766171838,-7.849878798797237
3903,-3.9139999999999993,-9.621509055009755
3904,9.285018453276665,4.758260206585709
3905,-1.341747779595331,14.065999999999997
3906,11.8,1.4839999999999995
3907,19.082,-1.5900000000000005
3908,6.549999999999999,-15.959966344404625
3909,2.0059999999999993,8.149999999999999
3910,2.375999999999999,18.19625222040467
3911,-10.3,6.434121201202766
3912,-4.522,-30.974729326318673
3913,-13.047999999999998,7.75226020658571
3914,0.3119999999999997,-3.179495559190664
3915,-1.3199999999999996,13.75
3916,5.243545230794462,9.798000000000002
3917,2.2719999999999994,-14.610490601733087
3918,-3.2089830434307194,0.0320000000000011
3919,6.111999999999999,-10.148000000000003
3920,3.1480000000000006,-17.521761275414423
3921,5.75645220150955,5.3039999999999985
3922,2.118,8.335999999999999
3923,-7.5600000000000005,-0.01987879879723593
3924,0.5820000000000002,12.052000000000001
3925,-11.637296689792887,9.341999999999995
3926,-0.8160875456073923,-12.39
3927,-6.7124547692055385,9.096
3928,8.224,11.16
3929,-10.215209144185497,0.5921212012027637
3930,-2.966000000000001,4.657999999999998
3931,3.7099999999999995,-3.7757477795953327
3932,-20.694,21.618000000000002
3933,-3.735761275414421,-12.853706137818914
3934,-4.1259999999999994,9.579999999999998
3935,2.55,7.368
3936,6.784000000000001,-3.001761275414421
3937,9.221999999999998,1.779999999999999
3938,-1.6889815467233356,-6.549285024208752
3939,-12.878779728691086,-9.735272400377948
3940,10.146236654631807,-4.532981546723338
3941,2.108226100754775,12.306238724585578
3942,0.4879999999999999,-2.4060000000000015
3943,-4.179747779595331,16.154000000000003
3944,-6.4367797286910875,-7.162000000000001
3945,8.003882476617186,2.4321212012027615
3946,4.492226100754775,-5.14974777959533
3947,-5.891999999999999,1.8962522204046686
3948,-5.396553627936311,6.50705106240022
3949,3.533999999999999,4.758
3950,0.10999999999999951,6.5
3951,-1.9519999999999988,-5.1197612754144215
3952,2.886,8.858714975791248
3953,12.124,13.009051062400221
3954,-7.467747779595331,18.131999999999998
3955,2.969999999999999,14.912
3956,-4.001999999999999,-3.3899999999999992
3957,-0.0879999999999999,-4.654948937599782
3958,2.325882476617184,4.582260206585713
3959,-1.5218653029781462,1.7260336555953728
3960,1.6155452307944622,4.1759999999999975
3961,7.722134697021853,8.794252220404669
3962,3.1462366546318057,-7.172
3963,3.099999999999999,-22.419761275414423
3964,-5.308346191833577,-25.914266570932078
3965,-21.746,22.943999999999996
3966,-2.7021175233828147,9.200238724585576
3967,3.0779999999999994,15.026
3968,-2.5080000000000005,10.652
3969,3.861018453276664,-10.234
3970,0.47999999999999865,22.653999999999996
3971,0.7490184532766648,-2.9677397934142875
3972,-2.9397738992452243,5.841999999999998
3973,4.3100000000000005,-1.0477397934142885
3974,-5.08,24.151999999999997
3975,13.411102747926098,18.026714975791247
3976,5.08,-2.0458787987972364
3977,3.2482522204046687,-7.208266570932085
3978,-2.402087545607392,1.8320000000000007
3979,2.411545230794462,2.9062602065857135
3980,5.221999999999999,23.108000000000004
3981,3.6099999999999994,15.317999999999998
3982,-8.058,-19.767966344404623
3983,-4.284000000000001,2.8081548567981343
3984,5.735912454392609,-12.303878798797237
3985,-0.15376334536819325,-0.4509815467233366
3986,-4.412779728691087,3.7982522204046676
3987,-11.817209144185494,4.025999999999999
3988,9.134,-9.14176127541442
3989,-2.394000000000001,-4.015511124963526
3990,4.778236654631806,5.4102522204046695
3991,-1.3200000000000003,-4.038655075418697
3992,-9.452117523382816,2.733311268985932
3993,-0.06374777959533154,7.89403365559537
3994,-6.228,-8.067878798797237
3995,-0.9300000000000004,2.3341212012027635
3996,5.978,12.66271497579125
3997,2.0167033102071152,-5.233999999999998
3998,-6.148000000000001,4.121999999999998
3999,-7.035763345368193,-6.567511124963525
4000,-4.850117523382815,-1.607511124963524
4001,9.206149109024414,6.459999999999998
4002,-20.476,0.30399999999999777
4003,-3.5317477795953325,-10.883878798797237
4004,10.002,4.392610076239237
4005,7.478,9.592
4006,8.267999999999999,12.663999999999998
4007,-2.6800000000000006,-5.625999999999999
4008,1.1572202713089126,9.55505106240022
4009,6.51,7.639733429067914
4010,-2.1060000000000003,15.05
4011,5.253545230794462,10.367999999999999
4012,0.27501845327666424,6.51
4013,7.973545230794461,-0.2680000000000028
4014,8.831999999999997,21.294
4015,0.33399999999999963,13.489018453276662
4016,0.9462522204046685,-22.17572761981905
4017,-4.1457477795953315,-15.002
4018,3.0119999999999996,-1.287999999999998
4019,0.003999999999998849,2.7119999999999993
4020,20.072,19.662
4021,4.17,3.3699999999999974
4022,8.879999999999999,-0.9229489375997822
4023,9.367999999999999,0.6370510624002185
4024,5.494000000000001,23.705999999999996
4025,-8.998779728691085,-9.767999999999999
4026,-0.693209144185494,-21.181761275414424
4027,4.337882476617185,3.82426020658571
4028,14.441999999999998,14.911999999999995
4029,2.5620000000000003,0.025018453276664587
4030,3.8899999999999983,-13.183706137818916
4031,5.283999999999999,4.153999999999998
4032,1.3620000000000005,-14.920003796650386
4033,-9.574000000000002,13.509999999999996
4034,-0.6480000000000002,9.954260206585712
4035,-4.706,11.309999999999999
4036,11.386252220404668,-8.735511124963526
4037,3.2682366546318065,3.142488875036473
4038,18.502,-16.568911602601318
4039,1.2215452307944623,-31.40448261555204
4040,7.473999999999999,-26.993761275414425
4041,5.032,-9.311966344404626
4042,-0.21098154672333608,14.004
4043,6.336,-18.87449267168686
4044,-6.835234497896624,9.538
4045,3.4899999999999998,-0.25574777959533324
4046,-2.1347797286910866,13.506260206585713
4047,2.364,26.924
4048,-1.0000000000000004,-1.335501068828711
4049,-2.1620000000000013,13.229999999999995
4050,9.475999999999999,-10.771268722557998
4051,-9.83052750828642,-32.26152255082884
4052,10.049999999999999,4.914714975791247
4053,6.233999999999999,10.546
4054,6.33,10.527999999999997
4055,-0.6340875456073917,17.548
4056,-21.208,14.505999999999997
4057,12.553999999999998,18.808
4058,9.451999999999998,1.9939999999999984
4059,-2.4499999999999997,17.234
4060,1.8442522204046679,9.886
4061,-14.008,-6.537999999999999
4062,-0.05320914418549396,1.4262387245855792
4063,1.5319999999999996,6.539051062400219
4064,-4.522117523382815,1.0482522204046678
4065,1.4540000000000002,4.240488875036474
4066,8.423018453276665,6.017051062400218
4067,7.020563684071128,3.7530510624002162
4068,10.738,-9.527618592211525
4069,4.909999999999998,-7.4060000000000015
4070,5.65,-1.1975111249635262
4071,12.207999999999998,29.859999999999996
4072,4.127999999999998,16.124
4073,2.469912454392608,13.833999999999998
4074,2.9604627553865823,-4.527999999999999
4075,4.714,-7.285761275414421
4076,-15.821747779595333,13.065999999999997
4077,-0.5200000000000001,9.294373421607432
4078,3.032,-12.825511124963526
4079,2.8232202713089114,16.055999999999994
4080,12.523018453276666,19.459999999999997
4081,-7.772454769205538,22.071999999999996
4082,7.6,0.8579999999999985
4083,-4.708,4.781052108872035
4084,-12.04774777959533,11.338
4085,2.9639124543926085,15.68071497579125
4086,10.105999999999998,3.3084888750364754
4087,-11.390000000000002,8.010714975791249
4088,-1.4499999999999995,-1.4210854715202005e-15
4089,11.011545230794463,6.335018453276665
4090,-0.4439999999999998,8.41
4091,-21.862000000000002,4.031999999999998
4092,8.65,-1.0157397934142878
4093,-8.846,2.0822602065857128
4094,-0.35400000000000065,6.85
4095,-11.982779728691085,17.458000000000002
4096,0.6079999999999994,22.39
4097,5.885912454392608,-1.7578787987972369
4098,0.47588247661718486,13.038
4099,-4.775999999999999,16.583999999999996
4100,0.8899999999999981,23.106
4101,3.082252220404668,9.075999999999999
4102,-1.5220875456073906,-3.920000000000001
4103,-14.05,-3.0344600625633062
4104,4.813018453276664,8.198260206585712
4105,-2.161773899245225,7.721999999999999
4106,-1.852087545607392,-18.65274282213776
4107,3.972,-14.837511124963527
4108,-3.4077738992452256,-3.3919663444046293
4109,1.2719999999999991,28.859999999999996
4110,-3.3059999999999987,-5.199966344404627
4111,-0.7617477795953314,-2.322
4112,-3.267773899245225,12.262488875036473
4113,-0.16698154672333487,-7.448981546723337
4114,0.5341191312489914,-21.01257551599235
4115,-0.1107797286910861,-17.49098154672334
4116,-4.122983043430719,3.8130184532766633
4117,-1.746117523382815,17.892
4118,1.529999999999999,-0.4669815467233363
4119,8.960226100754776,-9.282570048417497
4120,-10.842087545607392,5.883999999999999
4121,9.627999999999998,-9.773509055009754
4122,-1.3000000000000003,17.252
4123,-5.408000000000001,-15.564145369729323
4124,2.354,8.144
4125,7.196000000000001,8.001999999999999
4126,2.254,0.8619999999999994
4127,-2.8201175233828155,20.144
4128,-10.456,1.380000000000002
4129,3.9959999999999996,-14.13
4130,-9.636842991575952,-17.282696717195115
4131,3.343999999999999,-4.493511124963527
4132,-1.605209144185494,2.5879999999999983
4133,5.554,6.479018453276663
4134,-14.37208754560739,7.636488875036474
4135,6.428,-9.91525136861338
4136,-0.15399999999999991,27.609999999999996
4137,-8.892000000000001,-16.493272400377947
4138,1.457999999999999,-5.964696717195112
4139,2.5504522015095494,12.044
4140,-5.532000000000001,-1.5267213401376236
4141,-2.3689815467233344,9.39105106240022
4142,-7.090000000000001,5.0360000000000005
4143,3.295999999999998,19.56403365559537
4144,2.9819999999999998,-4.624000000000002
4145,-9.712,4.4862387245855775
4146,2.0460000000000007,-3.1519999999999992
4147,-0.32920914418549374,-0.9840000000000018
4148,-0.9922286684507625,-3.8359999999999976
4149,-3.782000000000001,14.825018453276664
4150,17.322236654631805,8.036488875036474
4151,-3.4089815467233335,3.4159999999999995
4152,-0.21200000000000152,-3.5612850242087477
4153,1.5542366546318074,25.676
4154,-0.9160000000000009,-2.2780000000000014
4155,-6.340000000000001,-1.3887213401376257
4156,1.9139999999999997,-12.71928502420875
4157,-2.894000000000001,-10.36773979341429
4158,4.702,13.227539937436694
4159,-2.7880000000000007,-1.0212850242087506
4160,6.955999999999999,-0.06799999999999855
4161,4.684000000000001,18.264
4162,6.434226100754775,18.12
4163,7.299999999999999,-9.888796149172276
4164,1.7579999999999996,18.526
4165,5.607545230794463,22.642000000000003
4166,13.858236654631805,3.314252220404667
4167,1.224226100754775,9.724033655595374
4168,4.675999999999999,8.917051062400217
4169,7.108000000000001,2.4310510624002184
4170,-0.1777633453681938,-2.6504926716868615
4171,-11.498,-14.04472932631867
4172,5.613999999999999,-13.765739793414287
4173,4.093999999999997,-7.849511124963525
4174,8.905999999999999,-17.18962657839257
4175,11.632000000000001,-9.647640074211658
4176,6.616,15.294
4177,6.025999999999999,-5.531739793414289
4178,-6.148000000000002,-9.805761275414422
4179,-0.3807797286910869,0.7723599257883407
4180,-3.4739999999999993,-8.005747779595334
4181,7.967999999999999,-14.922981546723339
4182,-3.050117523382815,23.088
4183,0.43222610075477486,11.941999999999998
4184,-7.410087545607392,-15.166000000000002
4185,9.356790855814504,5.00071497579125
4186,-0.46520914418549414,18.894
4187,2.368252220404668,7.008000000000001
4188,-0.46599999999999986,10.205018453276665
4189,-0.34199999999999947,7.723999999999998
4190,-3.3600000000000003,-9.314000000000002
4191,0.6222522204046683,-11.126
4192,6.967999999999999,-6.870492671686861
4193,3.1867908558145057,5.480714975791251
4194,5.2620000000000005,-9.601511124963526
4195,-2.7880000000000003,-3.315966344404629
4196,8.084790855814505,5.305999999999999
4197,1.9479999999999997,15.886
4198,4.2700000000000005,-2.0660000000000034
4199,-16.502000000000002,-9.452000000000002
4200,-2.6620000000000004,22.07
4201,-1.7669095384110753,13.303999999999998
4202,-1.6400000000000006,14.166
4203,-2.5440875456073906,-1.0487213401376223
4204,7.450000000000001,14.667999999999997
4205,-10.283069092330727,8.187999999999999
4206,-1.6440000000000006,2.581999999999998
4207,3.3359999999999994,-7.78576127541442
4208,1.8680000000000003,-8.521747779595334
4209,-10.431999999999999,-0.44774777959533124
4210,-16.684,15.884
4211,14.398,27.45
4212,3.1290184532766645,-6.461739793414287
4213,-6.094983043430719,12.722
4214,-0.5897738992452257,9.784488875036477
4215,0.9467033102071142,0.03327067368133356
4216,1.4532202713089142,12.65
4217,-11.216,-1.627747779595334
4218,4.391018453276665,20.126252220404666
4219,-1.7899999999999996,-0.7639999999999982
4220,6.036900929893851,-30.7465574245867
4221,6.005220271308914,-6.045258904558857
4222,0.815912454392608,-20.019739793414285
4223,-3.295773899245225,-11.967878798797235
4224,9.616236654631805,30.43
4225,-11.185773899245225,-13.503739793414287
4226,-6.532779728691088,-3.7340000000000004
4227,-3.8299999999999983,20.332
4228,9.011999999999999,9.28403365559537
4229,-0.9019999999999996,0.641999999999998
4230,12.135882476617184,16.062
4231,6.7459999999999996,-2.8609489375997823
4232,3.4579999999999997,-17.771761275414423
4233,7.268000000000001,1.7947149757912502
4234,-1.3685082374597208,-2.6879999999999997
4235,-1.8039999999999996,-0.41996309344667254
4236,1.4412202713089137,17.82012120120276
4237,-1.5699999999999998,-13.21494893759978
4238,0.8458824766171859,7.358
4239,-7.7,3.372
4240,10.496,-13.529999999999996
4241,-7.7677477795953305,12.982
4242,-2.102000000000001,-12.155511124963523
4243,0.7559999999999996,-5.708000000000001
4244,1.8107908558145063,-21.720233961808525
4245,1.69,-7.538000000000002
4246,-8.943999999999999,-1.9849489375997806
4247,-2.887999999999999,12.403999999999998
4248,3.752,23.843999999999998
4249,7.1739999999999995,-22.40127240037795
4250,5.161999999999998,-3.535739793414288
4251,1.198,22.133999999999997
4252,-4.508,24.644
4253,3.1442522204046686,2.227999999999997
4254,-7.041999999999999,-22.137272400377945
4255,-2.1257477795953315,-4.766
4256,-0.9980875456073918,-7.835727619819049
4257,11.943999999999999,-2.973845143201865
4258,4.674000000000001,-10.210492671686861
4259,0.6919999999999996,10.133999999999997
4260,-3.2139999999999995,10.462033655595373
4261,-3.692117523382815,2.779999999999999
4262,-2.741663913391032,17.508033655595373
4263,-6.658000000000001,-8.307747779595331
4264,-7.304,23.304
4265,-7.856553627936312,2.9659999999999997
4266,3.756134697021853,23.901999999999997
4267,-2.7760000000000007,3.8902602065857126
4268,-3.9087554459685605,16.294
4269,-17.130000000000003,-0.009761275414422954
4270,-1.1357477795953312,-6.616233961808531
4271,2.2682366546318065,-7.085024817623039
4272,-15.121773899245223,9.057018453276664
4273,12.669018453276664,1.1499999999999986
4274,7.477999999999999,-4.083747779595333
4275,2.9959999999999996,-17.568309841831784
4276,-3.7840000000000003,-17.931389923760765
4277,6.982000000000001,-6.177285024208749
4278,0.45600000000000057,-0.5575111249635263
4279,-7.222000000000001,31.064
4280,11.597999999999999,8.185018453276664
4281,4.380790855814506,-9.97128502420875
4282,-2.566000000000001,0.44874109544114305
4283,1.4178824766171847,-5.867272400377947
4284,6.465999999999999,-2.201032803804081
4285,5.126790855814506,-7.9569489375997815
4286,9.238,6.648000000000001
4287,-2.662,10.744
4288,-9.262,-5.847999999999999
4289,3.510446160688312,-14.937878798797238
4290,6.535018453276663,-13.85589787519956
4291,5.362,0.309999999999998
4292,3.3015452307944626,-9.425511124963526
4293,-4.502000000000001,0.27826020658571127
4294,13.529999999999998,14.64
4295,-0.15977389924522534,9.774
4296,12.113999999999999,-1.2799999999999998
4297,1.879882476617184,3.775999999999999
4298,2.6289009298938497,-0.9360000000000017
4299,-3.536,-8.407250918377814
4300,-6.052,-11.279046299623172
4301,-1.2600000000000005,-12.278
4302,3.3619999999999997,-20.131999999999998
4303,-0.11000000000000157,-1.997285024208749
4304,-4.402000000000001,-14.09449267168686
4305,-6.377663913391031,10.36
4306,-0.12098154672333603,11.498033655595373
4307,-1.1987797286910862,-1.4099663444046269
4308,-0.0019999999999988916,4.441018453276664
4309,-9.751761275414422,23.781999999999996
4310,7.6819999999999995,-6.73528502420875
4311,5.776252220404668,17.95003365559537
4312,8.396236654631807,1.3769537003768293
4313,3.753999999999999,10.541999999999998
4314,9.228,-0.5597612754144222
4315,-15.387763345368196,-7.799509055009752
4316,-9.398,6.629999999999998
4317,-7.416087545607391,15.845999999999998
4318,-2.848000000000001,-0.21668873101406802
4319,-7.366000000000001,9.09
4320,3.4379999999999997,13.733999999999998
4321,-1.5260000000000002,12.385051062400219
4322,1.7639999999999993,-10.323215508531865
4323,4.764226100754775,10.642
4324,-5.842572292588353,7.971999999999997
4325,1.8780000000000001,5.6
4326,6.633999999999999,5.7682387245855775
4327,5.021999999999999,9.884
4328,-1.214,11.359999999999998
4329,-2.6439630934466707,12.127999999999998
4330,-15.106,0.6899999999999992
4331,5.609999999999999,-3.915747779595333
4332,-3.371835325202722,24.38301845327667
4333,12.113999999999999,-2.5569815467233354
4334,3.852236654631807,2.679999999999999
4335,-1.8397633453681934,1.7647149757912488
4336,-0.442981546723335,-10.98
4337,-1.2592091441854947,-8.473511124963526
4338,2.8742522204046685,18.432
4339,-3.278,7.88
4340,0.28800000000000026,-24.526266570932084
4341,-2.8760000000000012,6.459270673681331
4342,1.1720000000000002,4.503999999999998
4343,0.07922027130891358,-8.530655075418696
4344,-6.900454769205538,-10.710981546723335
4345,1.9839124543926083,6.911999999999997
4346,0.8460000000000008,20.772
4347,-0.37000000000000083,-1.660000000000002
4348,9.766000000000002,20.604
4349,3.692236654631807,-18.655626578392567
4350,1.697220271308914,-1.0472850242087497
4351,1.3900000000000006,11.108
4352,10.114,5.794252220404667
4353,-0.4667797286910876,-8.634
4354,-1.3100000000000014,-25.047757597594472
4355,-2.3777738992452244,-9.254000000000001
4356,0.13591245439260752,3.0941212012027646
4357,-0.4620000000000012,17.264
4358,-2.1460875456073922,11.42471497579125
4359,-1.7127797286910866,-4.871285024208748
4360,4.136236654631807,1.5939999999999999
4361,1.5559124543926086,11.445051062400221
4362,-13.024981546723335,7.078000000000001
4363,7.303999999999999,9.15271497579125
4364,-2.094,6.0059999999999985
4365,1.31690092989385,-8.578
4366,4.0834569259407205,-15.83350106882871
4367,-19.542779728691087,-4.092000000000002
4368,-3.7040000000000006,-12.297930484323118
4369,17.332,-15.345845143201865
4370,6.5059999999999985,3.38
4371,3.8250184532766647,-1.3880000000000008
4372,-1.2389815467233358,-3.3108277363970195
4373,-15.132,-11.625479586828575
4374,2.628000000000001,2.868488875036473
4375,12.626000000000001,5.773999999999998
4376,2.88,-10.761999999999997
4377,-8.191999999999998,4.598238724585578
4378,5.268,1.063051062400217
4379,1.0422261007547746,7.674238724585576
4380,0.6774277074116473,-6.731999999999997
4381,-3.3039999999999994,20.784000000000002
4382,2.2602261007547746,27.689999999999998
4383,0.12600000000000086,-3.2937061378189165
4384,5.881220271308914,-11.381389923760763
4385,7.473999999999999,21.029999999999998
4386,1.5659999999999983,-12.847706137818914
4387,1.5000000000000007,0.836
4388,4.017999999999999,0.9301548567981343
4389,0.2099999999999998,-16.26373979341429
4390,-11.852,2.953999999999998
4391,-1.367861444852617,-7.9693798676259435
4392,-2.8860000000000015,-5.860000000000001
4393,-4.058,-8.189747779595333
4394,8.972,14.443999999999999
4395,-0.1589815467233354,6.789018453276663
4396,-1.2167797286910864,-4.549845143201867
4397,7.376,-9.199999999999998
4398,-4.104000000000001,4.130260206585714
4399,2.9539999999999984,11.291999999999998
4400,4.818,7.636488875036474
4401,2.639545230794463,-3.975739793414289
4402,8.425999999999998,-20.565710873042004
4403,4.482,6.659311268985929
4404,3.4735452307944628,-5.006
4405,0.18799999999999956,-8.047999999999996
4406,1.4679999999999995,-9.119584936616153
4407,-6.122779728691086,4.715999999999998
4408,1.3267908558145058,-14.591250918377813
4409,-0.26000000000000034,-5.092721340137625
4410,7.283999999999999,12.065999999999999
4411,-1.4519999999999988,1.6495073283131383
4412,4.467999999999999,5.211051062400216
4413,-0.5060000000000002,7.638
4414,1.8339999999999996,1.8807149757912502
4415,-4.506117523382816,14.978
4416,-1.4919999999999995,-5.118
4417,6.855882476617184,23.341999999999995
4418,-20.636779728691085,-13.121511124963527
4419,-3.1620000000000004,19.233999999999998
4420,3.8880000000000003,7.089999999999998
4421,3.508,-28.989285024208748
4422,-1.5777477795953319,-2.1159999999999997
4423,-5.938087545607391,21.092121201202765
4424,-11.162,20.237999999999996
4425,2.4919999999999987,17.133999999999997
4426,-7.5887797286910885,17.304
4427,7.901018453276665,10.07871497579125
4428,10.839882476617184,0.12025222040466729
4429,-4.890000000000001,16.189999999999998
4430,-0.12776334536819292,2.215999999999999
4431,3.41,6.276000000000002
4432,-13.245773899245227,11.315999999999999
4433,3.6650184532766645,3.686252220404667
4434,5.085999999999998,24.534
4435,-1.698087545607392,-3.485747779595331
4436,7.7219999999999995,2.088000000000001
4437,-2.547747779595331,22.616000000000003
4438,8.966,-5.041251368613378
4439,5.638,-20.944266570932083
4440,1.0999999999999992,20.121999999999996
4441,8.523999999999997,11.659018453276662
4442,9.912790855814505,-0.1252850242087508
4443,2.8179999999999996,-7.28528502420875
4444,4.826236654631807,12.287999999999998
4445,3.028000000000001,16.633999999999997
4446,-3.723209144185495,-2.742827736397017
4447,12.758,4.217051062400219
4448,4.292,14.49
4449,2.4572202713089135,14.933999999999997
4450,-7.132454769205538,-0.524000000000003
4451,7.374,-16.675522550828845
4452,-7.034000000000001,5.459999999999998
4453,5.854,-16.03094893759978
4454,4.119999999999999,2.0670184532766624
4455,2.194236654631807,12.01
4456,1.3119999999999998,-9.911999999999997
4457,4.582000000000001,-31.93569175973754
4458,-1.3620000000000008,-1.9379999999999982
4459,-2.048572292588353,13.658488875036474
4460,5.643999999999999,3.966121201202763
4461,0.772,-5.584000000000001
4462,8.980252220404669,1.664000000000001
4463,-2.7939999999999996,2.08403365559537
4464,0.8558824766171853,-6.015285024208748
4465,6.657999999999999,3.7590184532766613
4466,-2.886,19.088
4467,-1.6420000000000001,9.097999999999999
4468,3.9962366546318067,7.018121201202763
4469,6.248790855814507,17.419999999999995
4470,0.06727067368133319,12.094
4471,13.545999999999998,1.1662522204046666
4472,-6.5177477795953305,15.710000000000003
4473,-4.778553627936311,-1.4509489375997813
4474,6.046000000000001,4.407999999999999
4475,2.431999999999999,14.487999999999996
4476,-6.8340000000000005,13.004
4477,-3.2,-23.75576127541442
4478,-0.6439999999999998,3.2862522204046685
4479,-1.6507797286910855,-7.595251368613378
4480,-2.5660000000000003,1.4320336555953717
4481,2.4999999999999996,21.708
4482,1.0898824766171848,-5.367761275414422
4483,5.939999999999999,-23.86432880522573
4484,-1.014,9.527999999999997
4485,2.054,10.365999999999998
4486,4.577999999999999,9.174
4487,3.6972202713089133,5.777999999999998
4488,-6.784000000000002,14.927999999999997
4489,-2.3148672742984777,2.6459999999999995
4490,1.2479999999999993,9.155999999999997
4491,2.9375452307944614,-14.951739793414287
4492,10.404,-13.392266570932085
4493,-2.836553627936312,5.1
4494,1.7260000000000002,20.746488875036476
4495,1.0659999999999994,1.6839999999999997
4496,1.2722261007547744,-4.062000000000001
4497,2.6379999999999995,9.024488875036473
4498,2.6002522204046685,-2.534948937599782
4499,-10.388,-1.457999999999999
4500,-0.11600000000000019,12.744238724585577
4501,-1.0460000000000007,-0.9159999999999997
4502,-3.1160000000000014,12.916121201202765
4503,-1.846,8.107999999999999
4504,2.1835452307944623,4.606
4505,-0.41408754560739175,8.419018453276664
4506,7.534000000000001,4.146238724585577
4507,2.088,-2.8940000000000032
4508,-4.437865302978147,7.7142602065857115
4509,-1.8964547692055387,9.916
4510,-1.8200000000000016,26.703999999999997
4511,-3.620000000000001,11.979999999999997
4512,5.537999999999999,-14.208721340137624
4513,12.166,17.291999999999998
4514,2.5919999999999996,18.982
4515,-5.600454769205538,-0.04576127541442147
4516,-5.250000000000002,4.922121201202763
4517,-22.692779728691086,-6.20376127541442
4518,10.508,24.598
4519,6.679999999999998,1.8890510624002181
4520,3.6479999999999997,-3.6104600625633068
4521,8.074000000000002,18.615999999999996
4522,2.5172202713089127,-0.09173979341428762
4523,4.025999999999999,1.5819999999999994
4524,-5.075773899245225,-3.073032803804081
4525,9.964226100754773,1.5310184532766644
4526,-6.090087545607391,0.48799999999999955
4527,3.333018453276664,25.8
4528,-0.8129815467233353,15.321999999999997
4529,-0.840117523382815,0.2488361769940127
4530,-10.413999999999998,15.923999999999996
4531,1.479999999999999,-2.492
4532,-0.32400000000000057,1.4262602065857124
4533,-4.3900000000000015,-11.237640074211658
4534,7.717999999999999,22.785999999999998
4535,2.5620000000000003,-1.811747779595332
4536,4.878,-3.249999999999999
4537,2.7799999999999994,21.946
4538,11.33,15.674252220404668
4539,1.8811375845256557,-10.319024817623037
4540,14.247018453276667,-6.299845143201866
4541,7.797999999999999,16.682260206585713
4542,1.2459999999999993,-15.84528502420875
4543,-10.572,-13.482000000000003
4544,-0.792981546723335,-7.341761275414423
4545,8.724,2.4959999999999996
4546,-1.1180000000000003,-5.445761275414421
4547,-1.1567554459685598,13.279999999999998
4548,5.67,21.46
4549,2.7459999999999996,4.673999999999998
4550,5.3759999999999994,-10.269511124963525
4551,-3.301747779595331,2.5683734216074336
4552,-5.66,21.215999999999998
4553,3.599691785708356,-6.014000000000001
4554,7.636,-6.31328502420875
4555,3.689999999999999,8.328
4556,1.743999999999999,-13.374796149172274
4557,2.5819999999999994,20.406
4558,5.441882476617185,-7.070948937599778
4559,1.4699999999999993,22.988
4560,7.715999999999997,25.166
4561,-2.340000000000001,-5.271739793414289
4562,2.4967908558145053,8.218033655595372
4563,-4.322000000000001,-11.514
4564,-0.9229815467233353,13.115999999999996
4565,5.256,-13.958947891127966
4566,2.6882261007547745,4.381999999999999
4567,-1.2040000000000006,15.11
4568,1.4478824766171847,-1.2289489375997804
4569,-7.801209144185494,18.711999999999996
4570,4.293018453276664,-1.305739793414287
4571,0.5880000000000003,3.5384888750364736
4572,-5.150087545607393,7.723999999999998
4573,-0.2699999999999999,-2.5530248176230366
4574,2.3819999999999992,26.017999999999994
4575,1.2000000000000002,-12.24
4576,6.6659999999999995,-16.699878798797236
4577,-5.312000000000001,27.074
4578,3.853999999999999,-11.074742822137756
4579,0.25591245439260746,11.01425222040467
4580,10.84154523079446,1.444488875036474
4581,4.175018453276666,-20.323511124963524
4582,-7.366454769205537,12.822
4583,9.749018453276665,10.931051062400218
4584,2.53,-6.145511124963525
4585,9.652,3.6742602065857106
4586,-2.0064547692055386,17.139051062400217
4587,0.7642522204046684,0.005999999999998807
4588,0.3419124543926085,0.8199999999999988
4589,5.980236654631806,8.788
4590,-4.881763345368194,-13.581999999999999
4591,-5.1019999999999985,-14.030000000000001
4592,-6.3,11.461018453276662
4593,-3.78073082302605,-15.492903616420273
4594,-1.8025430740592792,-2.4620000000000033
4595,6.287999999999999,2.2859999999999987
4596,5.571999999999999,15.044
4597,-3.814,1.224121201202764
4598,-0.8804547692055376,10.995999999999997
4599,12.604,-7.92773979341429
4600,0.2560000000000002,6.8299999999999965
4601,4.2442366546318055,-0.7089489375997822
4602,8.574000000000002,-11.381966344404626
4603,0.7859999999999999,1.188252220404668
4604,-5.296000000000001,17.832
4605,-8.630454769205539,6.896121201202762
4606,-8.602,3.319999999999998
4607,-2.276,-16.028000000000002
4608,-3.7360000000000015,25.645999999999997
4609,6.533999999999997,10.628
4610,9.995882476617185,-11.41928502420875
4611,-4.534981546723335,1.2182602065857133
4612,-9.386527508286418,-2.852981546723337
4613,-3.6640000000000006,2.970714975791252
4614,1.1615452307944623,-37.56325136861338
4615,-7.204779728691086,17.491999999999997
4616,1.886,31.432
4617,-0.8080000000000002,9.613999999999999
4618,3.123999999999999,-16.95750106882871
4619,-8.038,4.116488875036474
4620,-2.0259999999999985,0.1639999999999958
4621,6.9159999999999995,0.8579999999999955
4622,-0.7540000000000007,4.6160000000000005
4623,0.9039999999999992,9.676121201202763
4624,-3.508981546723336,3.0299999999999985
4625,11.909882476617184,5.846
4626,-1.5980000000000003,0.14625222040466673
4627,-1.674,13.389999999999997
4628,-2.1300000000000003,24.889999999999997
4629,-3.4279999999999995,-24.42474282213776
4630,-6.903523861536264,9.883999999999999
4631,-5.930000000000001,7.031999999999999
4632,-3.472,-0.26857004841750154
4633,-5.721763345368195,23.173999999999996
4634,-3.582418288370988,3.508238724585577
4635,7.706,3.740102124800438
4636,-2.056000000000002,10.638
4637,-1.4720000000000006,12.489999999999998
4638,2.308,-0.09999999999999928
4639,10.974,19.933999999999997
4640,-5.4719999999999995,-18.012742822137756
4641,4.530236654631806,7.636000000000001
4642,-3.9239999999999995,4.466260206585711
4643,-6.352779728691088,18.708
4644,3.0527908558145063,-1.3349489375997812
4645,-1.7159999999999997,7.087999999999998
4646,-0.7139999999999997,-6.006696717195112
4647,0.6227908558145054,4.369051062400217
4648,17.857999999999997,14.0
4649,5.475999999999999,6.75
4650,3.6760000000000006,-3.8316185922115267
4651,7.825018453276664,-4.106000000000002
4652,6.476226100754775,-6.411163823005985
4653,-10.998000000000001,6.842238724585579
4654,-5.9239999999999995,-0.40800000000000053
4655,13.636000000000001,9.406000000000002
4656,4.4462261007547745,16.224
4657,-2.2149815467233345,14.85023872458558
4658,6.328,29.47
4659,-6.6819999999999995,-20.56704629962317
4660,0.22158171162901272,-0.5060000000000038
4661,6.177999999999999,8.17105106240022
4662,12.969999999999999,-6.985251368613378
4663,1.2959999999999998,16.381999999999998
4664,-9.994,-1.3171638230059854
4665,3.404000000000001,0.168836176994013
4666,-5.640779728691088,13.126252220404666
4667,-7.808779728691087,9.68012120120276
4668,-7.021209144185494,25.142
4669,-6.922,-5.759966344404631
4670,-2.3020000000000005,15.215999999999998
4671,0.12199999999999953,-2.3120000000000003
4672,-5.378000000000002,-1.6639999999999997
4673,5.958,22.385999999999996
4674,-8.819322802750367,10.677999999999999
4675,2.468000000000001,12.053051062400217
4676,-1.843747779595332,21.616000000000003
4677,2.309912454392608,-8.712
4678,-3.0797477795953316,-3.965878798797237
4679,-0.5300000000000005,11.751999999999999
4680,0.3570184532766646,-13.344981546723336
4681,-0.4340000000000016,-20.649878798797236
4682,-3.082,1.3584888750364754
4683,1.1122366546318063,-18.791845143201865
4684,-6.018000000000002,-2.6280000000000014
4685,-4.302000000000001,15.459999999999999
4686,-2.6599999999999993,-2.998
4687,-1.7949815467233345,-3.977739793414288
4688,8.755999999999998,-1.4917397934142869
4689,10.027999999999999,0.38705106240021825
4690,6.388,0.8562522204046672
4691,-2.800779728691086,7.516
4692,2.6079999999999997,9.324000000000002
4693,3.601999999999998,4.810121201202762
4694,1.3438824766171846,10.97671497579125
4695,4.978,13.37
4696,3.9879999999999995,3.402000000000001
4697,3.2939999999999996,17.538
4698,-2.6709569237808255,-12.92164007421166
4699,2.099999999999999,19.317999999999998
4700,-7.029999999999999,2.3299999999999996
4701,3.368,22.652
4702,1.858252220404669,-0.8017141239999603
4703,5.246226100754775,8.625999999999998
4704,-2.127773899245225,-1.7100000000000015
4705,-6.926,9.145999999999997
4706,-7.675747779595332,1.336067311190743
4707,-12.669999999999996,1.2860336555953722
4708,0.6132202713089125,-2.3689489375997823
4709,11.67,18.428
4710,-0.8687797286910864,-12.833999999999998
4711,-3.4567797286910875,6.230488875036474
4712,1.6418824766171844,21.107999999999997
4713,-0.26600000000000074,14.996000000000004
4714,2.5620000000000003,19.557051062400216
4715,6.162,-1.00528502420875
4716,1.0979999999999999,-11.798000000000002
4717,-4.828779728691087,-28.303761275414423
4718,-3.1020000000000008,5.613999999999999
4719,-4.9197477795953315,19.936
4720,17.798,0.0020336555953721193
4721,2.4299999999999997,7.2639999999999985
4722,-2.9979999999999998,9.546121201202762
4723,-0.6932091441854938,-6.25364007421166
4724,-2.4204547692055383,11.086
4725,-4.912000000000001,-6.57774777959533
4726,2.7922366546318065,15.844488875036472
4727,8.876,4.7299999999999995
4728,-6.292983043430719,-5.129999999999998
4729,-5.726000000000001,-16.990567529811308
4730,11.174,-12.780827736397018
4731,3.9019999999999997,-7.11328502420875
4732,9.029882476617185,7.269999999999999
4733,1.0702366546318065,11.631999999999998
4734,-1.4580000000000013,-3.086266570932085
4735,-6.575999999999998,-4.359999999999999
4736,12.942000000000002,-13.064981546723336
4737,4.722790855814507,14.528
4738,-8.995999999999999,-1.834000000000001
4739,-1.776080616829486,-3.873258904558857
4740,3.637456925940721,6.714
4741,5.158,-16.17878352534147
4742,-0.41600000000000065,-26.195999999999998
4743,8.58,-17.794
4744,-0.9277477795953306,-10.64
4745,-0.3900000000000009,11.187999999999999
4746,6.745999999999998,8.74803365559537
4747,-3.8680875456073913,16.105999999999998
4748,1.9319999999999993,-18.960710213014202
4749,8.104,-3.4670222499270493
4750,-20.65875544596856,33.666
4751,-1.6920000000000006,-0.701747779595334
4752,3.1502366546318066,2.6920336555953703
4753,10.134,-5.334981546723337
4754,-6.116779728691087,-12.469511124963528
4755,2.0239999999999987,11.574
4756,7.561999999999999,-7.240981546723337
4757,-7.591559457382172,3.1660336555953705
4758,-3.006000000000001,9.161999999999995
4759,-2.638218114573731,-8.650981546723337
4760,8.122,16.874000000000002
4761,-9.838000000000001,-17.059285024208748
4762,-7.051999999999998,-15.296000000000003
4763,8.908000000000001,-7.833761275414423
4764,-0.8600000000000003,16.827999999999996
4765,-2.5924547692055375,18.946
4766,4.781999999999999,10.442714975791251
4767,-2.0700000000000016,-9.658
4768,0.13399999999999945,11.797999999999998
4769,7.4,9.023999999999997
4770,2.959999999999999,-7.353761275414422
4771,-13.064779728691088,8.336
4772,5.964,-9.456000000000001
4773,-8.638087545607393,7.7559999999999985
4774,-6.4232966897928865,1.5264888750364753
4775,12.565999999999999,-6.014000000000004
4776,6.0200000000000005,9.239999999999998
4777,-3.9579999999999997,-3.3979663444046295
4778,4.818790855814506,9.992714975791248
4779,-1.625747779595331,-4.206000000000001
4780,4.1259999999999994,-3.4480000000000004
4781,2.689797451199131,12.136
4782,4.233882476617184,1.0850184532766634
4783,-5.709209144185494,2.6567486313866215
4784,-3.776,7.072000000000001
4785,0.9040000000000001,4.109018453276663
4786,13.708252220404669,-0.08174777959533372
4787,4.895882476617184,-5.4117477795953315
4788,-3.402,19.692
4789,8.901999999999997,17.648000000000003
4790,-0.33800000000000097,-2.8397477795953323
4791,7.9799999999999995,-0.8740000000000027
4792,2.8699999999999997,17.580121201202765
4793,19.491882476617185,17.726
4794,2.0520000000000005,-40.75472932631867
4795,-5.675773899245226,-7.228846812799344
4796,5.197999999999999,20.863999999999994
4797,2.162,4.7103734216074304
4798,-5.987773899245225,11.001999999999999
4799,4.8420000000000005,-9.79091528200441
4800,-4.504,-11.109761275414419
4801,1.5464733092636138,0.03215485679813668
4802,5.1278824766171835,23.574
4803,8.495999999999999,-8.686000000000002
4804,-1.9820000000000007,17.532
4805,2.1815452307944616,8.050121201202762
4806,-1.592,21.818
4807,7.970000000000001,21.948
4808,2.530226100754775,13.214033655595372
4809,1.5859999999999999,3.2001212012027622
4810,0.9342366546318062,-9.486948937599783
4811,-2.1912091441854935,-1.215747779595334
4812,-5.712000000000001,0.4950857644674073
4813,-10.770000000000001,-5.857251368613377
4814,1.1120000000000005,-6.318948937599783
4815,10.678462755386581,26.615999999999996
4816,18.604000000000003,3.318714975791251
4817,2.467781885426269,-20.82940900016309
4818,2.5574569259407207,-3.1579999999999977
4819,-10.14,15.431999999999999
4820,-10.187999999999999,4.617999999999999
4821,-0.9417477795953311,5.511999999999999
4822,-3.772,3.032381407788475
4823,-4.160000000000001,-1.6957397934142875
4824,2.9899999999999998,-5.2040000000000015
4825,-1.6167797286910868,-5.898000000000002
4826,4.1819999999999995,18.788000000000004
4827,-10.541999999999998,10.724
4828,-5.76,-4.983761275414421
4829,8.788,0.8022602065857101
4830,1.3520000000000003,-4.612
4831,7.016,4.1679999999999975
4832,-7.681773899245225,-18.64704629962317
4833,-3.704087545607391,2.4220000000000015
4834,4.528226100754775,-28.334981546723338
4835,0.18388247661718485,14.544252220404672
4836,-15.01,13.312000000000001
4837,8.585018453276664,-8.44902224992705
4838,3.812,-10.196000000000002
4839,-1.4500000000000002,20.648
4840,-3.8849815467233357,9.018
4841,-1.8999999999999992,6.733999999999999
4842,-1.8769815467233353,6.5410184532766635
4843,4.555545230794462,10.948238724585579
4844,-1.9824178626522084,-11.726981546723332
4845,8.269912454392609,14.632000000000001
4846,-4.225773899245225,0.8430510624002174
4847,2.729999999999999,8.770488875036474
4848,2.1579999999999986,0.4279999999999987
4849,4.8759999999999994,-9.830000000000002
4850,-4.685209144185494,27.558
4851,-8.382779728691087,-17.256
4852,-5.182,9.978
4853,-9.138000000000002,4.135278659862377
4854,-1.8181175233828142,2.49
4855,7.113999999999999,9.212121201202763
4856,17.07554523079446,13.463999999999999
4857,11.313999999999998,-9.211999999999998
4858,5.6259999999999994,-6.241511124963526
4859,-6.164,9.908
4860,5.526,8.892000000000003
4861,3.7739999999999996,5.165999999999997
4862,4.103999999999999,8.416
4863,3.035999999999999,-0.531739793414286
4864,2.264,-10.573258904558857
4865,-1.3289815467233352,12.886000000000001
4866,-0.6780000000000005,-8.261878798797236
4867,-4.711209144185494,18.78
4868,2.887999999999998,16.419999999999998
4869,-6.704779728691085,7.910121201202765
4870,2.9479999999999995,-0.40728502420875046
4871,6.542236654631806,20.014
4872,4.1899999999999995,8.515999999999995
4873,-5.8575216788405555,-4.31964007421166
4874,6.217912454392609,-12.378232465101151
4875,-5.768000000000002,-9.218796149172274
4876,-1.198,12.37871497579125
4877,0.08600000000000066,4.469999999999999
4878,-7.416755445968562,-5.005511124963524
4879,8.453999999999999,10.796
4880,5.145999999999999,11.738
4881,6.731999999999999,5.31871497579125
4882,-2.4577633453681935,8.45671497579125
4883,3.293545230794462,17.601999999999997
4884,-5.368779728691086,8.30026020658571
4885,9.328000000000001,-1.8773663718068563
4886,9.543018453276664,3.7491396544794258
4887,-4.766,17.95412120120276
4888,5.571018453276665,2.521051062400217
4889,-15.299773899245228,-0.9909489375997822
4890,-4.931773899245224,3.281999999999999
4891,-0.174000000000001,22.99
4892,-0.055999999999999515,19.619999999999997
4893,-0.9529815467233359,9.931999999999999
4894,4.228,-8.543878798797238
4895,4.1975452307944625,21.934
4896,-2.986000000000001,-9.117285024208751
4897,8.995999999999999,20.351999999999997
4898,-3.2620000000000005,4.772260206585713
4899,-0.1580875456073912,11.487999999999998
4900,-4.854000000000001,7.752000000000001
4901,15.727999999999998,8.465018453276665
4902,-10.532000000000002,5.216714975791251
4903,4.213255107908472,8.867999999999999
4904,9.13225222040467,8.388121201202761
4905,12.514,-6.49596634440463
4906,4.547882476617184,14.718
4907,-22.747773899245225,7.486033655595371
4908,-10.852454769205536,-3.5997276198190504
4909,-9.828779728691085,-12.621285024208749
4910,6.044,-3.24571412399996
4911,-2.888000000000001,-6.75128502420875
4912,-0.3779999999999998,5.354121201202761
4913,-6.582087545607392,8.069051062400217
4914,-15.496,1.0219999999999998
4915,-3.118,2.2681212012027614
4916,4.159912454392608,4.93
4917,-7.322779728691087,5.439999999999997
4918,-6.905999999999999,-11.418233961808529
4919,0.5619999999999988,5.610260206585712
4920,6.535999999999999,5.927999999999999
4921,16.746,12.167999999999997
4922,-1.8160000000000007,9.697018453276664
4923,-10.314,8.558000000000002
4924,-0.4360000000000014,-1.9257397934142895
4925,0.66,3.2639999999999985
4926,-1.1637477795953306,12.739999999999998
4927,-2.682000000000001,2.4007149757912503
4928,1.0922366546318063,10.817999999999996
4929,-0.0019999999999999575,4.783051062400219
4930,-2.208000000000001,12.371999999999998
4931,-19.942,-7.467999999999998
4932,-3.0880000000000005,1.2200336555953684
4933,8.004,1.981172263602982
4934,-8.282,5.108121201202762
4935,7.044,11.783052108872036
4936,-1.1347797286910861,-12.850981546723336
4937,-9.0,-1.4709815467233356
4938,-2.9592091441854946,2.1199999999999988
4939,3.6599999999999993,0.07799999999999781
4940,8.734236654631806,8.313999999999998
4941,-1.936,6.423999999999998
4942,5.757018453276664,-7.475761275414423
4943,8.360236654631807,5.104238724585579
4944,6.374,15.186260206585711
4945,-17.064087545607393,12.388488875036474
4946,-4.738000000000001,1.0160336555953717
4947,-3.8097477795953316,15.057999999999998
4948,4.181018453276666,10.91
4949,-17.404000000000003,17.188
4950,-1.4300000000000004,-1.2635111249635274
4951,-5.548,2.319999999999999
4952,-2.019747779595332,33.216
4953,-1.4409815467233358,7.312260206585712
4954,-16.636000000000003,15.351999999999999
4955,1.105018453276665,-14.546000000000001
4956,10.808790855814504,-8.414948937599783
4957,-0.679747779595332,-15.531878798797237
4958,3.8900000000000006,1.4319999999999986
4959,4.504,22.089999999999996
4960,10.706,-13.827251368613375
4961,9.622,-1.102000000000001
4962,-4.565850890975584,18.020121201202763
4963,6.728,14.856
4964,2.1399999999999997,21.636
4965,2.4862366546318073,-3.9679663444046276
4966,5.236,18.936
4967,2.8722261007547742,-35.283046299623166
4968,-7.668000000000002,12.867018453276662
4969,-1.9100000000000001,9.221999999999996
4970,-7.7780000000000005,-8.6785700484175
4971,-1.7384547692055385,-8.949747779595333
4972,-2.7380875456073923,-2.2960000000000007
4973,7.807999999999998,-12.425899033213884
4974,5.411999999999999,-13.712000000000003
4975,9.985018453276663,-4.338000000000002
4976,2.2839124543926084,6.026
4977,-0.3101175233828151,-27.83387879879723
4978,7.855545230794462,13.54403365559537
4979,-2.438117523382815,-11.192947891127966
4980,-4.636,-2.6580000000000013
4981,11.642119131248993,16.252488875036477
4982,7.446,14.488
4983,-4.824000000000001,-8.320721340137624
4984,-1.3584547692055382,9.893999999999998
4985,-19.30774777959533,19.468
4986,-16.821763345368193,2.438
4987,-2.3199999999999994,23.092000000000002
4988,-7.889234497896624,21.982
4989,5.6079124543926095,-3.316
4990,-2.3760000000000003,17.148260206585714
4991,-7.702000000000001,2.120285876000042
4992,2.203999999999999,13.1
4993,-18.212,-15.202710213014203
4994,1.5235452307944624,14.636
4995,-5.16,12.166
4996,-7.373773899245225,-8.917761275414424
4997,0.08600000000000066,0.5642387245855772
4998,6.316,26.615999999999996
4999,1.8742261007547742,-26.921999999999997
5000,-0.5094116929863628,6.997999999999999
5001,4.307999999999999,-1.369761275414422
5002,3.7940000000000005,10.829999999999998
5003,-3.255999999999999,4.615999999999999
5004,-1.5637738992452248,7.21308471799559
5005,0.8654724917135809,-13.779999999999996
5006,8.924,8.978
5007,5.573220271308913,-12.528266570932086
5008,-1.2700875456073912,-0.9515111249635233
5009,0.23799999999999955,-9.317640074211658
5010,2.3946733324316902,-20.63551112496352
5011,-3.9227797286910864,13.522
5012,12.845999999999998,-1.3429152820044095
5013,-5.518087545607391,2.676033655595371
5014,11.794,-0.41199999999999976
5015,14.729999999999999,8.26071497579125
5016,9.296236654631805,9.798
5017,-18.60320914418549,-1.8797612754144197
5018,-12.132,6.181999999999998
5019,3.460000000000001,1.5422387245855773
5020,0.7702366546318057,5.457018453276663
5021,1.5660000000000005,-4.622000000000002
5022,5.771999999999999,-1.1937477795953344
5023,-7.358,9.03671497579125
5024,9.057999999999998,3.2222522204046675
5025,8.313882476617184,23.112000000000002
5026,-1.2057477795953313,15.509999999999996
5027,-0.34366391339103153,0.6999999999999978
5028,-4.060454769205537,5.832488875036476
5029,0.003999999999999915,-2.537739793414287
5030,2.1959999999999993,1.807051062400219
5031,0.20399999999999957,-12.50128502420875
5032,1.4259999999999995,13.018
5033,5.034000000000001,5.962488875036475
5034,0.6379999999999996,-6.581046299623172
5035,-9.005763345368191,19.038
5036,-6.532454769205538,-4.1817061378189155
5037,-0.08199999999999896,5.731999999999999
5038,0.7539999999999993,4.483018453276665
5039,1.3401085773719594,-3.362000000000002
5040,3.8519999999999994,15.371999999999996
5041,-4.604,19.064
5042,2.510236654631806,22.189999999999998
5043,-0.33800000000000097,12.188000000000002
5044,-9.224,35.394
5045,7.944,-7.729258904558856
5046,0.02400000000000002,-47.408807575037585
5047,-5.252000000000001,-0.34573979341428895
5048,-7.850779728691085,1.936
5049,5.051545230794462,-18.843966344404627
5050,2.9219999999999997,20.374000000000002
5051,-1.2720000000000002,10.8
5052,6.5280000000000005,7.728
5053,-2.8760000000000003,-9.404
5054,7.598236654631807,1.9379999999999982
5055,5.143999999999999,-7.294000000000001
5056,5.859999999999999,-3.6980000000000004
5057,-2.914,8.777018453276664
5058,8.947912454392608,19.552
5059,4.104000000000001,-9.181032803804081
5060,7.321999999999997,9.142
5061,-0.17200000000000024,20.387999999999998
5062,5.695018453276665,8.193999999999999
5063,3.275999999999999,3.8482602065857123
5064,-1.3160000000000012,16.294
5065,-2.4516392022233715,-4.779747779595333
5066,-11.675209144185494,-14.36173979341429
5067,-1.1619999999999997,-13.486
5068,10.819999999999997,12.023999999999997
5069,7.697999999999999,-17.037999999999997
5070,-1.0720000000000005,-13.372
5071,-3.7997633453681936,-11.837258904558858
5072,-9.07608754560739,-5.171592922797197
5073,0.3080000000000009,-2.5092850242087503
5074,7.461882476617186,1.3199999999999974
5075,1.6612202713089126,6.133018453276663
5076,6.731427707411646,-24.425250918377806
5077,6.336,6.207999999999998
5078,0.17622610075477424,16.61
5079,1.8002366546318072,-5.577878798797238
5080,-0.858,17.133999999999997
5081,2.1819124543926085,16.092
5082,17.665999999999997,2.9559999999999986
5083,2.118,-17.729739793414286
5084,0.13879085581450584,6.408121201202762
5085,-2.1667686015676666,-5.985761275414421
5086,-3.9320000000000013,-13.741999999999996
5087,-8.930000000000001,-16.5407102130142
5088,3.0626733324316904,21.179999999999996
5089,-5.305773899245226,0.565052108872036
5090,4.529999999999999,-13.194981546723337
5091,-3.3195238615362657,10.574714975791252
5092,5.267999999999999,13.352
5093,-4.228,-9.723761275414422
5094,11.523999999999997,-14.721929437851298
5095,-4.826454769205537,10.029999999999998
5096,8.745999999999999,15.54626020658571
5097,0.6939999999999993,-5.853999999999998
5098,-3.904000000000001,-18.740266570932086
5099,6.313999999999998,15.159999999999997
5100,-1.0060000000000002,-20.040827736397016
5101,-11.256,-7.776981546723339
5102,2.181882476617185,8.225999999999999
5103,7.0292551079084715,-35.18976127541442
5104,13.604,11.354000000000001
5105,10.673018453276663,-10.286000000000001
5106,0.19599999999999956,12.42305106240022
5107,9.018,-23.54573979341429
5108,-4.576,9.631051062400218
5109,-4.345209144185494,-21.635214011824484
5110,-7.508,4.009139654479427
5111,7.122478321159444,18.208000000000002
5112,4.487018453276664,15.779999999999998
5113,-4.185773899245225,8.919999999999998
5114,1.0740000000000003,18.349999999999998
5115,6.1278824766171835,-1.570948937599781
5116,-5.334779728691087,6.37603365559537
5117,8.770000000000001,21.972
5118,-6.578,-0.2958787987972382
5119,1.0899124543926089,9.244000000000002
5120,1.9719999999999989,21.323999999999998
5121,3.433999999999999,15.824000000000002
5122,-5.925234497896624,19.19
5123,-2.5840000000000005,9.235999999999999
5124,2.1755452307944614,-20.828
5125,12.382,10.222
5126,9.012,4.339999999999998
5127,1.0619999999999987,6.3759999999999994
5128,7.867545230794462,0.8099999999999987
5129,3.22,3.9885124269903813
5130,15.101999999999999,-8.68596634440463
5131,0.9059999999999994,-6.035999999999999
5132,1.796,-6.505285024208751
5133,2.8999999999999986,-13.365511124963524
5134,-2.6017738992452237,1.8930847179955905
5135,9.54,22.351999999999997
5136,3.5279999999999987,0.3739999999999995
5137,-10.928,13.199999999999994
5138,-0.4747797286910867,-0.18268873101406768
5139,-4.759069092330726,16.531999999999996
5140,-3.4000000000000012,2.9961212012027607
5141,1.7790184532766649,4.578
5142,-0.041773899245225544,-22.584981546723334
5143,-0.9740000000000011,-12.307511124963526
5144,-6.5280000000000005,-19.42173979341429
5145,10.718,10.314238724585577
5146,-20.619747779595333,15.419999999999998
5147,-6.806000000000002,2.9790184532766633
5148,2.411545230794462,18.83505106240022
5149,-2.142000000000001,-4.4009489375997815
5150,10.988,6.805999999999999
5151,2.622000000000001,15.622121201202763
5152,0.5979999999999996,13.516
5153,2.7962522204046687,1.248033655595373
5154,-1.434117523382815,7.422488875036473
5155,-14.736,-2.385046299623171
5156,2.838252220404668,-2.4909815467233374
5157,0.583999999999999,-2.675761275414421
5158,-9.9,8.654
5159,-1.8781175233828147,5.623999999999997
5160,-1.3355216788405557,20.556
5161,-21.65374777959533,-2.178
5162,-9.096,26.637999999999998
5163,5.774000000000001,21.336
5164,-2.1020000000000003,0.46599999999999825
5165,1.0302387245855775,1.036238724585577
5166,6.675999999999999,-22.157130167410614
5167,-6.096981546723336,13.089999999999998
5168,0.9098824766171856,-0.42174777959533427
5169,-1.286087545607392,-8.103509055009754
5170,-3.7795111249635243,7.265018453276665
5171,-0.4039999999999996,27.824
5172,5.609220271308915,6.506714975791249
5173,6.107999999999999,0.6170184532766626
5174,0.16142770741164733,16.948
5175,-3.6909095384110757,-9.418696717195113
5176,2.8659999999999997,-3.9697397934142855
5177,-2.773861444852616,25.497999999999998
5178,0.7420000000000007,2.0379999999999994
5179,3.718,17.589999999999996
5180,-2.444,0.3001212012027624
5181,7.628236654631806,-12.823511124963527
5182,-1.3960000000000008,11.090488875036474
5183,6.6240000000000006,8.922
5184,-4.245773899245226,12.845999999999998
5185,5.574000000000001,-0.9259663444046282
5186,2.1322366546318063,-18.763739793414285
5187,-1.9619999999999997,17.599051062400218
5188,-1.8080000000000012,10.43603365559537
5189,6.837999999999999,14.0
5190,3.5802261007547758,20.195999999999998
5191,-1.8095216788405566,-14.929747779595335
5192,0.7959999999999999,-19.498
5193,7.343018453276665,9.162714975791252
5194,-12.174000000000001,-0.3592850242087522
5195,-6.853747779595331,-14.705487573009616
5196,5.485999999999999,-0.125761275414421
5197,15.338,6.143270673681333
5198,-8.690779728691087,-13.862948937599782
5199,3.2620000000000005,7.889999999999999
5200,2.0235452307944612,5.6222387245855785
5201,7.608,-7.734981546723337
5202,-14.213999999999999,16.124
5203,-14.113999999999999,5.257999999999997
5204,-5.99,-33.43776127541442
5205,-8.276,4.963051062400217
5206,6.002,23.360000000000003
5207,10.915882476617185,1.7361212012027636
5208,-2.8584547692055393,2.5099999999999967
5209,8.368,-5.428000000000003
5210,1.3960000000000001,-13.392
5211,-0.8020000000000003,-19.121966344404626
5212,4.7379999999999995,19.107999999999997
5213,1.5159124543926077,-18.454981546723335
5214,-17.07,21.836000000000002
5215,0.6260000000000007,19.07012120120276
5216,-4.432,-1.8157477795953327
5217,-0.48399999999999893,6.385999999999998
5218,-8.316454769205539,-1.0639999999999996
5219,-2.06,-0.6360000000000028
5220,1.444226100754774,-10.46692509842041
5221,-6.828000000000001,10.691999999999998
5222,11.046,18.318
5223,-7.2267797286910875,10.61105106240022
5224,-1.0684547692055382,3.735051062400217
5225,9.847882476617183,19.958
5226,-1.8559999999999999,-29.05294893759978
5227,0.20154523079446163,1.6339999999999992
5228,2.0099999999999993,-5.985878798797238
5229,-1.2380875456073912,7.39426020658571
5230,4.736000000000001,0.8362387245855778
5231,9.484,-5.289747779595332
5232,1.786,9.605999999999998
5233,8.041999999999998,25.872000000000003
5234,0.591999999999999,5.969999999999997
5235,0.815999999999999,-3.0448277363970186
5236,-3.3579999999999997,8.037999999999997
5237,-0.5700000000000005,7.450000000000001
5238,5.756,-2.152000000000001
5239,3.25,8.43
5240,-3.9840000000000004,7.012252220404666
5241,3.7939999999999996,1.1461212012027624
5242,0.28200000000000003,7.786260206585711
5243,-20.242,-12.17776127541442
5244,-6.808553627936311,-11.011739793414288
5245,-3.7239999999999993,15.301999999999998
5246,-6.984,3.844488875036474
5247,5.294,5.034000000000001
5248,-1.1640000000000004,6.307999999999998
5249,10.973999999999998,-3.711999999999999
5250,-3.402000000000001,0.6519999999999989
5251,11.642,0.9179999999999978
5252,7.766,-16.56623396180853
5253,10.349018453276665,3.712488875036475
5254,-2.314000000000001,-6.506
5255,-6.676454769205537,26.18
5256,8.579999999999998,1.5279999999999994
5257,-8.831999999999999,31.85
5258,-0.9189815467233359,-0.9228603455205736
5259,3.8979999999999997,7.27271497579125
5260,-5.771861444852616,2.033999999999998
5261,-2.132,7.737999999999997
5262,3.258,19.663999999999994
5263,7.210462755386581,-3.4377612754144224
5264,-0.8500000000000002,5.938252220404668
5265,-0.2857738992452248,-5.692000000000002
5266,8.48,-4.1312509183778126
5267,-5.9257633453681935,-7.404796149172273
5268,-5.1579999999999995,-2.5298787987972373
5269,-3.0104547692055377,12.37271497579125
5270,-4.288,12.616000000000001
5271,17.230226100754773,3.1544888750364732
5272,1.5620000000000005,-0.5840000000000025
5273,0.9242261007547754,21.512714975791248
5274,2.3939999999999997,-1.4980000000000004
5275,-6.917999999999999,-4.7772509183778125
5276,5.492,-12.91752255082884
5277,-1.0037477795953322,-9.894000000000002
5278,-6.237521678840555,22.144
5279,-0.384117523382816,4.7459999999999996
5280,-1.1100000000000008,-1.4269152820044098
5281,-14.319069092330727,9.080000000000002
5282,6.459999999999999,5.9719999999999995
5283,-1.1397633453681935,16.317018453276663
5284,-19.79,-2.992742822137758
5285,1.5259124543926075,-10.134000000000004
5286,-3.2620000000000005,-1.5374875730096202
5287,-3.1340000000000003,27.221999999999998
5288,0.2722366546318053,16.686
5289,1.7999999999999994,22.378
5290,3.2679999999999993,1.2741212012027625
5291,12.618252220404667,-10.105878798797235
5292,1.8059999999999998,6.105999999999997
5293,3.3679999999999994,18.246
5294,15.901999999999997,-2.6245700484175
5295,0.2219999999999997,1.2221212012027636
5296,4.238226100754774,-4.323477469368155
5297,-6.566,-3.237963093446671
5298,4.685999999999999,-2.9739999999999993
5299,14.854,22.844
5300,-3.8541175233828158,-6.305878798797238
5301,5.214,10.953018453276666
5302,-8.038981546723337,-19.21187879879724
5303,2.5238824766171843,10.627051062400218
5304,-9.540000000000001,-6.67174777959533
5305,7.403882476617184,22.595999999999997
5306,-1.6220000000000012,-0.6620000000000003
5307,-0.5840000000000003,5.769999999999999
5308,1.1559999999999995,-1.4499999999999993
5309,5.703018453276664,-19.382450006428492
5310,-3.9179999999999993,2.748
5311,9.863999999999999,-6.696860345520574
5312,-15.613999999999999,-6.8032850242087495
5313,-10.318779728691087,-4.504000000000002
5314,-2.2260000000000004,-6.277966344404628
5315,2.057999999999999,9.538
5316,2.5780000000000003,4.934488875036474
5317,2.5020000000000002,0.2362387245855757
5318,0.10791245439260884,16.965999999999998
5319,-9.512,-22.782
5320,-9.314000000000002,6.717999999999998
5321,11.003999999999998,8.173999999999998
5322,-2.8897477795953312,-5.095285024208752
5323,9.219999999999999,13.376
5324,6.5859999999999985,-0.8997397934142874
5325,-0.052087545607391664,-16.24774777959533
5326,-4.226000000000001,1.7582602065857096
5327,4.590563684071126,-20.201878798797235
5328,-7.695209144185495,24.797999999999995
5329,0.6606733324316915,-14.010860345520573
5330,-8.018454769205539,7.409999999999999
5331,2.599999999999999,-5.488981546723338
5332,7.227999999999999,12.329999999999998
5333,11.911999999999999,-6.076000000000002
5334,-1.8567797286910879,16.268
5335,-0.16498154672333473,7.869018453276662
5336,4.575999999999999,0.6620000000000005
5337,-4.172,12.129999999999997
5338,-0.3400000000000013,-5.120000000000001
5339,-3.5847797286910863,2.046000000000002
5340,9.572236654631807,6.43071497579125
5341,-7.31,13.239999999999998
5342,4.522,0.4622522204046689
5343,3.211999999999999,-6.529878798797239
5344,-7.782000000000001,14.099999999999998
5345,-6.660000000000001,-1.8857477795953321
5346,-4.383773899245225,-11.703747779595329
5347,-3.6199999999999997,-2.0297477795953327
5348,4.747999999999999,18.29603365559537
5349,-1.4660000000000004,-3.121285024208748
5350,7.892563684071126,-22.563739793414285
5351,9.014,-9.371739793414289
5352,0.36199999999999977,-10.602
5353,-6.773999999999999,2.912238724585579
5354,1.496,-1.8609489375997836
5355,2.426252220404668,0.49000000000000005
5356,0.626,-9.016000000000002
5357,-2.5367797286910876,-10.277511124963526
5358,-1.904,24.421999999999997
5359,2.097912454392608,19.192
5360,-1.8337738992452255,5.79871497579125
5361,4.949999999999999,3.518260206585711
5362,-8.789850890975583,-13.126710213014201
5363,-3.9187797286910864,-10.679706137818917
5364,-1.3629815467233368,8.169018453276664
5365,-8.458000000000002,16.785999999999998
5366,1.5599999999999998,13.912
5367,-8.671495559190664,0.08003365559537023
5368,11.004000000000001,-0.7419663444046277
5369,13.05,22.516
5370,8.866000000000001,-18.96874282213776
5371,-9.392779728691085,-10.547999999999998
5372,-8.17,-6.595739793414287
5373,6.286,23.252000000000002
5374,1.8378824766171853,-5.469618592211527
5375,2.442,4.160000000000001
5376,2.6740000000000004,13.50271497579125
5377,4.335912454392608,16.515018453276664
5378,1.620236654631806,-7.27223396180853
5379,-3.1280000000000006,-3.366000000000004
5380,-6.016087545607391,13.917999999999997
5381,-8.786,-1.7640000000000016
5382,7.064,-17.649250918377813
5383,5.327545230794462,13.628
5384,-1.8520000000000003,8.068
5385,-6.226527508286418,-10.132000000000001
5386,2.6670184532766643,-11.37682773639702
5387,3.4639999999999995,-4.014948937599781
5388,-18.062117523382813,33.638
5389,-7.838000000000001,14.253051062400218
5390,3.411999999999999,32.038
5391,0.9640000000000004,-6.215761275414422
5392,-8.93196309344667,8.129999999999999
5393,-9.511773899245226,21.752
5394,9.385545230794461,6.215278659862376
5395,-1.8782286684507628,-11.415477469368154
5396,-4.462,7.611999999999999
5397,5.997999999999999,-14.446729326318666
5398,-5.644000000000001,18.272
5399,3.4398824766171843,4.7680000000000025
5400,7.619999999999999,19.883999999999997
5401,-0.9900000000000005,16.419999999999998
5402,-0.14800000000000005,4.215999999999999
5403,2.7079999999999997,15.242238724585576
5404,-11.663999999999998,5.992252220404667
5405,-2.3460000000000005,18.125999999999998
5406,-7.775999999999999,4.921018453276664
5407,11.601999999999999,-33.56223396180853
5408,-4.681747779595331,-23.318460062563304
5409,6.324,7.362
5410,-12.446000000000002,11.241999999999999
5411,2.830252220404668,13.311303282804886
5412,6.231999999999999,4.753999999999999
5413,2.4819999999999993,11.701051062400216
5414,-0.9540000000000001,-1.8587213401376246
5415,4.503999999999999,22.466
5416,-9.232,10.93026020658571
5417,-16.950117523382815,-0.046000000000002574
5418,7.412000000000001,1.6939999999999984
5419,2.153999999999999,24.446
5420,6.066000000000001,11.014
5421,17.442,-0.40671021301420324
5422,-5.680202548800869,-11.197739793414282
5423,-29.278,10.856
5424,7.477018453276665,17.101999999999997
5425,-3.9001175233828165,-0.3800000000000011
5426,10.325018453276666,24.784
5427,1.5659999999999976,0.18451242699038062
5428,8.244,-10.639479586828577
5429,-4.069763345368193,12.058000000000002
5430,5.080226100754774,-9.577966344404626
5431,-2.723209144185494,16.092488875036473
5432,2.083220271308913,-2.371999999999997
5433,-7.4300000000000015,1.689999999999999
5434,-1.6827797286910857,7.284488875036476
5435,9.803999999999998,-5.159739793414287
5436,6.909999999999999,16.238
5437,5.117912454392609,6.725999999999997
5438,-19.402087545607394,-45.059999999999995
5439,12.713999999999999,19.023999999999997
5440,0.27799999999999975,-0.4157477795953325
5441,-16.14408754560739,-7.118
5442,0.08623665463180571,-11.148
5443,-23.366779728691085,15.193999999999997
5444,4.168,-29.055739793414283
5445,-2.0400000000000005,5.020260206585709
5446,7.039999999999999,1.657999999999999
5447,-11.056175091214783,-2.3672850242087504
5448,-8.230087545607393,9.874260206585712
5449,8.471220271308914,16.872
5450,9.233999999999998,5.105999999999998
5451,-1.634000000000001,-6.823999999999995
5452,3.492226100754776,24.988
5453,7.2664733092636125,-7.675878798797237
5454,-3.0620000000000003,-0.8589815467233365
5455,7.135999999999998,-5.319999999999998
5456,0.2602261007547749,14.89003365559537
5457,1.1342366546318075,9.609018453276665
5458,8.942,-1.4952850242087485
5459,5.478,9.755999999999997
5460,2.604252220404669,27.182
5461,-5.887234497896624,7.487051062400218
5462,-0.742000000000001,15.816033655595373
5463,-7.0697633453681945,-8.244
5464,14.931999999999999,0.4739999999999981
5465,4.348000000000001,10.152033655595371
5466,0.2540185400580762,-18.54948757300962
5467,3.2600000000000002,13.80271497579125
5468,-2.848087545607392,25.988
5469,-3.759209144185493,-8.857495559190664
5470,10.372,15.596
5471,-6.858000000000001,25.606
5472,2.2239999999999993,34.876
5473,-7.291747779595331,-9.589477469368152
5474,-4.16,-18.148827736397017
5475,6.143545230794461,28.053999999999995
5476,2.8275452307944615,5.098260206585712
5477,-4.730228668450763,-3.2760000000000007
5478,3.2339999999999995,-12.906266570932086
5479,8.234236654631808,17.462
5480,-0.9539999999999988,5.588238724585578
5481,0.37599999999999945,5.669999999999997
5482,4.873882476617185,-7.252000000000001
5483,-12.936000000000002,24.944
5484,7.0262366546318065,-0.635878798797237
5485,0.2719999999999992,-16.863966344404627
5486,-4.935209144185495,5.5139999999999985
5487,-6.9700000000000015,11.4
5488,3.4462522204046677,16.808
5489,0.6390184532766646,1.1139999999999985
5490,5.122000000000001,-17.92033886136054
5491,0.7619999999999998,-4.991285024208748
5492,-10.3,15.095999999999998
5493,-1.9817477795953315,0.5484888750364754
5494,5.269999999999999,-2.597251368613378
5495,-2.4760000000000004,-3.347747779595333
5496,-6.65,4.438260206585713
5497,-5.121999999999999,-1.2289489375997813
5498,-13.049209144185493,9.681999999999999
5499,-16.100981546723336,9.78
5500,4.788,5.3577660381914685
5501,5.522,3.3810184532766625
5502,-4.748454769205537,6.6730510624002175
5503,-0.7720000000000008,-5.448000000000001
5504,4.148252220404669,23.98
5505,2.761999999999999,18.781018453276666
5506,-11.003209144185494,13.65
5507,3.068,-11.167973755222821
5508,6.770252220404669,-2.8349489375997825
5509,12.187999999999999,5.255999999999999
5510,-0.18800000000000078,-22.168948937599783
5511,1.0725621873637434,13.266
5512,-0.5060000000000002,-6.916729326318668
5513,1.6739999999999984,-11.72172761981905
5514,8.64,2.1119999999999997
5515,6.057882476617186,-9.91494893759978
5516,7.291999999999999,5.513999999999999
5517,8.784,3.620260206585712
5518,-2.304000000000001,1.1919999999999988
5519,-5.095999999999999,-0.11494893759978098
5520,-2.565209144185495,-0.7052850242087498
5521,3.714,-14.043467413233339
5522,-7.897999999999999,9.922
5523,-2.552087545607392,-2.729739793414288
5524,4.664,-8.089999999999998
5525,-3.4940875456073925,1.184238724585575
5526,6.160000000000001,-3.210729326318668
5527,-0.1060000000000004,5.7207149757912505
5528,4.581882476617184,-1.1640000000000008
5529,-10.142000000000001,12.948033655595372
5530,-4.490779728691085,13.844
5531,-3.155521678840556,19.561999999999998
5532,1.8379124543926089,0.9442602065857102
5533,0.608236654631806,-1.4280000000000015
5534,1.6540000000000004,2.8402602065857123
5535,-0.9760000000000005,-12.276
5536,-4.881747779595331,9.622
5537,-18.78008754560739,20.462
5538,0.8322261007547752,-5.705878798797237
5539,1.028,11.914488875036476
5540,0.7790184532766642,4.233999999999999
5541,7.134,-7.24645901609149
5542,4.991018453276665,-3.913757597594473
5543,7.283912454392609,-18.666570048417498
5544,-3.4279999999999995,-35.465878798797235
5545,10.217999999999998,-8.621272400377949
5546,1.9899999999999995,7.358488875036476
5547,-6.559747779595332,-4.267966344404629
5548,1.3939999999999997,-0.9449815467233357
5549,11.741545230794461,-0.660948937599781
5550,-6.772117523382816,18.61271497579125
5551,-1.468779728691087,20.369999999999997
5552,10.427018453276663,6.921999999999999
5553,1.7172202713089135,3.3088361769940122
5554,8.965999999999998,-26.64389787519956
5555,7.107999999999999,12.430000000000001
5556,6.175999999999999,-3.081477469368153
5557,0.9559999999999992,11.656
5558,4.6579999999999995,20.93403365559537
5559,18.381882476617186,9.706
5560,7.1095452307944615,13.402488875036472
5561,6.887999999999998,-8.097509055009755
5562,2.7020000000000004,10.768260206585712
5563,0.30800000000000016,-8.715747779595333
5564,3.0,4.318000000000001
5565,1.2959999999999994,0.22501845327666387
5566,-18.71245476920554,4.850121201202763
5567,10.458,9.26
5568,2.304,12.354000000000001
5569,1.1942366546318062,11.004
5570,-17.121999999999996,11.22812120120276
5571,-13.404454769205534,21.759999999999998
5572,6.318149109024416,-13.109878798797236
5573,7.718000000000001,3.764714975791249
5574,7.772226100754774,-16.92173979341429
5575,4.292,13.961999999999998
5576,-0.413747779595332,0.15799999999999698
5577,-7.496087545607392,-14.028742822137758
5578,-2.6727797286910873,-8.406000000000002
5579,8.424000000000001,3.065999999999998
5580,-3.780000000000001,5.0767149757912495
5581,-4.122000000000002,0.759999999999998
5582,-5.810779728691086,-20.979518873008896
5583,-1.587234497896624,-0.6629489375997835
5584,1.2398824766171845,0.8650510624002195
5585,8.325882476617185,-6.394796149172274
5586,10.654,25.402
5587,0.8550184532766639,8.200121201202762
5588,6.394,14.288
5589,-8.536,10.320714975791251
5590,-0.9000000000000001,-4.773285024208751
5591,-2.8081175233828155,-8.191511124963528
5592,-1.9100000000000001,27.15
5593,10.459999999999999,17.333999999999996
5594,0.16400000000000076,13.471018453276661
5595,1.8520000000000003,3.0507149757912506
5596,-10.542000000000002,-15.299747779595332
5597,4.213691785708356,-4.345250918377813
5598,3.94,-4.844981546723335
5599,-14.886,15.725018453276661
5600,1.209220271308914,3.0159999999999973
5601,-8.057861444852616,6.044033655595371
5602,-8.360087545607392,-9.286981546723336
5603,-2.898000000000001,-4.927747779595331
5604,-4.313521678840557,-5.301845143201865
5605,-1.8649815467233357,-0.6879999999999991
5606,7.126236654631806,3.716260206585713
5607,2.598252220404669,10.715999999999998
5608,-2.1905275082864164,5.028252220404667
5609,1.1502522204046692,2.597999999999999
5610,-2.121773899245224,-3.2637575975944726
5611,-6.348,2.900488875036474
5612,6.130000000000001,-2.8139663444046277
5613,6.3052202713089125,13.334238724585578
5614,2.0882366546318076,-10.294000000000002
5615,-15.599209144185494,-7.198000000000003
5616,4.426,7.047999999999999
5617,-8.224,17.79
5618,7.87125510790847,-15.277285024208748
5619,-6.859773899245225,17.054000000000002
5620,-8.33208754560739,7.275999999999999
5621,-3.7080000000000006,14.783051062400222
5622,5.782,4.990714975791252
5623,-7.691234497896625,-7.641739793414288
5624,-3.904000000000001,13.128
5625,4.093999999999999,10.559999999999999
5626,8.931882476617185,9.476
5627,9.826790855814505,-33.64587879879723
5628,8.334,8.375999999999998
5629,-5.001747779595331,-15.175727619819048
5630,-8.7,-10.941389923760763
5631,12.591999999999999,15.611999999999998
5632,-6.200867274298477,-7.619999999999999
5633,6.183999999999999,3.9819999999999993
5634,0.6600000000000001,0.028714975791250198
5635,3.0962261007547753,3.5279999999999996
5636,-2.602,23.778
5637,7.015545230794463,16.0
5638,4.568236654631806,-7.367878798797238
5639,6.699220271308913,1.9042723801809516
5640,2.1899999999999986,6.869999999999999
5641,-2.7260000000000004,-4.229761275414424
5642,3.3699999999999997,-19.299623885569293
5643,-14.941999999999998,-19.89
5644,2.9279999999999995,23.146
5645,-0.41999999999999976,21.15
5646,-4.269326667568309,-16.47445901609149
5647,-9.468,-1.6199663444046286
5648,7.247999999999999,8.678
5649,4.077999999999999,13.856
5650,-3.338000000000001,-2.54728502420875
5651,1.4787908558145055,-5.108000000000001
5652,12.924000000000001,-11.253932688809256
5653,10.745882476617183,12.589018453276665
5654,-0.9080000000000001,-0.4097477795953317
5655,2.9520000000000004,10.014
5656,4.442,-5.001966344404627
5657,12.213882476617185,3.1619999999999977
5658,7.165882476617185,13.645999999999997
5659,0.033771331549237615,0.194488875036474
5660,-0.6680000000000007,4.004036906553327
5661,6.517999999999998,8.026
5662,-4.294000000000001,12.231018453276665
5663,6.546226100754775,17.367018453276664
5664,-2.7419999999999995,5.618238724585578
5665,-0.4400000000000002,-3.6277477795953326
5666,1.9439999999999997,-18.109509055009756
5667,4.34,16.845051062400216
5668,-0.8895216788405567,-11.573999999999995
5669,-17.723296689792885,-1.0329815467233345
5670,5.558,0.23199999999999932
5671,-7.162000000000001,7.382000000000001
5672,-9.116000000000003,4.723999999999998
5673,-4.7097612754144205,4.061999999999999
5674,1.3,-10.38576127541442
5675,-5.452,1.1039999999999992
5676,4.273999999999999,10.849999999999998
5677,-0.4927797286910865,16.386
5678,2.0072202713089142,-0.28000000000000147
5679,-2.538779728691087,27.220000000000006
5680,7.7395452307944606,4.589051062400218
5681,-1.914117523382815,8.931018453276662
5682,7.283244554031441,7.16212120120276
5683,-4.446087545607392,18.762
5684,0.4121346970218543,7.947999999999999
5685,3.6199999999999997,-3.3339304843231177
5686,-2.8400000000000007,0.9699999999999995
5687,-4.257999999999999,-5.244000000000004
5688,-3.0269815467233356,-2.158000000000004
5689,12.385882476617184,8.844
5690,1.6435452307944616,16.188
5691,0.6342522204046697,3.952121201202762
5692,2.9699999999999998,18.328
5693,7.323545230794461,6.545999999999999
5694,6.406000000000001,23.266
5695,5.252,21.803018453276664
5696,2.267220271308914,19.784
5697,7.894,9.640260206585712
5698,-3.9396247902208095,3.2600000000000002
5699,16.415999999999997,3.1680336555953703
5700,2.9779999999999993,4.979051062400218
5701,-1.624000000000001,3.988238724585578
5702,-0.27677972869108664,17.224
5703,9.328,21.008
5704,5.791999999999999,-3.411511124963526
5705,-0.07077972869108624,10.421999999999999
5706,-10.012,11.087051062400219
5707,-2.149747779595331,-0.5669489375997806
5708,4.693999999999999,4.665999999999999
5709,-4.836117523382815,33.2
5710,12.425999999999998,18.02
5711,1.5719999999999998,-6.804000000000002
5712,-1.4760000000000002,10.11
5713,-3.714983043430719,9.777999999999999
5714,3.66,-2.22762657839257
5715,11.722,12.904
5716,16.223999999999997,-0.13800000000000168
5717,-2.1340000000000003,-0.9066967171951112
5718,-0.8640000000000001,3.2681212012027627
5719,13.264,-5.505739793414288
5720,-3.8779999999999992,-6.007739793414289
5721,8.489999999999998,-12.037285024208751
5722,-7.705999999999999,-10.129966344404632
5723,4.659999999999999,-3.597999999999999
5724,2.5159999999999996,9.039999999999997
5725,-11.232,2.7279999999999993
5726,23.987999999999996,3.1422938621810843
5727,2.8927908558145043,8.248238724585576
5728,-1.3529815467233353,5.701999999999998
5729,2.798000000000001,-2.0140000000000002
5730,-6.902000000000001,3.939999999999999
5731,-3.96789142262804,-10.309966344404629
5732,-0.48000000000000015,10.355999999999998
5733,1.1420000000000001,-5.261511124963525
5734,0.5681385551473834,10.558000000000002
5735,5.856,0.951018453276663
5736,14.916,3.297018453276663
5737,2.4090184532766648,13.985999999999999
5738,4.3647908558145065,4.654252220404668
5739,11.26,1.5819999999999985
5740,0.29023665463180637,-1.4132589045588553
5741,-1.5681175233828142,-19.280981546723336
5742,6.116790855814506,-6.419511124963526
5743,9.168000000000001,18.076
5744,-2.374000000000001,13.238238724585576
5745,5.261999999999999,-14.437878798797238
5746,0.44622610075477454,13.776000000000002
5747,-3.2880000000000003,16.39071497579125
5748,1.2872445540314401,-13.539509055009756
5749,15.237999999999996,-0.2252850242087483
5750,-2.9180000000000006,0.27023872458557674
5751,-4.385747779595331,11.533999999999997
5752,2.6860000000000004,25.385999999999996
5753,-3.2980000000000005,10.292
5754,-1.4119999999999995,18.172
5755,4.571545230794461,-13.11574777959533
5756,3.0220000000000007,4.461999999999999
5757,7.74,3.555051062400216
5758,7.849018453276665,9.703999999999997
5759,10.575999999999999,-13.517511124963528
5760,5.021018453276666,16.832
5761,9.801999999999998,-17.643747779595333
5762,-10.76,5.608
5763,6.733999999999999,1.9942522204046653
5764,-1.659747779595331,12.386
5765,-6.196,-5.46728502420875
5766,3.171794931009794,-3.467878798797237
5767,11.524,0.6739999999999984
5768,5.409999999999999,8.049051062400219
5769,-25.615999999999996,7.519999999999998
5770,0.0019999999999992467,30.671999999999997
5771,-0.04600000000000044,22.755999999999997
5772,-0.9540000000000013,-4.974000000000001
5773,5.424236654631807,-5.976948937599781
5774,2.0219999999999994,7.313999999999998
5775,6.6240000000000006,-10.62787879879724
5776,-0.8484547692055375,-12.373999999999999
5777,0.7539999999999998,-12.168710213014204
5778,3.1119999999999997,-11.43894893759978
5779,5.278252220404668,-27.140721340137624
5780,0.9020000000000004,-13.992233961808529
5781,7.278236654631806,-5.716981546723336
5782,6.969999999999999,5.103999999999999
5783,8.017999999999999,-0.4659999999999972
5784,8.541882476617186,-5.439761275414421
5785,11.496,-16.70573979341429
5786,0.14799999999999933,-12.401966344404624
5787,-7.545763345368194,12.372488875036474
5788,1.7718824766171846,-6.404721340137624
5789,13.683999999999997,5.741766038191469
5790,-6.134454769205538,-3.3200000000000003
5791,2.5599999999999996,-13.70950106882871
5792,3.002,-18.113930484323117
5793,4.190226100754775,12.027999999999997
5794,0.9259999999999995,0.21505106240022104
5795,1.7522261007547744,-2.364948937599783
5796,11.337999999999997,-7.74
5797,0.9792202713089138,-6.953285024208751
5798,-0.04774777959533196,6.798121201202763
5799,-10.46655362793631,-10.322000000000003
5800,-1.0400000000000007,17.023999999999997
5801,1.2079999999999995,-12.009251368613377
5802,-1.926418288370988,-2.8740000000000023
5803,0.9739999999999988,-10.829258904558857
5804,6.052,2.4300000000000015
5805,-8.356117523382816,24.95
5806,2.01,1.7290184532766617
5807,-2.5121175233828152,17.57
5808,9.91,0.8820000000000027
5809,-3.6300000000000012,3.016488875036476
5810,-2.5577477795953323,9.852238724585579
5811,-1.2,3.285018453276662
5812,0.7179999999999975,-1.8435111249635256
5813,3.603545230794462,2.88305106240022
5814,13.235999999999999,-24.696589011811437
5815,0.23400000000000035,18.802
5816,12.951999999999998,20.009999999999998
5817,6.533999999999999,3.1059999999999994
5818,-3.4037477795953306,7.145999999999996
5819,-6.621773899245225,3.386
5820,-6.969663913391033,1.3401212012027615
5821,0.09701845327666483,3.362033655595371
5822,9.052000000000001,16.546
5823,2.2442366546318064,-8.143761275414422
5824,-0.7200000000000003,12.018033655595373
5825,-17.478,13.132
5826,-2.029763345368194,-18.05
5827,3.8135452307944626,-4.115761275414421
5828,10.524,15.930000000000001
5829,1.75,-11.679511124963526
5830,6.935999999999998,-15.595618592211526
5831,-4.59,12.339999999999998
5832,2.6759999999999993,-12.39874282213776
5833,5.473999999999999,12.841999999999999
5834,-2.854000000000001,2.8174299515824996
5835,4.059018453276666,6.189999999999998
5836,14.689999999999998,-31.091739793414284
5837,-9.666000000000002,-6.337999999999999
5838,2.386673332431691,-11.232948937599783
5839,-2.682418288370988,-0.7073899237607627
5840,-3.3340000000000005,-9.892981546723334
5841,-3.414779728691086,-6.555747779595331
5842,9.288473309263612,11.544260206585713
5843,-9.545773899245223,3.086033655595371
5844,7.161999999999999,-10.350000000000005
5845,-12.306087545607392,-20.506696717195116
5846,3.603999999999999,-9.529999999999998
5847,4.282,-5.430981546723336
5848,-1.5637477795953314,-11.827776673996798
5849,-5.223639202223372,-1.9752850242087494
5850,5.135018453276665,4.804252220404667
5851,-7.1164547692055375,14.403999999999996
5852,-18.8,-12.06
5853,10.523999999999997,-6.024915282004409
5854,1.4819999999999995,-5.970981546723337
5855,7.287999999999999,16.532
5856,3.1685636840711275,3.0810510624002188
5857,9.650226100754773,-16.483285024208747
5858,2.3282522204046687,-14.772
5859,-4.6080000000000005,-6.205285024208749
5860,0.6120000000000001,-29.314
5861,-2.444981546723336,-6.718948937599782
5862,-0.8047797286910855,-11.205845143201866
5863,7.624236654631806,13.382
5864,15.256,3.533999999999998
5865,-17.034,13.346
5866,-3.758981546723335,21.56
5867,-2.422087545607391,15.811999999999998
5868,18.06,17.829999999999995
5869,5.5822366546318065,10.526
5870,-2.710000000000001,8.96
5871,-1.0460000000000005,-13.062000000000001
5872,-9.238202548800867,-1.2117612754144236
5873,14.586236654631804,1.7120000000000004
5874,8.116,11.319051062400217
5875,1.3879999999999995,-1.505878798797238
5876,3.2867908558145067,18.686
5877,-0.7667797286910858,6.894252220404669
5878,-1.517209144185495,-8.283285024208748
5879,10.012226100754773,11.459999999999999
5880,-8.146,-17.41904629962317
5881,13.063999999999998,7.824238724585579
5882,1.75,-16.81148757300962
5883,5.322,0.30471497579124857
5884,8.39,-12.321714123999959
5885,-5.714,-7.733389923760763
5886,-8.568779728691087,25.497999999999998
5887,-8.284779728691086,-1.045251368613378
5888,-0.496,4.568488875036474
5889,-6.460779728691087,9.56105106240022
5890,1.16,-6.911878798797237
5891,0.8339999999999996,-5.519511124963526
5892,-9.414000000000001,24.77701845327666
5893,-3.6060000000000003,-24.437032803804083
5894,-0.3160000000000004,15.345999999999998
5895,16.787882476617188,-14.923747779595331
5896,4.438,6.472121201202763
5897,3.9550184532766663,17.849999999999998
5898,13.539999999999997,1.7632038508277248
5899,-2.5279999999999996,-10.025511124963526
5900,-3.5920875456073915,-8.611511124963526
5901,3.1479999999999997,15.678
5902,-1.8680875456073927,1.782
5903,7.991999999999997,4.297999999999999
5904,4.742,4.0667149757912515
5905,5.970252220404667,-2.9537397934142873
5906,7.394226100754774,0.647999999999999
5907,0.011999999999999034,-4.666
5908,0.24999999999999875,-2.168000000000002
5909,-1.7517477795953316,-12.8670126440278
5910,4.105016956569282,-12.146
5911,6.523999999999999,7.907999999999999
5912,-10.072000000000001,9.386260206585712
5913,-1.425999999999999,15.813999999999998
5914,6.76,12.493999999999996
5915,-9.175999999999998,18.776
5916,-8.438087545607392,2.5107149757912497
5917,-3.716,-12.856
5918,4.250000000000001,-3.4080000000000004
5919,8.928236654631807,-12.706
5920,5.742,5.829999999999999
5921,-9.926117523382818,26.704
5922,-1.0060000000000002,-17.892948937599776
5923,-1.2600000000000002,10.778252220404669
5924,0.38800000000000007,-18.589640074211662
5925,11.156,-14.050006364346373
5926,8.6,-0.5338787987972389
5927,5.352226100754774,16.727999999999998
5928,-8.628,21.6
5929,-6.244779728691086,-9.708721340137624
5930,-4.818779728691085,-14.440436510609402
5931,4.479771331549237,-4.623864219604189
5932,8.838,-5.8197612754144235
5933,-11.181999999999999,-14.575999999999999
5934,6.597999999999999,14.469999999999999
5935,-0.5020000000000019,-1.3500000000000008
5936,3.88,-21.464710213014204
5937,-2.7960000000000003,-2.4320000000000013
5938,-2.9199999999999995,-25.479618592211523
5939,2.322,7.693051062400217
5940,-0.4184547692055377,5.379999999999997
5941,4.194,7.667999999999999
5942,5.8482366546318065,6.852000000000001
5943,-4.695209144185495,9.622488875036476
5944,3.5639999999999987,-21.053878798797236
5945,-3.7699999999999996,4.5600000000000005
5946,-4.730000000000001,-9.667999999999997
5947,5.116462755386581,1.7270510624002178
5948,0.3339999999999989,21.614
5949,12.166,9.594488875036475
5950,-0.3824547692055377,-5.784981546723336
5951,0.8400000000000005,-6.051511124963525
5952,6.636,-5.435999999999998
5953,-0.5129815467233356,-10.831999999999997
5954,6.889882476617184,6.321999999999998
5955,-3.882,17.90612120120276
5956,7.9399999999999995,13.070000000000002
5957,-7.790117523382814,-11.518981546723335
5958,1.916,25.585999999999995
5959,-1.2760000000000005,-6.098000000000001
5960,6.519999999999999,9.422238724585576
5961,-7.766779728691087,-6.23903280380408
5962,0.8627908558145062,14.403999999999996
5963,4.248,-12.028981546723335
5964,15.181882476617181,-16.55148757300962
5965,-6.966000000000001,-4.239761275414423
5966,13.297999999999998,-12.296948937599781
5967,-13.904,-2.334
5968,-6.462000000000001,-2.500000000000003
5969,1.452,-21.05
5970,-4.320000000000001,16.47226020658571
5971,-7.422175091214783,26.663999999999998
5972,4.835999999999999,10.004033655595368
5973,-5.5217738992452245,10.236260206585712
5974,2.820226100754775,-20.051626578392565
5975,8.158000000000001,9.825999999999999
5976,1.5290184532766644,19.131999999999998
5977,-4.3500000000000005,3.9764888750364733
5978,14.673999999999998,-12.399258904558858
5979,-12.947999999999999,-24.121626578392572
5980,2.6339999999999995,-16.232
5981,0.563999999999999,-2.5557477795953334
5982,-2.076000000000001,1.5690510624002172
5983,2.7880000000000003,-0.250460062563306
5984,-0.048087545607392104,-5.953999999999999
5985,-3.9440000000000017,-22.51272932631867
5986,6.981018453276664,6.181999999999999
5987,-13.426779728691088,3.12426020658571
5988,-2.978,21.215999999999998
5989,13.90191245439261,-5.655285024208749
5990,-6.308,-1.1099663444046315
5991,-1.6127797286910863,4.223999999999999
5992,-2.1560875456073916,-13.967678263918447
5993,5.962,-10.469747779595334
5994,-8.286000000000001,-27.777761275414424
5995,0.025999999999999267,9.432000000000002
5996,-18.442,-2.0169489375997824
5997,-5.326,5.483018453276664
5998,-9.802000000000001,-0.6486887310140694
5999,2.566,0.5679999999999978
6000,-0.051773899245225866,12.122
6001,-4.580779728691087,8.04505106240022
6002,0.03999999999999844,-15.25574777959533
6003,-1.0399999999999996,9.666252220404669
6004,-4.1240000000000006,15.975999999999999
6005,-1.7940000000000005,22.197999999999997
6006,5.041999999999999,12.780000000000001
6007,-3.388000000000001,3.2502387245855795
6008,-4.812,-7.153878798797235
6009,1.3447908558145067,-4.737747779595331
6010,2.494000000000001,17.23505106240022
6011,8.235999999999999,-6.979966344404628
6012,-7.132000000000001,20.830000000000002
6013,4.912000000000001,1.912488875036474
6014,6.08,7.624260206585712
6015,-0.5239999999999997,0.6083599257883421
6016,1.0840000000000007,-0.271878798797237
6017,6.805999999999997,8.399999999999999
6018,-1.9525275082864184,6.186121201202761
6019,-1.5127797286910867,4.269999999999998
6020,-0.7507797286910869,4.8087149757912515
6021,6.997018453276664,-11.72164007421166
6022,-5.203773899245225,-5.487739793414287
6023,-13.14808754560739,4.715999999999999
6024,3.6099124543926093,-13.857739793414288
6025,-19.34,1.9502602065857133
6026,4.441999999999999,-1.7578787987972369
6027,9.159882476617184,7.113999999999999
6028,4.763018453276667,-21.875966344404624
6029,-5.794779728691087,13.328
6030,-5.297763345368194,-5.59
6031,1.4939999999999998,2.0109751823769626
6032,-12.539747779595334,9.351999999999999
6033,-10.59,-13.783845143201864
6034,-1.9400000000000006,-5.737747779595332
6035,8.790000000000001,3.272033655595372
6036,5.39,-17.927606418616286
6037,1.422,8.475999999999999
6038,12.405999999999999,-7.396457992609532
6039,7.589999999999998,-17.81903280380408
6040,-1.5337477795953316,15.083999999999998
6041,-3.4200000000000004,4.196
6042,1.9278824766171838,11.069999999999997
6043,-0.4657633453681932,2.211999999999999
6044,5.797999999999998,-14.09187879879724
6045,2.966,9.114260206585712
6046,12.99,18.814
6047,0.702,11.712
6048,3.579999999999999,-22.201747779595337
6049,-5.664117523382815,-12.052
6050,-12.038,21.621999999999996
6051,-1.0200000000000007,15.959999999999997
6052,-1.236,18.10203365559537
6053,-0.662981546723336,31.339999999999996
6054,-1.621850890975584,2.9579999999999975
6055,-2.128,15.985999999999999
6056,-2.802000000000001,25.664000000000005
6057,-4.643999999999999,-7.213032803804081
6058,-2.266,8.835999999999999
6059,8.239999999999998,6.709051062400218
6060,-3.768,-2.2500000000000013
6061,2.0482366546318063,-1.2177612754144236
6062,-0.2695111249635243,2.4999999999999987
6063,3.0161491090244157,3.813999999999998
6064,1.2558824766171846,18.604
6065,4.88,5.908238724585579
6066,5.506236654631806,21.918
6067,-9.15208754560739,8.346238724585579
6068,7.998252220404669,9.110121201202762
6069,2.9307908558145055,8.091018453276664
6070,-4.396000000000001,-20.507443813772777
6071,-3.474779728691086,-4.579727619819049
6072,7.345244554031439,-2.030000000000001
6073,-1.5140000000000018,3.2419999999999973
6074,-6.836779728691087,-9.592710213014204
6075,-3.8052091441854943,18.862
6076,0.6267908558145059,16.284
6077,2.825999999999999,9.437999999999999
6078,-1.9080000000000006,1.5607149757912508
6079,-0.10000000000000106,-11.017999999999997
6080,-2.6944547692055374,11.936121201202761
6081,-3.7889815467233348,-14.223511124963526
6082,0.728,4.965051062400219
6083,9.889999999999997,16.619999999999997
6084,-2.5717477795953316,-40.1583072741358
6085,-9.219999999999999,8.41
6086,1.1410184532766643,3.2359999999999993
6087,-5.523999999999999,-3.5897477795953323
6088,-0.2360000000000003,11.717999999999998
6089,-11.070190690908827,2.5819999999999994
6090,0.8719999999999996,5.927999999999999
6091,-0.014000000000000058,-15.772112760605768
6092,-1.5680000000000003,-11.776981546723334
6093,2.660226100754775,-15.728981546723338
6094,-9.416,-19.27528502420875
6095,-13.697999999999999,13.713999999999999
6096,6.0502261007547755,17.288
6097,9.049882476617183,5.584252220404669
6098,-0.9100000000000001,-13.435761275414421
6099,-15.34,-1.087966344404625
6100,-6.094,-3.893739793414288
6101,14.304790855814506,13.341999999999999
6102,-0.010000000000000498,-0.8520000000000003
6103,0.8239999999999995,7.858000000000001
6104,1.5139124543926088,-31.380000000000003
6105,-5.131773899245225,-11.556000000000001
6106,7.624,21.58203365559537
6107,12.25,13.141999999999996
6108,-4.054,-1.0397612754144232
6109,5.176,-4.369999999999999
6110,3.043882476617184,10.262488875036473
6111,12.650236654631808,-5.722860345520574
6112,4.095781885426268,16.131999999999998
6113,-1.0257633453681934,3.257999999999999
6114,8.368,5.853999999999999
6115,-9.48374777959533,2.6452786598623748
6116,7.185999999999998,9.332488875036473
6117,1.1262261007547754,6.807999999999998
6118,-10.401209144185492,-1.457389923760762
6119,-0.07000000000000099,10.93701845327666
6120,-1.7917633453681927,17.791999999999998
6121,3.04,-16.934
6122,-3.5775216788405557,22.028
6123,-1.8040000000000007,20.613999999999997
6124,5.508226100754774,15.084
6125,8.978,10.716488875036474
6126,-0.19799999999999934,-1.736000000000002
6127,-7.987747779595331,14.144
6128,1.6380000000000003,-12.790000000000001
6129,-6.5600000000000005,0.009051062400219046
6130,5.342790855814506,6.8702522204046685
6131,-5.020000000000001,4.810033655595371
6132,13.038,-6.433511124963525
6133,5.288,-6.2948277363970195
6134,-0.8480000000000004,-8.043999999999997
6135,-0.166,9.767999999999999
6136,-4.746,6.02
6137,5.031999999999998,0.8539999999999995
6138,6.111018453276664,-8.825727619819048
6139,6.4719999999999995,-16.516981546723333
6140,1.31,3.7999999999999985
6141,-1.9080000000000006,2.1699999999999995
6142,2.8879999999999995,13.977018453276665
6143,13.328790855814507,14.718
6144,5.843999999999999,-11.569747779595334
6145,-3.887209144185494,25.6
6146,-19.324454769205538,4.440252220404668
6147,5.08,0.6662938621810846
6148,-11.42254307405928,0.9362522204046669
6149,-0.35020254880086854,25.082
6150,2.414,-6.151966344404627
6151,3.1100000000000003,-7.5777397934142865
6152,1.1139999999999994,23.038
6153,-2.8200875456073917,16.607999999999997
6154,5.789882476617184,-8.340981546723338
6155,10.232000000000001,3.7979999999999974
6156,3.628236654631806,13.264488875036474
6157,-3.9599999999999995,-16.466
6158,-3.9900000000000007,-9.074981546723336
6159,0.3580000000000002,11.900000000000002
6160,0.33999999999999986,5.085999999999997
6161,15.645999999999997,-9.951258904558856
6162,-1.2817738992452257,9.84
6163,9.024226100754776,11.879999999999997
6164,2.062,-11.053761275414422
6165,1.1099999999999988,2.2759999999999985
6166,10.956,13.533999999999997
6167,6.269999999999999,-14.610000000000003
6168,4.101220271308914,-22.188
6169,6.071018453276663,0.006260206585711048
6170,-1.5719999999999998,-8.37974777959533
6171,-2.9217477795953313,17.461999999999996
6172,14.038,-6.089999999999999
6173,9.538,-10.482000000000003
6174,5.868790855814505,-6.1437612754144215
6175,5.856252220404669,-16.37176127541442
6176,3.6750184532766648,5.645018453276664
6177,1.672,-11.01796634440463
6178,-6.072000000000001,11.29
6179,-3.8360000000000007,-7.1979663444046285
6180,-0.26177389924522554,0.9662522204046681
6181,-2.251209144185494,-5.740000000000002
6182,5.874900929893849,-12.06623396180853
6183,9.468252220404668,-0.5316185922115239
6184,-8.052000000000001,-0.1420000000000016
6185,7.773999999999999,0.20412120120276356
6186,-2.1189815467233353,1.7482387245855775
6187,3.7400000000000007,21.912
6188,3.611018453276664,1.5762522204046676
6189,2.4582366546318055,-6.812981546723336
6190,-5.0600000000000005,-7.8812589045588535
6191,-4.178983043430719,5.869051062400219
6192,1.2707908558145051,9.914033655595372
6193,-0.36599999999999966,15.689999999999998
6194,-4.796000000000001,-1.7960000000000016
6195,1.5835452307944622,5.671999999999999
6196,0.07101845327666503,-14.94678352534147
6197,-1.4400000000000008,26.473999999999997
6198,-15.946672883779268,-7.273739793414288
6199,0.3430184532766642,1.148121201202762
6200,-15.152000000000001,12.98803365559537
6201,7.959999999999999,16.26105106240022
6202,-5.086,-14.35128502420875
6203,-19.092,15.16
6204,-3.4617738992452245,7.652252220404667
6205,7.697999999999999,-0.28774777959533254
6206,6.891882476617184,8.525018453276662
6207,-1.1179999999999999,13.372714975791249
6208,-4.473763345368193,9.755018453276662
6209,0.5779999999999994,-4.3437477795953345
6210,11.542,3.3699999999999997
6211,-1.6617477795953306,0.9659999999999996
6212,-3.724000000000001,4.700260206585712
6213,8.040000000000001,16.112000000000002
6214,-8.922087545607392,24.266000000000002
6215,-5.854779728691087,-23.074492671686865
6216,-1.0177738992452257,-1.8369815467233372
6217,-0.03200000000000038,15.117999999999999
6218,5.745255107908473,-16.071845143201863
6219,3.24524455403144,4.377051062400217
6220,-3.3357738992452255,8.458000000000002
6221,-3.7417633453681938,6.812033655595371
6222,-0.08799999999999972,17.203018453276663
6223,11.878,1.3484888750364745
6224,-1.0159999999999996,7.745999999999998
6225,7.183999999999999,16.222
6226,-11.238000000000001,29.459999999999997
6227,10.669999999999998,15.959999999999999
6228,1.7715452307944617,15.309999999999999
6229,6.996226100754775,-3.7439999999999998
6230,2.5759999999999996,-1.1297397934142879
6231,4.63,0.6339999999999997
6232,-5.2620875456073914,-5.327522550828844
6233,5.231999999999998,5.106260206585713
6234,1.7079999999999997,-15.250981546723335
6235,-5.171747779595331,8.374260206585713
6236,-2.464000000000001,18.156
6237,-4.480000000000001,-8.73971412399996
6238,4.35,-7.279966344404627
6239,-12.966000000000003,-26.779966344404624
6240,0.26599999999999985,14.288
6241,2.453018453276664,-4.459511124963524
6242,8.800790855814506,-14.713999999999999
6243,3.997220271308913,4.017429951582499
6244,2.8959999999999995,10.250121201202763
6245,-6.814,5.214238724585579
6246,16.665999999999997,19.413999999999998
6247,4.365999999999999,-23.241897875199562
6248,-0.6797738992452255,-18.725285024208752
6249,-9.435763345368192,14.859999999999996
6250,-2.6127797286910863,-6.336948937599782
6251,11.240226100754775,0.2182387245855768
6252,11.401999999999997,16.71612120120276
6253,-1.5799999999999983,-12.812027846346506
6254,1.9922366546318067,-7.711966344404627
6255,1.6301491090244142,-4.940981546723338
6256,6.622,16.94905106240022
6257,6.409999999999998,7.669278659862376
6258,-2.138,-0.5299999999999997
6259,-1.8857633453681928,-12.069761275414423
6260,4.010000000000001,-10.299479586828577
6261,-19.431773899245226,24.47
6262,-4.290000000000001,-11.021389923760763
6263,9.322,-2.8300000000000014
6264,0.38788247661718456,6.732293862181085
6265,8.547999999999998,9.993999999999996
6266,-5.9159999999999995,-13.007878798797233
6267,-8.846527508286417,-3.8279304843231174
6268,4.453999999999999,-0.4798787987972375
6269,11.057999999999998,9.271999999999998
6270,1.4119999999999997,24.497999999999998
6271,3.0898824766171846,1.8839999999999997
6272,-1.3099999999999998,14.062000000000001
6273,11.814226100754777,4.277999999999999
6274,-9.968,8.605733429067914
6275,-2.0809569237808256,-6.045258904558857
6276,3.410000000000001,3.0919999999999987
6277,-3.878,14.421018453276664
6278,-12.298087545607391,-3.663999999999999
6279,2.7759999999999994,-15.943930484323118
6280,3.6342261007547747,-12.790371470484098
6281,-6.806,10.818488875036476
6282,5.340000000000001,13.896
6283,-1.6280000000000001,15.516260206585713
6284,6.9799999999999995,-8.071747779595333
6285,0.8779999999999998,5.627507328313139
6286,-3.914,10.074
6287,1.3339999999999999,0.5022602065857116
6288,-2.8760000000000003,-7.628
6289,0.445999999999999,-13.289761275414424
6290,-13.671999999999997,-9.484000000000004
6291,-5.634454769205537,-4.1597612754144215
6292,-8.544,3.845999999999998
6293,4.717999999999999,8.719018453276664
6294,-1.821763345368194,-3.2539999999999987
6295,7.571545230794461,2.6339999999999977
6296,-0.5659999999999996,-3.7518787987972373
6297,3.486119131248992,0.8841212012027633
6298,0.6820000000000004,12.549999999999999
6299,-0.6357477795953322,-14.27
6300,11.212,-5.246000000000004
6301,2.918,8.748
6302,4.977999999999999,19.204
6303,15.771999999999997,17.912
6304,2.308,7.6771396544794275
6305,-0.525209144185494,-1.8055111249635272
6306,3.6439999999999997,7.0699999999999985
6307,-3.7380000000000004,-5.257761275414422
6308,8.347999999999999,21.378
6309,6.976000000000001,-1.43128502420875
6310,-3.6597633453681935,6.1739999999999995
6311,-6.959999999999999,-14.433511124963525
6312,-1.2484547692055377,3.22003365559537
6313,-2.6160000000000005,2.8019999999999996
6314,0.8719999999999999,9.410260206585713
6315,2.429999999999999,17.20671497579125
6316,0.653545230794462,11.761999999999999
6317,4.642,-18.389999999999997
6318,-4.24,1.1379999999999968
6319,6.4620000000000015,-12.495999999999999
6320,5.031912454392609,5.8939999999999975
6321,-1.3439999999999999,21.624
6322,3.8279999999999994,24.966
6323,-3.6857477795953315,5.523999999999998
6324,-1.4937612754144212,16.322
6325,-2.3312091441854945,8.309999999999999
6326,8.38354523079446,22.69612120120276
6327,0.24799999999999897,-39.51576127541442
6328,-1.0505423148129291,12.222033655595371
6329,14.471999999999998,-4.453761275414424
6330,5.118236654631806,-5.939511124963527
6331,-12.966000000000003,7.669999999999999
6332,-9.236,2.084000000000002
6333,5.637545230794461,-4.516000000000001
6334,3.7860000000000005,10.796488875036474
6335,-8.012,11.085018453276664
6336,5.947999999999999,-4.07128502420875
6337,2.3659999999999988,0.44600000000000006
6338,3.2732202713089125,-12.857511124963526
6339,-4.768000000000001,3.4519999999999995
6340,9.234,1.7739999999999996
6341,-0.3940000000000007,-15.610796149172273
6342,3.932790855814506,-4.633747779595332
6343,1.468,-23.96694893759978
6344,0.8987908558145052,-2.11894893759978
6345,6.785018453276665,1.5622424024055257
6346,-9.928117523382815,-0.673761275414422
6347,12.922,10.829999999999998
6348,3.7039999999999997,-18.11796634440463
6349,4.976000000000001,7.4967149757912495
6350,-4.470000000000001,-9.244947891127964
6351,1.811999999999999,-5.63067655741883
6352,2.8620000000000005,-9.828729326318665
6353,0.29679085581450637,-6.396981546723337
6354,-2.266,9.661999999999997
6355,8.184000000000001,0.10237342160743168
6356,-2.3467797286910868,-9.591761275414422
6357,-6.104000000000001,19.25425222040467
6358,3.72,3.0290510624002183
6359,3.847999999999999,28.163999999999998
6360,5.006,25.362000000000002
6361,-1.9480000000000004,19.35012120120276
6362,3.496,-13.348710213014204
6363,-6.682,6.243999999999998
6364,-3.6881175233828154,3.5379999999999994
6365,4.238,19.282
6366,-4.766,-9.384981546723335
6367,-11.431763345368195,-5.821511124963526
6368,-4.826,-3.981761275414422
6369,9.41,0.03399999999999963
6370,-9.383922870810114,-7.535747779595333
6371,-9.47008754560739,17.792
6372,-3.2360000000000007,3.477999999999999
6373,3.8920000000000003,-10.47372761981905
6374,5.495999999999998,12.867999999999999
6375,-5.8237477795953305,-1.9912589045588576
6376,1.124,14.838
6377,-8.798,9.91
6378,7.95,-3.520000000000001
6379,-4.299747779595331,-6.42176127541442
6380,4.273999999999999,3.742
6381,3.342,12.688000000000002
6382,-1.5259999999999996,-11.041511124963526
6383,-5.027537244613418,14.146
6384,2.487912454392608,-3.5712850242087493
6385,10.254,15.148
6386,1.177999999999998,-7.4399999999999995
6387,-2.514000000000001,-17.61928502420875
6388,0.35622610075477396,8.099733429067916
6389,-6.320454769205539,-5.146
6390,6.394,32.824
6391,-5.574,4.454121201202763
6392,4.086,5.37105106240022
6393,-15.831999999999999,3.609999999999998
6394,-1.0920000000000005,-4.767932688809256
6395,5.369882476617186,-9.794
6396,4.698,19.03025222040467
6397,-0.377835325202723,6.273018453276663
6398,1.2578824766171839,4.813018453276664
6399,8.772226100754775,-4.2620000000000005
6400,-0.0840000000000007,7.767051062400219
6401,-4.478,0.25199999999999745
6402,-3.8144547692055375,-13.005509055009753
6403,-1.6880000000000013,-21.349626578392567
6404,-8.876,1.2722387245855777
6405,-5.226000000000001,10.648
6406,-8.890175091214783,7.7299999999999995
6407,-1.1787797286910877,24.226
6408,3.0159999999999996,-13.071966344404629
6409,0.1359999999999996,2.0599999999999987
6410,0.8682522204046677,0.5902602065857117
6411,-2.2642286684507633,-2.0557477795953303
6412,2.839220271308914,2.100488875036475
6413,4.057999999999999,26.162
6414,8.899999999999999,-4.877645654794894
6415,-14.538,27.46412120120276
6416,6.653999999999999,3.338000000000002
6417,1.2720000000000007,-2.6830248176230382
6418,7.9719999999999995,-3.1889489375997826
6419,-0.7660000000000003,9.424260206585714
6420,-4.892000000000001,20.08
6421,-2.7824547692055384,6.897051062400219
6422,-1.6112966897928858,6.414260206585712
6423,4.596000000000001,-1.7817397934142882
6424,-2.4500000000000015,-13.54571412399996
6425,0.7902261007547757,-26.491272400377948
6426,-4.396981546723334,4.757999999999999
6427,4.11,6.117999999999999
6428,1.4159999999999981,7.947999999999999
6429,6.683545230794462,-5.191878798797239
6430,-1.8257612754144215,-10.333670277737404
6431,8.238790855814505,-1.334948937599782
6432,2.6799999999999984,13.079999999999998
6433,6.406000000000001,-7.9857397934142895
6434,-7.729773899245226,-1.7989815467233357
6435,-2.9279999999999995,2.08426020658571
6436,8.19176495323437,6.035999999999999
6437,-1.4622050689902069,8.185999999999998
6438,-5.262,-3.637999999999998
6439,2.6962261007547745,13.963999999999999
6440,-6.052,12.434
6441,-10.90598887287658,-3.6709815467233353
6442,1.593220271308913,-4.134915282004411
6443,-10.618,0.6680000000000004
6444,6.593999999999999,-4.281739793414289
6445,2.8199999999999994,-4.677747779595333
6446,9.764,-30.833761275414425
6447,-2.9404182883709877,-14.301999999999998
6448,1.2472551079084713,-20.034
6449,6.027999999999999,-2.3437276198190498
6450,11.758,-4.403747779595332
6451,10.679882476617184,-19.17347958682857
6452,-7.320087545607393,1.5304888750364753
6453,-1.9680000000000004,-15.621999999999996
6454,-31.882779728691084,8.916488875036475
6455,5.246236654631806,13.008
6456,-2.5420000000000003,-8.431761275414422
6457,-9.258454769205537,-7.763285024208751
6458,11.151220271308912,-7.2379999999999995
6459,-1.1780000000000002,25.927999999999997
6460,-1.4869815467233352,15.762
6461,4.196,12.715999999999998
6462,0.3759999999999984,-6.165999999999999
6463,-1.6507797286910872,-3.708000000000002
6464,2.2862261007547744,-7.654948937599777
6465,3.2479999999999998,-7.5040000000000004
6466,1.6880000000000002,30.75
6467,4.703018453276664,8.005018453276666
6468,5.201882476617185,-6.526000000000002
6469,0.008488875036475463,-18.351706137818915
6470,5.482252220404669,9.55
6471,4.421999999999999,11.364238724585578
6472,6.1819999999999995,-23.95325091837781
6473,10.514,17.29203365559537
6474,11.923018453276663,-19.759999999999998
6475,9.59,0.816033655595372
6476,-1.7384547692055379,2.878
6477,3.849999999999999,-16.063878798797237
6478,-9.017999999999999,2.2399999999999975
6479,3.1362522204046677,6.9762522204046675
6480,-6.249999999999998,18.708
6481,-2.713763345368193,10.707999999999997
6482,-1.2619999999999996,3.8679999999999994
6483,0.21901845327666436,-7.579878798797236
6484,-12.068000000000001,23.984
6485,5.6259999999999994,3.3542602065857112
6486,-6.958,-0.6780000000000015
6487,3.0780000000000003,-11.106207842158637
6488,-1.2220000000000006,28.556
6489,3.626236654631806,-9.732000000000003
6490,2.3659999999999997,2.3762522204046697
6491,-3.8299999999999996,-15.573999999999995
6492,3.9850184532766635,4.525051062400219
6493,12.633999999999999,25.436
6494,-12.233747779595332,21.46612120120276
6495,-2.546,0.17999999999999972
6496,11.207999999999998,-16.651032803804082
6497,-4.291850890975585,9.901999999999997
6498,-0.6849815467233349,3.661999999999999
6499,0.15400000000000008,12.514
6500,11.516,8.99825222040467
6501,0.1029009298938492,-16.725999999999996
6502,-6.4277477795953315,3.5260000000000007
6503,1.179882476617185,-6.76974777959533
6504,11.95,-3.1827961491722734
6505,-4.0977477795953305,16.729999999999997
6506,0.1279999999999994,15.888
6507,2.322,-4.234000000000001
6508,4.986,-3.7520000000000024
6509,0.04199999999999946,28.212
6510,-3.0072091441854942,9.928033655595373
6511,10.187999999999999,-19.14023396180853
6512,-7.526981546723334,-2.987747779595332
6513,6.287912454392608,18.671999999999997
6514,-0.9920000000000003,12.861999999999998
6515,1.2280000000000002,8.707018453276662
6516,15.849018453276662,5.531999999999998
6517,-1.0680875456073917,9.413999999999998
6518,6.977999999999999,-6.361999999999999
6519,3.401999999999999,-10.387761275414421
6520,5.311999999999999,12.952260206585711
6521,5.401999999999999,9.058252220404668
6522,-6.641234497896624,-1.71373979341429
6523,5.157999999999999,10.17825222040467
6524,2.536,15.262
6525,-7.951999999999998,5.878260206585713
6526,2.122,4.884260206585711
6527,-5.969835325202722,25.018
6528,-4.950000000000001,-2.9337397934142886
6529,11.407018453276663,11.533999999999999
6530,5.318252220404667,-0.8917397934142877
6531,-9.062000000000001,0.28625222040466836
6532,-15.464000000000002,1.9859999999999993
6533,4.058,19.08505106240022
6534,-5.958,-2.528000000000001
6535,15.462,10.016
6536,-6.170000000000001,8.635051062400215
6537,-3.252,14.825999999999997
6538,2.337545230794462,29.544
6539,1.396,0.16438140778847554
6540,4.345999999999999,11.578
6541,-12.894,10.551999999999998
6542,-7.704000000000001,7.028000000000001
6543,4.527018453276664,21.671051062400217
6544,-6.4337738992452245,-7.109258904558857
6545,0.03399999999999994,-0.13748757300961997
6546,6.35,15.30023872458558
6547,-0.9675372446134182,-14.88587879879724
6548,-2.923747779595332,9.041999999999998
6549,-5.090454769205538,18.526
6550,8.201912454392609,-2.4519663444046293
6551,1.6440000000000006,-8.717966344404626
6552,0.4855452307944617,-2.4346887310140692
6553,3.6499999999999995,-12.308000000000002
6554,6.668000000000001,3.8359999999999976
6555,1.6379999999999995,-6.825024817623039
6556,-3.984553627936312,-12.429747779595331
6557,1.6899999999999995,1.8124888750364732
6558,0.8559999999999997,-20.061966344404627
6559,0.7560000000000006,17.651018453276663
6560,4.9,6.406260206585712
6561,-6.706087545607391,2.8839999999999977
6562,1.9698093090911706,7.140000000000001
6563,10.179999999999998,27.25
6564,-0.7624547692055395,-16.43576127541442
6565,-1.0179999999999996,8.447051062400217
6566,4.499999999999999,-2.1929815467233356
6567,-4.2014363159288735,-12.636948937599781
6568,-0.9340000000000007,0.644488875036474
6569,9.098,10.438252220404669
6570,8.861545230794462,6.264252220404669
6571,3.726119131248992,10.633999999999999
6572,1.1582366546318057,-7.072721340137622
6573,7.657581711629012,4.44
6574,10.774,14.397018453276663
6575,-0.33399999999999946,7.359999999999999
6576,-20.413209144185494,-7.931966344404627
6577,8.942,4.657051062400218
6578,1.0140000000000002,13.897999999999996
6579,-2.6439999999999997,-18.36773979341429
6580,-4.496,-0.38576127541442207
6581,-1.1060875456073913,-32.50727240037795
6582,-8.158,-5.061761275414421
6583,5.614,-3.7012850242087523
6584,6.851999999999999,-19.04086034552057
6585,-8.378,7.539018453276663
6586,-0.7332091441854941,-10.851930484323116
6587,5.798226100754775,20.081999999999997
6588,3.7099999999999986,5.62905106240022
6589,-1.4681175233828145,18.632488875036472
6590,2.678000000000001,-9.912
6591,2.822,24.214
6592,-5.453663913391032,4.973999999999997
6593,2.6779999999999995,14.794
6594,-7.674320072183685,-20.913966344404635
6595,1.8057974511991304,-10.841739793414286
6596,-7.444000000000001,-10.85374777959533
6597,-3.3879999999999995,4.83871497579125
6598,-6.5680000000000005,6.610488875036475
6599,3.3760000000000003,8.434033655595373
6600,2.146,-15.297999999999998
6601,-1.268,7.008000000000001
6602,1.386,15.032
6603,2.9179999999999984,20.30905106240022
6604,2.036,-15.728
6605,-0.7540000000000007,15.483999999999998
6606,-2.0915238615362646,-24.540981546723334
6607,1.5155452307944615,10.783999999999997
6608,2.826,-28.491272400377945
6609,-12.238454769205537,-36.31857551599235
6610,12.362,3.974
6611,0.5359999999999996,-14.870000000000001
6612,-5.758,11.097999999999999
6613,8.133220271308911,-15.229739793414286
6614,-6.876553627936312,-14.175999999999998
6615,10.748236654631807,-0.4619999999999987
6616,-8.390779728691086,0.6782602065857105
6617,2.2800000000000002,-8.506948937599779
6618,-8.431999999999999,16.306
6619,-0.23799999999999955,15.149999999999997
6620,-2.1701175233828156,-22.203626578392573
6621,7.701999999999998,1.8800336555953705
6622,-2.8560000000000008,15.362
6623,8.625882476617186,-10.271511124963526
6624,1.5259999999999991,-7.757511124963527
6625,-2.168454769205538,2.9462387245855775
6626,-4.006,-8.527878798797238
6627,4.302226100754774,-3.835285024208749
6628,1.4172202713089141,9.372
6629,6.827018453276665,0.8459999999999983
6630,2.839999999999999,-1.210000000000003
6631,1.198,7.451999999999998
6632,8.394000000000002,-17.696000000000005
6633,1.391999999999999,-18.958543928767607
6634,-2.7357633453681927,-1.443747779595332
6635,6.824,-12.620000000000001
6636,-4.314087545607391,3.6419999999999972
6637,-5.160087545607392,-4.636000000000001
6638,-7.178779728691086,25.062
6639,2.698,-2.327511124963526
6640,4.2059999999999995,-4.821511124963526
6641,-19.37654231481293,-8.59
6642,-7.683999999999999,-22.87176127541442
6643,-11.889747779595332,13.014
6644,-4.64,-7.261285024208749
6645,0.43988247661718527,-28.923878798797233
6646,3.214,-5.9502339618085305
6647,-5.942000000000002,-0.6168603455205733
6648,-5.118000000000001,6.189999999999998
6649,-19.238202548800867,-1.2059999999999982
6650,7.061999999999999,10.856
6651,7.65,23.772
6652,-2.670216044619959,-18.267999999999997
6653,1.0499124543926075,25.058
6654,1.6859999999999986,11.969999999999995
6655,0.6739999999999997,-18.746742822137758
6656,3.3920000000000003,4.220610076239238
6657,-4.633763345368193,4.377999999999999
6658,-6.246,20.062
6659,6.618226100754773,9.536238724585576
6660,0.02403690655332902,11.779999999999998
6661,-1.0197477795953316,5.8359999999999985
6662,-12.605999999999998,11.60812120120276
6663,8.925999999999998,-0.9338787987972381
6664,-4.220000000000001,-3.941739793414288
6665,-0.798,-2.2655111249635267
6666,3.4180000000000006,-4.923999999999998
6667,4.7701191312489915,11.935999999999998
6668,1.638,14.874
6669,-6.846542314812929,8.885999999999997
6670,-3.7957477795953323,-15.489999999999998
6671,1.6479999999999997,30.606
6672,-0.880981546723335,6.980000000000001
6673,3.28,-20.791739793414287
6674,5.671220271308913,5.1764888750364735
6675,2.501220271308914,-6.604000000000002
6676,0.11799999999999962,17.91
6677,7.742,17.19403365559537
6678,2.058252220404668,-21.546948937599787
6679,10.576,-8.772000000000002
6680,3.7735452307944626,-5.72174777959533
6681,-2.3380000000000005,6.797999999999999
6682,-4.415747779595331,7.157051062400217
6683,2.0702366546318065,2.902121201202764
6684,-23.006454769205536,17.568
6685,-0.23599999999999993,-2.693739793414287
6686,7.935999999999998,2.009999999999997
6687,7.052236654631807,-0.6719999999999999
6688,-0.23875544596856102,-3.9200000000000017
6689,-9.842000000000002,1.010000000000001
6690,4.463427707411647,21.912000000000003
6691,6.129999999999998,0.9480000000000011
6692,4.8359999999999985,9.201999999999998
6693,-4.669773899245224,-7.212948937599781
6694,5.428,3.371999999999997
6695,-4.444000000000001,24.12
6696,2.935220271308913,12.423999999999998
6697,6.954252220404666,9.905999999999999
6698,12.477999999999998,-5.468000000000002
6699,0.0519999999999996,-12.065511124963527
6700,2.6159999999999988,-0.8995111249635258
6701,-9.042,-4.09996634440463
6702,-2.585763345368194,-8.355747779595333
6703,-0.7780875456073917,7.794
6704,-2.760000000000001,22.839999999999996
6705,1.2360000000000007,-1.1940000000000004
6706,-0.01599999999999966,-4.243878798797238
6707,3.2700000000000005,-14.232981546723337
6708,7.337999999999999,14.124488875036473
6709,2.950226100754775,-4.176000000000004
6710,0.46191245439260714,-4.587747779595334
6711,-4.400981546723335,-8.05728502420875
6712,-2.358981546723336,13.135999999999996
6713,7.786119131248992,-26.569761275414418
6714,5.6339999999999995,28.629999999999995
6715,-2.4040000000000004,9.488
6716,4.333999999999999,13.59105106240022
6717,3.421882476617184,-0.9279999999999994
6718,-6.215209144185495,-5.957285024208749
6719,2.5509009298938503,-1.339999999999997
6720,-5.561999999999999,19.72812120120276
6721,-6.2847797286910865,9.277999999999997
6722,-11.398117523382815,-6.5906967171951125
6723,-2.9599999999999995,2.733018453276665
6724,6.307545230794462,-17.102742822137756
6725,1.4280000000000004,-0.003285024208749121
6726,-4.665747779595332,5.119999999999999
6727,9.116,-1.2180000000000024
6728,3.5539999999999994,-3.071999999999997
6729,4.569999999999999,-4.721999999999999
6730,6.9300000000000015,17.822
6731,-0.6560000000000002,2.4981212012027627
6732,11.941545230794462,-33.503151199175186
6733,3.2739999999999996,5.071999999999998
6734,0.7510184532766649,-12.127999999999997
6735,1.8322366546318072,-8.933511124963527
6736,7.545999999999999,-14.250000000000004
6737,-3.4959999999999996,3.4421212012027618
6738,2.0740000000000003,-16.526915282004406
6739,7.866,12.681999999999999
6740,0.9039999999999992,9.094252220404666
6741,-0.38657229258835246,15.832488875036475
6742,6.726252220404669,-13.81973979341429
6743,2.955545230794461,3.7187149757912494
6744,-3.724000000000001,-3.019999999999997
6745,-4.518000000000002,7.451999999999998
6746,1.5119999999999991,13.12
6747,-12.647296689792885,-9.105999999999998
6748,6.893545230794461,-14.416000000000002
6749,3.4619999999999984,0.7507149757912461
6750,1.437545230794462,-21.718371470484097
6751,3.112252220404668,11.179999999999996
6752,7.828,-13.216
6753,0.6300000000000004,-26.796251877147512
6754,-0.24808754560739157,14.975999999999999
6755,0.2559999999999995,3.977999999999997
6756,-1.480454769205538,-9.095878798797237
6757,4.558236654631807,4.610373421607433
6758,9.032,-12.684710213014203
6759,1.033882476617185,26.583999999999996
6760,6.443999999999998,-16.99103280380408
6761,-7.414,12.925051062400218
6762,4.768488875036474,5.0459999999999985
6763,-6.5629815467233374,-3.4800000000000004
6764,4.930000000000001,4.135999999999999
6765,-6.941999999999998,-6.778981546723335
6766,6.886,3.5622387245855784
6767,0.7459999999999993,-12.091966344404627
6768,-5.272087545607391,-2.0460000000000007
6769,0.7599999999999995,11.359999999999998
6770,-3.826454769205538,1.295999999999998
6771,2.5659999999999994,-13.51572761981905
6772,0.08222610075477448,-11.29
6773,2.528,-14.451618592211526
6774,-5.1505187913367525,-22.118000000000002
6775,4.791999999999999,2.8240000000000003
6776,-0.9320000000000007,23.306000000000004
6777,-3.6177612754144213,10.370260206585712
6778,4.888,14.65
6779,0.16023665463180697,-0.5909489375997813
6780,-1.778,0.21199999999999974
6781,6.994,10.12823872458558
6782,11.28,-2.921501068828711
6783,11.128,9.297999999999998
6784,-7.258087545607393,-14.781966344404628
6785,-4.321763345368193,-12.278710213014204
6786,5.287999999999999,-0.6499999999999992
6787,4.555999999999999,-7.351747779595331
6788,4.986,-19.536450006428492
6789,-1.3660875456073915,2.454522530631847
6790,4.821882476617185,4.7780000000000005
6791,-5.705747779595332,6.705999999999999
6792,-0.33599999999999997,-27.048729326318664
6793,4.924790855814506,-0.32599999999999907
6794,-1.2969724895536874,1.6430510624002181
6795,13.441999999999998,16.304
6796,2.445809309091171,3.868741095441144
6797,3.933999999999999,-17.95176127541442
6798,-5.970000000000001,20.773999999999994
6799,0.9219999999999995,5.155999999999999
6800,-9.502087545607392,0.8322387245855779
6801,6.505999999999998,4.607051062400215
6802,-7.501773899245225,-8.477626578392568
6803,15.002236654631805,-3.940000000000002
6804,5.733545230794462,12.65
6805,-0.3059999999999999,1.2399999999999978
6806,9.921912454392608,11.954121201202762
6807,7.391018453276663,-3.163258904558858
6808,-5.249999999999998,-5.395761275414423
6809,-3.2089724895536875,9.419999999999998
6810,-6.960000000000001,-21.219250918377806
6811,17.567999999999998,-6.6092850242087495
6812,6.1339999999999995,18.746
6813,-1.56,4.653999999999999
6814,4.669882476617184,12.312000000000001
6815,1.8819999999999997,-6.541747779595331
6816,-8.194,11.988
6817,0.21000000000000033,5.771999999999999
6818,0.6880000000000003,-3.9769489375997806
6819,-2.8258353252027226,-9.918428524428355
6820,5.1259999999999994,-0.5620000000000012
6821,-3.3887797286910866,-1.455739793414287
6822,0.8860000000000003,-18.707511124963524
6823,7.122,-18.452947891127963
6824,4.536,11.949999999999998
6825,-1.3640000000000008,0.06399999999999721
6826,6.038,-9.940000000000001
6827,0.7679124543926079,-21.47698154672333
6828,0.05076550210337558,15.930000000000001
6829,2.3957818854262682,7.70826020658571
6830,-1.184000000000001,-15.145251368613378
6831,13.368,-3.3919999999999986
6832,8.947999999999999,-2.075678263918448
6833,-6.001352021279439,-10.937495559190662
6834,4.686,-14.027999999999997
6835,-1.4740875456073916,20.266000000000002
6836,4.640000000000001,-2.8340000000000005
6837,-12.583747779595333,-5.219845143201865
6838,-4.384,-2.003761275414422
6839,-13.160000000000002,12.886
6840,1.9382522204046686,-9.473509055009753
6841,4.147999999999999,-18.706338861360543
6842,0.2727908558145057,1.4507275996220528
6843,-0.38800000000000023,-9.219999999999999
6844,6.624119131248991,-15.821272400377946
6845,-2.0997633453681934,5.380714975791252
6846,-0.8732091441854942,14.35
6847,0.7559999999999999,-28.45551112496353
6848,7.015999999999998,1.790238724585579
6849,0.6798824766171848,20.758
6850,-2.486779728691086,23.085051062400215
6851,0.7140000000000001,-7.145285024208751
6852,6.92,3.0444989311712902
6853,-1.6901175233828156,-12.146492671686861
6854,1.8519999999999996,-8.651999999999997
6855,-8.086000000000002,9.29026020658571
6856,-0.6479999999999997,5.115999999999998
6857,-5.57,17.062
6858,-0.13600000000000137,-19.13498154672333
6859,3.671882476617184,-15.153258904558857
6860,-0.16399999999999865,-4.037966344404628
6861,-3.218202548800869,-4.013511124963528
6862,-0.6487797286910869,16.471051062400218
6863,5.101999999999999,13.53826020658571
6864,4.772,-21.046
6865,14.672000000000002,-23.641761275414417
6866,-0.12520914418549367,-4.787761275414422
6867,2.8519999999999994,6.141999999999999
6868,9.440000000000001,-5.4312850242087505
6869,-1.8332091441854943,15.557999999999998
6870,-7.291209144185496,18.010488875036476
6871,1.5059999999999998,-6.355511124963529
6872,-2.7097738992452256,13.02
6873,0.5499999999999986,7.767999999999998
6874,0.5899999999999999,12.628714975791251
6875,-1.3740000000000003,15.710000000000003
6876,-2.441763345368192,11.898
6877,2.134,2.13026020658571
6878,8.223220271308914,-9.761032803804081
6879,1.5099999999999993,8.162
6880,-0.38608754560739184,8.74471497579125
6881,3.4,0.5902387245855778
6882,5.51,-19.812696717195116
6883,-5.552,8.622488875036476
6884,6.527999999999999,-1.5700000000000007
6885,-2.1129815467233355,8.054
6886,1.182,-0.5899999999999999
6887,-4.870779728691087,0.9487149757912501
6888,-0.22200000000000095,-8.236
6889,-5.364087545607392,-6.580000000000001
6890,-6.078981546723337,6.07412120120276
6891,5.482000000000001,-3.1460000000000017
6892,5.292790855814505,19.538
6893,-5.39154779849045,-12.056006364346374
6894,1.9700000000000002,-9.871477469368156
6895,-1.7057477795953317,11.191999999999998
6896,2.5639999999999996,-34.01962657839257
6897,-2.6864547692055383,-9.19196634440463
6898,-12.238,20.012000000000004
6899,1.887220271308913,-8.359878798797236
6900,-8.13420254880087,1.1930510624002182
6901,0.2278824766171844,-0.13600000000000137
6902,4.625018453276664,0.972373421607432
6903,-1.2320000000000007,17.508252220404668
6904,-3.4917477795953316,10.274121201202764
6905,2.5999999999999988,-13.74976127541442
6906,-9.752981546723335,4.4902522204046695
6907,-3.2540000000000004,5.032
6908,-5.343209144185495,-3.185739793414288
6909,8.294,-3.49494893759978
6910,9.894,-0.4849815467233348
6911,-0.209773899245225,10.684033655595373
6912,3.2399999999999993,-3.5749478911279637
6913,-7.571763345368194,-15.271739793414289
6914,-0.5200000000000011,-36.13850409755218
6915,0.5642522204046685,-20.915999999999997
6916,-1.4079999999999995,14.008000000000001
6917,-4.708,11.242260206585712
6918,3.1159999999999988,-18.879999999999995
6919,-0.07000000000000065,8.548260206585713
6920,6.446,0.04695370037682807
6921,-3.476981546723336,-11.143747779595333
6922,-5.338,14.801999999999998
6923,5.036,21.288
6924,-0.20200000000000032,-16.348
6925,8.271882476617186,16.634
6926,-4.418000000000001,6.059999999999998
6927,-6.974014226587711,8.921018453276663
6928,7.299882476617185,-22.517487573009618
6929,1.1059999999999999,-2.1669489375997815
6930,-16.293747779595332,-11.408000000000001
6931,-1.8600000000000019,7.708000000000001
6932,-8.484454769205538,-3.6399999999999983
6933,1.7979999999999996,-5.913285024208752
6934,15.385999999999996,13.8
6935,3.478,-6.925999999999999
6936,-2.9352091441854933,17.607999999999997
6937,-19.856,-0.09298154672333539
6938,4.037999999999999,6.189051062400219
6939,-15.553999999999998,-11.423747779595333
6940,-5.736,17.291999999999998
6941,-0.1240000000000002,1.5981548567981334
6942,3.6999999999999993,-32.51874282213776
6943,4.586,9.158260206585712
6944,-2.0300000000000002,6.381051062400219
6945,-6.304,14.25
6946,2.3219999999999996,-9.768000000000004
6947,0.1779999999999994,2.50203365559537
6948,-1.61,-18.320266570932084
6949,7.403999999999999,-7.677747779595331
6950,6.564,-1.011511124963525
6951,-0.09600000000000115,-6.671966344404629
6952,4.145882476617184,-6.359747779595335
6953,15.533999999999997,-4.337845143201866
6954,0.39400000000000013,5.229999999999997
6955,-1.5740875456073915,16.705999999999996
6956,-5.001763345368195,-5.951285024208749
6957,-3.562,5.42305106240022
6958,11.621999999999998,-2.6557397934142877
6959,-9.724,9.964488875036475
6960,-8.320981546723335,-8.665739793414287
6961,3.6739999999999995,3.9521212012027633
6962,2.1179999999999994,-4.092981546723338
6963,0.9079999999999998,30.881999999999994
6964,-4.132117523382815,5.47203365559537
6965,-4.037999999999999,-7.022
6966,-3.5739999999999994,11.841999999999999
6967,0.09622610075477471,12.819999999999999
6968,9.545999999999998,24.284
6969,-7.635999999999998,13.097999999999995
6970,0.10154523079446172,15.021999999999997
6971,13.773882476617183,-11.293032803804081
6972,8.854790855814505,0.24399999999999977
6973,11.93,5.362488875036473
6974,9.931999999999999,3.220121201202762
6975,3.4459999999999993,-2.1580000000000017
6976,6.487781885426268,9.687999999999999
6977,-10.480087545607391,11.524
6978,1.86,-15.599046299623172
6979,-4.411999999999999,12.318000000000001
6980,4.765999999999999,-10.258981546723337
6981,-0.851209144185494,-12.87164007421166
6982,-18.869999999999997,-6.876000000000002
6983,5.271999999999999,5.5619999999999985
6984,4.39290092989385,5.405018453276663
6985,-6.296,-12.995777695895608
6986,0.548,-9.923739793414288
6987,-5.117773899245226,-10.704570048417498
6988,1.3419999999999994,-1.4959999999999998
6989,6.7682366546318065,-14.238266570932087
6990,6.286,10.692
6991,12.363999999999999,25.188000000000002
6992,6.351999999999999,3.4494299515824993
6993,6.285244554031439,22.832
6994,4.116790855814505,6.397999999999998
6995,0.2675452307944621,-6.203878798797237
6996,14.845018453276662,-30.381163823005984
6997,6.0182366546318065,2.7559999999999993
6998,11.107999999999999,24.078
6999,3.096000000000001,1.959999999999998
7000,5.473018453276664,14.268000000000004
7001,-2.8360000000000007,-2.6958787987972377
7002,-1.5457633453681934,-28.887285024208744
7003,-13.751999999999999,5.780748631386622
7004,3.337027510446312,0.3460000000000001
7005,-1.4240000000000002,11.016000000000002
7006,2.3339999999999987,-4.957878798797237
7007,3.7159999999999997,-19.621999999999996
7008,18.187999999999995,-1.5900000000000005
7009,5.531999999999999,4.476238724585578
7010,-0.9216639133910315,-3.8217477795953316
7011,5.6419124543926085,3.1142522204046665
7012,5.351255107908472,-25.875285024208743
7013,1.3979999999999997,18.416714975791248
7014,9.301999999999998,16.10026020658571
7015,7.5059999999999985,-4.063739793414288
7016,-0.6420000000000006,24.77
7017,0.5719999999999988,-2.9859663444046305
7018,-1.562,-3.359511124963524
7019,-1.1772091441854928,14.671018453276663
7020,4.275999999999999,-11.345757597594474
7021,4.612,12.108
7022,7.382,-18.01976127541442
7023,-0.17200000000000096,0.06199999999999974
7024,6.493018453276664,12.93026020658571
7025,7.691999999999998,-10.368
7026,8.716,16.916
7027,5.651882476617184,1.5782602065857119
7028,10.078790855814507,2.1362602065857113
7029,6.933999999999999,-15.683137703356095
7030,-3.0140000000000007,23.182
7031,-1.4839999999999993,20.469999999999995
7032,-0.6839999999999999,3.712488875036476
7033,-1.4900000000000002,10.151999999999996
7034,-2.7860000000000014,18.048033655595372
7035,-8.003296689792887,1.2202602065857113
7036,-3.464,-0.7680000000000013
7037,-7.054000000000002,10.258
7038,-1.2879999999999996,5.4550510624002175
7039,2.3299999999999996,4.568
7040,8.006,6.897999999999999
7041,-0.672117523382815,7.157999999999999
7042,6.621999999999998,38.077999999999996
7043,-2.147495559190663,-5.385285024208751
7044,-0.5740000000000001,20.264
7045,8.417912454392608,8.38
7046,11.646,8.427999999999997
7047,-4.551209144185494,6.747999999999999
7048,4.186000000000001,30.97
7049,-3.5080000000000013,-5.65728502420875
7050,3.344,11.612121201202763
7051,2.1120000000000005,-15.53350106882871
7052,4.799912454392609,13.772488875036473
7053,-3.870000000000001,18.086000000000002
7054,-4.370779728691086,-12.193618592211525
7055,-6.398981546723336,-23.776981546723334
7056,-8.652,-0.10974777959533064
7057,19.298,1.4379999999999982
7058,3.0582261007547746,8.108
7059,-2.3880000000000012,4.099999999999997
7060,-6.476981546723335,-4.1419663444046275
7061,-7.010087545607393,17.177999999999997
7062,-6.201209144185493,3.532522530631848
7063,-8.643773899245224,7.282000000000001
7064,8.209999999999999,10.548488875036472
7065,1.531545230794462,-4.819747779595329
7066,4.797999999999998,9.807999999999998
7067,-10.553999999999998,-15.926570048417497
7068,6.153882476617184,10.328033655595371
7069,-6.220779728691088,-25.02938785380699
7070,6.291999999999999,9.072
7071,-4.382,-7.859640074211659
7072,-0.29808754560739137,-5.719739793414286
7073,0.9999999999999989,-7.75573979341429
7074,-7.6739999999999995,-12.342000000000002
7075,10.266,3.4019999999999984
7076,-8.642000000000001,15.534
7077,0.4560000000000004,-19.096991162027667
7078,8.134,-8.305046299623172
7079,3.6657949310097933,13.751999999999999
7080,2.5419999999999994,-15.6
7081,1.8679999999999986,8.844
7082,-3.197880868751008,9.712714975791249
7083,-12.48,-1.3460000000000036
7084,1.023018453276665,12.062
7085,2.674238724585578,31.113999999999997
7086,-1.7420000000000002,14.675999999999998
7087,-2.250000000000001,18.949999999999996
7088,-8.632779728691085,7.46626020658571
7089,3.4,7.570033655595371
7090,1.9840000000000004,15.894
7091,-4.298000000000001,10.064238724585577
7092,-12.197999999999999,-17.869285024208747
7093,-5.809747779595332,16.976
7094,-11.137835325202722,19.658
7095,-7.498981546723336,2.135018453276664
7096,4.781999999999999,-3.526981546723337
7097,-0.8507797286910872,-3.717966344404629
7098,-3.186000000000001,-1.6200000000000017
7099,-1.9259999999999995,10.48071497579125
7100,1.8979999999999997,14.6
7101,-1.1040000000000016,-14.517285024208752
7102,0.18399999999999928,12.195999999999998
7103,3.7159999999999997,-19.07728502420875
7104,1.2579999999999998,-21.806981546723343
7105,4.674,14.026
7106,-4.676972489553688,-7.926000000000002
7107,-4.0440000000000005,8.912
7108,9.846226100754773,-5.855022249927051
7109,0.3579999999999992,14.477051062400216
7110,1.643999999999999,-4.309618592211525
7111,0.7310184532766641,11.717999999999998
7112,-2.0420000000000003,-16.236948937599777
7113,-7.9719999999999995,8.224260206585711
7114,3.7799124543926084,-0.11987879879723522
7115,-3.564,1.7662387245855804
7116,-1.60420254880087,5.415999999999999
7117,2.877882476617185,-0.8978787987972382
7118,0.5882261007547743,-16.43738992376076
7119,-2.829761275414422,9.863999999999999
7120,2.4220000000000006,-14.205747779595333
7121,13.897999999999996,16.2
7122,7.613999999999999,-13.171258904558858
7123,6.481018453276664,0.3942522204046675
7124,-2.755747779595331,3.0359999999999974
7125,3.813999999999999,3.4642424024055254
7126,-0.9120000000000005,-23.15225394710128
7127,-0.0639999999999997,5.478260206585711
7128,0.6462522204046686,1.5
7129,5.234,9.095539937436694
7130,7.2879999999999985,-7.105285024208752
7131,7.850000000000001,1.2582602065857122
7132,-5.229761275414422,19.954
7133,-2.816087545607391,14.105999999999995
7134,2.93210857737196,9.104714975791248
7135,0.5135452307944617,2.645999999999998
7136,-5.828,-4.366000000000001
7137,1.8699999999999997,-0.751285024208751
7138,-5.222779728691086,3.5582387245855793
7139,-5.131773899245226,-9.185022249927048
7140,-2.0237477795953316,6.287999999999999
7141,13.163999999999998,-0.6589489375997811
7142,-2.4687797286910866,-1.4920000000000015
7143,-1.5340000000000003,-17.441999999999997
7144,-10.654,-17.173389923760762
7145,1.2479999999999989,-5.075032803804083
7146,6.622,23.11
7147,3.361999999999999,2.202000000000001
7148,-1.8600000000000008,5.340033655595372
7149,-4.348000000000001,11.113999999999999
7150,-7.861773899245226,9.049999999999999
7151,4.85,-0.04400000000000261
7152,0.09800000000000039,15.404488875036474
7153,-0.4202025488008691,15.947999999999999
7154,-6.006,0.8462522204046692
7155,-8.752527508286418,5.32
7156,8.953220271308911,9.912033655595371
7157,6.773999999999998,0.5820336555953725
7158,1.4139999999999993,-17.717845143201867
7159,-1.9480000000000004,16.678
7160,6.234488875036477,-10.628948937599779
7161,7.531999999999999,-3.003747779595333
7162,-5.734981546723336,-10.198000000000002
7163,-1.329209144185495,-14.769999999999996
7164,3.024252220404668,23.596
7165,5.520790855814505,7.205999999999999
7166,0.16000000000000006,5.272
7167,8.148,-11.69996634440463
7168,8.288,13.484
7169,-19.157999999999998,2.0982522204046687
7170,6.540236654631807,4.530036906553326
7171,-2.4140000000000006,14.142
7172,-3.8080000000000007,7.392714975791248
7173,9.615018453276665,6.767999999999998
7174,8.652000000000001,8.798
7175,5.025999999999999,3.357999999999999
7176,-3.4057477795953317,17.894
7177,10.282,-20.375761275414426
7178,-9.108,-2.0099999999999967
7179,-2.412117523382815,0.14399999999999907
7180,9.871999999999998,15.514
7181,5.005999999999999,-16.724
7182,-17.25,0.8387486313866219
7183,0.9942522204046682,-15.47902224992705
7184,1.0539999999999992,-5.412535942586563
7185,-16.380000000000003,14.623999999999999
7186,2.258,18.684
7187,-5.068981546723336,-2.9259999999999993
7188,6.429220271308912,8.790154856798136
7189,-4.384,4.654488875036475
7190,-5.1092091441854945,10.697999999999997
7191,5.833999999999999,6.29705106240022
7192,-3.972,17.009999999999998
7193,6.2459999999999996,10.266714975791249
7194,2.198,-10.169999999999998
7195,-4.338000000000001,8.882
7196,1.565912454392608,1.44226020658571
7197,-3.364,7.087999999999999
7198,0.477991053989145,11.744121201202763
7199,-4.638779728691087,19.73505106240022
7200,-5.508,-7.083963093446672
7201,6.352236654631805,26.764
7202,9.145999999999999,-1.2352850242087499
7203,5.947882476617184,5.880714975791249
7204,9.85425222040467,-12.208000000000002
7205,-9.391773899245226,12.760000000000002
7206,9.797999999999998,13.688260206585714
7207,-1.2320000000000009,-4.081024817623037
7208,11.361999999999998,4.398714975791249
7209,-4.403999999999999,-24.692948937599777
7210,10.734236654631808,17.86505106240022
7211,3.1590184532766643,-16.374981546723333
7212,1.7280000000000002,13.543999999999997
7213,-12.072087545607392,17.493999999999996
7214,-10.678779728691087,14.822
7215,11.754,-20.51702481762304
7216,8.882,4.138121201202763
7217,-3.8819999999999992,10.099999999999998
7218,9.745018453276666,-21.42223396180853
7219,-6.292,14.672
7220,-3.904,14.839999999999998
7221,-1.3648972520739016,16.216
7222,13.718,8.001999999999999
7223,1.9279124543926085,5.942
7224,5.171545230794461,-4.612948937599782
7225,-0.6240000000000006,18.093018453276663
7226,-9.194,-18.23997118752683
7227,2.0519999999999996,21.088
7228,-1.0160000000000005,24.804000000000002
7229,-5.998117523382815,-2.041747779595332
7230,0.23879085581450496,3.7662602065857116
7231,4.247999999999999,2.117018453276664
7232,4.8199999999999985,-1.302729326318668
7233,4.205999999999999,25.589999999999996
7234,-3.964000000000001,22.457999999999995
7235,-2.394000000000001,12.442714975791251
7236,0.9840000000000002,8.488067311190743
7237,-1.2920875456073913,2.3471396544794265
7238,-3.958000000000001,15.42003365559537
7239,-10.479999999999999,-4.198696717195114
7240,4.082000000000001,-13.951511124963526
7241,-10.120000000000001,4.383999999999999
7242,5.417999999999999,14.200488875036474
7243,-8.284,13.873999999999999
7244,7.671882476617187,9.717999999999998
7245,7.97901695656928,10.250033655595372
7246,0.13800000000000026,10.754488875036472
7247,-3.3647797286910865,-2.590947891127965
7248,1.6279999999999988,6.109999999999999
7249,2.9898824766171854,-5.13376127541442
7250,4.124,11.075999999999997
7251,-2.4820000000000007,14.719999999999999
7252,-5.854000000000001,0.4390184532766643
7253,4.086,8.22905106240022
7254,-0.5599999999999998,1.792000000000001
7255,-6.798,9.099999999999998
7256,-4.634,22.722
7257,6.558,-4.612000000000002
7258,4.790000000000001,24.52
7259,7.665999999999999,-0.7860000000000007
7260,-1.842000000000001,0.8332038508277251
7261,-1.6399999999999992,8.193999999999999
7262,1.3719124543926107,-8.855761275414421
7263,-11.722000000000001,-4.405747779595331
7264,-8.36,8.569999999999999
7265,0.5340000000000005,14.638488875036476
7266,-3.0247797286910867,21.41
7267,4.779999999999999,-4.125739793414288
7268,-2.3137738992452244,7.809999999999997
7269,2.755999999999998,4.565999999999997
7270,1.2039999999999995,-15.461739793414287
7271,-0.02845476920553871,17.897999999999996
7272,-3.738000000000001,-1.1437397934142879
7273,13.196000000000002,-5.032948937599781
7274,4.7,-2.1069815467233357
7275,3.3519999999999994,24.115999999999996
7276,-2.8000000000000016,-0.9152850242087496
7277,-6.752000000000001,1.4200336555953696
7278,0.7000000000000005,22.678
7279,-0.2629815467233357,19.672
7280,-3.200981546723336,10.311999999999996
7281,6.836,24.91026020658571
7282,2.549545230794462,24.662
7283,5.464,-2.7439999999999984
7284,5.025220271308912,-25.459966344404627
7285,-8.144000000000002,-22.241999999999997
7286,0.7917818854262689,0.5721212012027628
7287,-5.388779728691087,1.4900336555953708
7288,6.368,-7.63950106882871
7289,5.576,-4.749739793414288
7290,-0.6620000000000009,30.598000000000003
7291,-0.08277972869108652,27.221051062400214
7292,9.142236654631807,6.799999999999999
7293,3.62,2.9720000000000026
7294,5.563018453276665,-2.62
7295,-4.164,3.418
7296,-1.9819999999999998,-4.002000000000003
7297,-12.088,-3.21728502420875
7298,1.0415452307944624,3.7490521088720357
7299,0.8295452307944616,-1.0009815467233367
7300,1.1350184532766647,1.5760000000000012
7301,4.275018453276664,-4.663739793414289
7302,4.046252220404668,11.181999999999999
7303,7.175999999999999,-4.301739793414288
7304,4.952,17.264
7305,5.054108577371959,-3.390000000000002
7306,-16.462,-7.359966344404628
7307,4.216252220404668,17.324
7308,-3.1237477795953317,-17.081966344404627
7309,-5.432,12.347999999999997
7310,1.0939999999999994,-8.146000000000003
7311,-2.697835325202723,0.7300000000000004
7312,3.7619999999999996,-1.5239663444046285
7313,-2.254000000000002,-8.176
7314,-3.2120875456073916,20.507051062400215
7315,-1.0964547692055377,-3.80976127541442
7316,-14.408000000000001,-12.303285024208751
7317,7.545999999999999,7.233999999999999
7318,1.6727908558145053,7.762252220404669
7319,-0.032981546723335954,-15.413878798797239
7320,8.303999999999998,0.6914299515825008
7321,-3.2162025488008696,14.023999999999997
7322,0.49122027130891366,29.96
7323,18.04,-1.4658787987972353
7324,3.281781885426269,-6.153477469368153
7325,0.613545230794462,8.006
7326,1.6119999999999997,-5.525747779595333
7327,2.5847655021033757,-2.913739793414288
7328,2.227018453276665,14.406
7329,-2.139761275414422,7.036260206585712
7330,3.9939999999999998,6.772488875036477
7331,1.5059999999999998,-11.769761275414421
7332,2.3382261007547736,21.332
7333,-1.1359999999999997,26.413999999999998
7334,-2.401999999999999,-3.074721340137626
7335,-4.342,-0.34976127541442137
7336,4.964,13.322
7337,-6.634,-17.08904629962317
7338,-0.8440000000000012,4.240252220404668
7339,-0.3357738992452254,3.783539937436693
7340,2.006236654631806,4.2702602065857125
7341,-16.026,-17.01348757300962
7342,-4.542,7.5319999999999965
7343,-5.553861444852617,-10.029285024208752
7344,-4.62,14.809999999999999
7345,12.379999999999999,-3.853761275414422
7346,5.178,6.857999999999999
7347,0.8847908558145059,22.878
7348,8.080000000000002,-15.54762657839257
7349,-8.044,0.44399999999999834
7350,0.4722366546318074,-27.427020179973276
7351,-0.31800000000000067,-7.662000000000001
7352,-2.049209144185494,-7.574000000000003
7353,-3.7338508909755843,-8.185511124963522
7354,-5.41,14.794
7355,7.850000000000001,-7.431130167410612
7356,13.819999999999997,15.325999999999999
7357,7.544,-0.6640000000000017
7358,-2.6300000000000012,13.709999999999999
7359,-2.554,5.692033655595371
7360,-14.060087545607391,-20.00218429020473
7361,3.2379999999999995,7.722033655595371
7362,5.766,-13.733739793414284
7363,3.4539999999999993,9.066
7364,0.609102747926098,0.8285204131714238
7365,1.111027510446313,-3.808460062563306
7366,1.9012202713089124,12.684000000000001
7367,10.884,-13.133878798797237
7368,4.761545230794462,-0.01974777959533114
7369,-4.588087545607392,-3.3447961491722737
7370,-7.8260000000000005,-22.37950106882871
7371,-2.4547797286910864,-4.354729326318669
7372,1.8559999999999999,-22.184696717195113
7373,13.148000000000001,16.684
7374,-2.5972966897928855,-3.0659999999999994
7375,0.20101845327666473,-7.177966344404629
7376,5.045999999999999,-19.247845143201868
7377,-13.758000000000001,-14.804000000000002
7378,-0.965747779595332,-8.10098154672334
7379,-2.5459999999999994,-7.8640000000000025
7380,-14.0,25.908000000000005
7381,-4.4,9.716033655595371
7382,-6.522,17.777051062400215
7383,-6.3317477795953305,-7.23571412399996
7384,-1.1045722925883528,-15.469761275414422
7385,7.019999999999999,11.829999999999998
7386,4.693018453276665,-13.085163823005985
7387,-6.426,-20.60527240037795
7388,1.4439999999999995,25.977999999999998
7389,-2.722,0.3131396544794264
7390,8.3,1.1239999999999983
7391,7.882000000000001,-16.289761275414424
7392,3.5502261007547746,-10.058000000000003
7393,6.6659999999999995,1.6530510624002175
7394,-6.694779728691086,-11.503966344404628
7395,6.061999999999999,9.01
7396,3.282,0.01927865986237549
7397,-1.0859999999999999,7.211999999999998
7398,-0.7439999999999998,23.181999999999995
7399,0.8079999999999998,8.534260206585714
7400,-3.3059999999999996,17.60026020658571
7401,6.127999999999999,-16.646947891127965
7402,-7.694,6.009018453276663
7403,-2.9617738992452254,20.636
7404,-2.6799999999999997,1.866
7405,-5.532000000000001,-13.300492671686863
7406,12.671999999999999,-4.75396634440463
7407,-4.666454769205537,2.486036906553328
7408,1.1939999999999997,5.469051062400217
7409,1.718,19.46
7410,1.835018453276664,-5.439761275414421
7411,-6.772000000000001,-10.570948937599782
7412,11.303999999999998,7.469999999999999
7413,-5.566087545607391,7.189051062400219
7414,1.2435452307944623,14.203999999999999
7415,-0.4320000000000007,-19.85494893759978
7416,6.688,-22.35548757300962
7417,0.07791245439260805,3.478238724585578
7418,10.684236654631807,32.116
7419,10.074,3.464
7420,-1.890000000000002,17.019999999999996
7421,-10.706,-2.9492850242087494
7422,0.44199999999999984,-6.8826887310140705
7423,-0.841747779595331,-3.8072850242087513
7424,-6.355773899245226,-1.9572509183778108
7425,10.643999999999998,26.062
7426,3.6760000000000006,8.956488875036477
7427,16.007882476617187,10.573999999999998
7428,4.278790855814505,2.9019999999999992
7429,-3.9160875456073923,9.065999999999999
7430,3.697999999999999,-22.784947891127963
7431,1.2199999999999993,-1.5615111249635263
7432,1.0420000000000005,-3.238000000000003
7433,11.091545230794463,4.860033655595371
7434,4.387912454392609,15.615999999999996
7435,8.432,22.818
7436,3.9279999999999995,-17.57328502420875
7437,0.9530184532766643,11.597018453276663
7438,5.552,17.162
7439,-20.903988872876578,6.104252220404667
7440,-5.571999999999997,17.23012120120276
7441,4.316336086608969,17.818
7442,-5.734,23.072
7443,3.0059999999999993,5.470033655595371
7444,7.445220271308912,7.164033655595371
7445,7.273781885426269,0.15848887503647474
7446,10.929999999999998,15.604488875036475
7447,0.8740000000000002,-17.441474218410196
7448,4.746,-12.147966344404628
7449,5.148000000000001,5.290121201202764
7450,-0.3157738992452243,3.462488875036474
7451,-2.502087545607391,-8.45491528200441
7452,21.522,19.99105106240022
7453,6.522226100754774,-1.398000000000002
7454,-3.2420875456073914,-19.425511124963524
7455,4.888108577371959,0.8920000000000016
7456,-0.6160000000000003,-5.383761275414422
7457,2.101244554031439,3.554033655595371
7458,5.41,-1.5949815467233361
7459,1.300236654631807,3.6581212012027633
7460,-2.378087545607392,16.003999999999998
7461,2.046226100754775,-24.14668873101407
7462,2.302,11.138000000000002
7463,0.8127908558145058,0.9259999999999996
7464,4.446,-11.905878798797238
7465,-4.74,-15.00328502420875
7466,0.522,10.189999999999998
7467,5.769999999999999,-12.321739793414288
7468,2.0602366546318067,-11.532
7469,-0.09320914418549471,3.2022858760000403
7470,1.94,-4.302729326318669
7471,-3.950779728691086,-12.187285024208752
7472,-10.755773899245224,-2.5600000000000023
7473,-0.7740000000000006,22.662
7474,-0.7658914226280397,-9.727258904558857
7475,-3.097209144185495,13.583999999999998
7476,-0.036000000000000296,17.877999999999997
7477,9.468,15.812000000000001
7478,-0.8019999999999999,9.939999999999996
7479,-4.0200000000000005,10.404252220404667
7480,1.2520000000000002,18.522
7481,6.675882476617185,-24.379488895233468
7482,10.367427707411647,-21.76750106882871
7483,11.932,12.474
7484,-1.1860875456073914,6.246488875036475
7485,-5.843773899245226,10.563999999999998
7486,6.286790855814506,-3.2218787987972384
7487,4.641999999999999,1.7862522204046676
7488,-1.4100000000000001,9.216
7489,5.15667333243169,2.3910510624002193
7490,5.56,-7.789878798797237
7491,-0.9160000000000004,24.549999999999997
7492,9.124,-13.971137703356096
7493,20.10788247661718,-17.343495559190664
7494,0.6067908558145059,10.099999999999998
7495,-0.5470690923307269,-6.860000000000001
7496,3.1132202713089123,19.82
7497,-8.136,-12.078981546723337
7498,5.705882476617186,21.534
7499,4.438,-4.592000000000002
7500,10.946236654631807,-22.34976127541442
7501,0.947882476617184,-18.491511124963523
7502,-2.670117523382816,-1.231285024208752
7503,4.162790855814507,-2.578710213014202
7504,4.576,-3.131761275414422
7505,-0.9360000000000005,16.967999999999996
7506,2.4927908558145058,-3.6024600625633054
7507,-8.11608754560739,12.27
7508,5.513999999999999,-22.59964007421166
7509,-0.4439999999999998,5.363289786985793
7510,6.095545230794462,13.646
7511,5.585999999999999,-4.646948937599781
7512,2.0602522204046694,4.718000000000001
7513,9.195545230794462,5.452121201202764
7514,14.907999999999998,4.07471497579125
7515,4.478236654631806,-8.462000000000002
7516,10.412,-10.764266570932088
7517,-5.466779728691088,2.7141212012027616
7518,-2.788,-3.545999999999997
7519,-16.35,-12.441511124963526
7520,-0.8219999999999998,8.600252220404668
7521,-0.5859999999999989,-16.935640074211655
7522,-12.99374777959533,9.376
7523,6.734134697021853,-5.201999999999999
7524,-2.05,-18.38574777959533
7525,-15.389999999999997,-1.3780000000000012
7526,-3.3461175233828144,1.1739999999999995
7527,0.7082522204046681,-10.376000000000001
7528,-0.026000000000000512,23.353999999999996
7529,8.784252220404667,7.468000000000002
7530,-5.889999999999999,10.530714975791248
7531,6.059882476617185,10.294
7532,4.501999999999999,-8.961739793414287
7533,0.9459999999999991,-6.947761275414422
7534,5.491018453276665,15.030000000000001
7535,-9.280000000000001,18.57
7536,1.9002522204046692,8.545018453276663
7537,-7.230779728691088,0.3182602065857104
7538,-4.102909538411076,-26.44903280380408
7539,3.286,-15.805285024208747
7540,8.581018453276664,14.839999999999998
7541,4.539912454392608,-1.9240000000000008
7542,-0.6937477795953313,5.519999999999999
7543,-1.5420000000000011,10.393999999999998
7544,-4.42,6.813999999999998
7545,-0.6739999999999995,-14.476981546723337
7546,8.553912454392608,8.855999999999998
7547,-0.18800000000000044,-1.5980000000000032
7548,5.1499124543926085,11.110488875036475
7549,4.042226100754775,10.308
7550,1.4279999999999995,10.19025222040467
7551,-7.966000000000001,-3.846948937599784
7552,-3.094,11.845999999999998
7553,-15.366,10.620260206585712
7554,4.091912454392609,9.001999999999999
7555,-1.1720000000000006,-9.323511124963522
7556,-5.780981546723335,11.95
7557,2.6499999999999995,10.77271497579125
7558,0.7279999999999998,8.023999999999997
7559,1.2799999999999994,-11.519999999999996
7560,-4.318983043430718,13.612
7561,14.496226100754773,14.296000000000001
7562,3.4300000000000006,13.147018453276667
7563,3.2159999999999997,0.7550184532766636
7564,-6.356,26.820000000000004
7565,-12.343773899245225,-4.451285024208749
7566,-3.372,-7.0699999999999985
7567,-0.754000000000001,2.2239999999999993
7568,6.001999999999999,17.145018453276663
7569,14.157999999999998,-0.11176127541442185
7570,6.17,26.833999999999996
7571,-1.254454769205537,-13.878000000000004
7572,-3.6697633453681937,-4.3355090550097515
7573,6.1899999999999995,4.405018453276663
7574,-3.3582050689902077,-15.895618592211525
7575,6.803999999999999,-20.146948937599777
7576,2.768,-3.7155111249635255
7577,-2.9859999999999998,6.766252220404667
7578,4.6130184532766645,10.318
7579,-2.032454769205537,-3.0956265783925665
7580,1.3682522204046692,-18.54702224992705
7581,2.378,16.657999999999998
7582,-1.3552091441854943,-11.65776127541442
7583,9.030790855814505,7.52612120120276
7584,4.302,-3.973626578392569
7585,4.75,-5.188981546723335
7586,-1.5959999999999992,26.432
7587,-8.158,-25.76535626816539
7588,5.1099999999999985,21.056000000000004
7589,-6.8279999999999985,-14.417963093446673
7590,-8.592779728691088,7.0139999999999985
7591,3.7215452307944625,-5.812000000000001
7592,0.7834569259407204,-3.097511124963526
7593,-0.5477477795953313,8.39
7594,11.208,-3.612000000000002
7595,-3.3600000000000008,28.355999999999995
7596,10.507018453276665,14.282
7597,-5.8580000000000005,-8.485999999999999
7598,-1.1057738992452255,8.40003365559537
7599,-3.3939999999999997,16.92
7600,-4.525209144185496,-12.494000000000003
7601,-12.866000000000003,-29.796
7602,-5.2780875456073915,-7.559640074211657
7603,8.65,5.515999999999998
7604,0.34400000000000014,17.38871497579125
7605,1.1654724917135824,-9.091747779595334
7606,3.019999999999999,-2.078000000000001
7607,-13.650981546723335,-5.965966344404629
7608,-0.45399999999999957,15.28803365559537
7609,-3.9039999999999986,-4.3277397934142865
7610,-7.4140000000000015,3.7779999999999996
7611,-6.948,-6.370000000000002
7612,-2.886,-22.287999999999997
7613,-0.6629815467233355,5.387999999999998
7614,-0.3261175233828162,0.42212120120276353
7615,6.423999999999998,13.838
7616,17.802,-1.742000000000002
7617,5.243882476617185,-13.619501068828708
7618,6.2299999999999995,-21.87679408080164
7619,-15.865069092330724,14.204260206585712
7620,2.967999999999999,-10.356000000000002
7621,7.349882476617185,19.968
7622,-3.9120000000000004,13.181999999999999
7623,5.217999999999999,0.10626020658571225
7624,6.7379999999999995,-4.070948937599782
7625,-1.9041175233828156,-20.310000000000002
7626,-6.994,6.3950184532766645
7627,8.89754523079446,-14.533285024208746
7628,-1.750000000000001,7.383051062400218
7629,0.08200000000000038,-15.693739793414284
7630,8.129018453276665,-9.065706137818918
7631,-3.7120000000000006,6.768000000000001
7632,-6.551861444852617,4.682
7633,-1.8620000000000012,-8.300492671686861
7634,5.423882476617185,-17.59128502420875
7635,5.088,-3.3458787987972394
7636,3.6802366546318064,-16.26162657839257
7637,-13.852,31.720000000000006
7638,13.644,-8.605761275414421
7639,9.358,20.228
7640,-4.763763345368194,-8.184
7641,2.737102747926098,11.584714975791252
7642,10.178,-10.153966344404628
7643,1.930000000000001,-18.574
7644,0.8122261007547745,7.609999999999998
7645,-8.228,-2.114
7646,-3.502,-30.381511124963527
7647,3.6499999999999995,17.922
7648,1.3319999999999994,3.1219999999999986
7649,6.739999999999999,23.755999999999997
7650,3.3650184532766643,-5.1078787987972385
7651,-11.319999999999999,5.06
7652,-0.3219999999999999,-5.116
7653,-0.9040875456073912,-3.8292850242087497
7654,-6.895285024208748,-8.519024817623038
7655,1.182,-8.533739793414288
7656,1.2095452307944619,20.991999999999997
7657,1.1640000000000001,6.17271497579125
7658,1.6020000000000003,-7.545163823005988
7659,5.687999999999998,14.144488875036473
7660,4.220000000000001,3.646033655595372
7661,-1.1821175233828154,-22.04393048432312
7662,10.267545230794463,4.170714975791251
7663,5.290226100754775,21.314
7664,-10.8,-12.185932688809256
7665,4.681912454392609,-15.642000000000001
7666,4.889043076219174,23.5
7667,6.938,17.154
7668,13.966,3.62
7669,-3.5780000000000007,8.853051062400219
7670,9.64,-0.4649815467233374
7671,4.286,-1.0638787987972365
7672,-3.3840000000000003,12.407999999999998
7673,4.700252220404669,10.835999999999999
7674,5.272,14.359999999999996
7675,3.4139999999999993,9.162
7676,4.474,-9.754948937599782
7677,-3.9819999999999993,-14.651285024208747
7678,-1.682,3.2379999999999995
7679,0.5282366546318066,5.488
7680,-3.65,13.186000000000002
7681,-24.95277972869109,-8.665511124963526
7682,0.9922261007547754,-2.4637397934142884
7683,3.1939999999999986,21.534
7684,-1.8847797286910866,-18.14350106882871
7685,10.445999999999998,-5.988
7686,8.142,-2.7779999999999974
7687,0.5580000000000012,-11.961046299623172
7688,-4.390117523382815,12.108
7689,-5.013999999999999,6.249999999999999
7690,-5.2997477795953305,8.288
7691,6.286,2.6020000000000003
7692,5.554,0.7559999999999982
7693,-4.637999999999999,29.22
7694,2.3019999999999996,8.207051062400218
7695,5.847999999999999,3.6642522204046664
7696,-8.937999999999999,-9.98
7697,-0.4801175233828154,15.611999999999998
7698,-11.5,-8.000000000000004
7699,2.44,-24.991761275414422
7700,11.713999999999999,2.777999999999998
7701,4.986,-18.32
7702,9.618226100754775,12.424000000000001
7703,-4.950000000000001,-13.554014350527416
7704,-5.444454769205539,30.256
7705,-4.822000000000001,-16.289163823005985
7706,-3.5480000000000005,18.496000000000002
7707,-3.374000000000001,-4.323511124963526
7708,4.942,-11.770000000000003
7709,5.164,-9.137258904558857
7710,3.2099999999999995,11.517999999999997
7711,4.9302261007547745,-17.80176127541442
7712,1.9379999999999995,3.683999999999999
7713,-14.308000000000002,-0.4640000000000029
7714,1.3344888750364754,0.9799999999999998
7715,-3.8744547692055376,12.816714975791252
7716,-6.453773899245225,5.114033655595371
7717,-1.8680000000000003,24.783999999999995
7718,3.214,0.6359999999999986
7719,5.1080000000000005,25.048
7720,-5.275209144185494,-9.539878798797236
7721,7.969999999999999,-2.344948937599781
7722,-5.662779728691087,7.869999999999999
7723,-1.264,-11.189714123999957
7724,-4.234,1.048252220404669
7725,-1.3800000000000001,-37.79072134013762
7726,1.0180000000000002,-7.961761275414422
7727,8.211545230794462,5.689018453276662
7728,-14.809999999999999,12.298260206585713
7729,-7.031999999999999,24.132
7730,-3.7280000000000006,13.551999999999998
7731,4.902,-15.928772597218366
7732,0.3295452307944625,9.293999999999999
7733,16.717999999999996,-8.668947891127964
7734,0.8940000000000003,13.861999999999998
7735,-1.0327797286910867,-14.856
7736,-4.667521678840556,-5.176000000000002
7737,1.2920000000000003,3.6199999999999988
7738,-1.9107797286910877,-4.851761275414422
7739,6.049882476617184,0.28426020658570933
7740,1.0522261007547749,19.299018453276666
7741,4.959999999999999,-4.24596634440463
7742,-3.459773899245225,17.812
7743,-1.9772091441854944,-20.8294742184102
7744,5.266,7.1330510624002175
7745,1.8250184532766642,9.487999999999996
7746,1.468226100754775,23.262
7747,2.0862522204046683,-9.859739793414288
7748,-7.716000000000001,4.555999999999999
7749,1.4030184532766643,9.690238724585578
7750,-3.0480000000000005,24.548
7751,0.2827908558145065,8.129999999999999
7752,-8.552867274298478,-3.3977477795953326
7753,-21.28,-2.502000000000001
7754,16.744,-8.351897875199564
7755,-18.18,14.413051062400218
7756,0.714790855814506,-9.069932688809256
7757,7.3407908558145065,19.046
7758,-1.7279999999999993,6.488121201202762
7759,10.069882476617185,8.691999999999998
7760,2.980000000000001,6.654033655595372
7761,3.8090430762191736,8.905999999999999
7762,0.8022261007547753,-36.73973979341428
7763,1.5999999999999985,10.931999999999999
7764,3.244252220404669,-25.729845143201864
7765,-16.268,2.5967149757912518
7766,0.5358249087852178,7.413999999999999
7767,-5.7440000000000015,-16.866
7768,1.6,19.662
7769,3.804,11.183051062400217
7770,-4.6897738992452265,3.2987149757912504
7771,-9.457999999999998,-6.165878798797238
7772,-2.2700000000000005,8.866
7773,-1.592000000000001,1.7899999999999998
7774,3.6587908558145052,8.48223872458558
7775,-1.1547554459685603,1.039999999999996
7776,-6.35,-9.144000000000002
7777,-9.492,15.958033655595372
7778,-0.11776334536819348,2.4940000000000015
7779,9.66,35.95
7780,-5.798527508286417,6.043999999999999
7781,-1.675999999999999,-11.63576127541442
7782,-10.494,1.8799999999999968
7783,8.442,3.5199999999999982
7784,-1.7280000000000002,-2.7588277363970186
7785,-1.7983275271815369,19.538
7786,-5.094087545607392,-3.1309815467233406
7787,6.260252220404668,-0.09682773639701843
7788,7.897018453276665,0.6064888750364752
7789,-5.358454769205537,-28.889999999999997
7790,19.261999999999997,8.612714975791253
7791,8.985999999999999,10.39826020658571
7792,4.529999999999999,-0.8540000000000003
7793,6.132,12.658
7794,-6.214117523382815,8.214121201202763
7795,5.828,-8.917878798797238
7796,-2.566779728691086,-6.565511124963526
7797,6.837999999999999,13.238
7798,-1.5709815467233352,14.504000000000001
7799,5.876236654631806,-0.5940000000000001
7800,0.34799999999999837,22.236
7801,3.6821646747972765,4.444
7802,11.001999999999999,-9.91762657839257
7803,-16.264,11.03203365559537
7804,-9.277747779595334,2.822714975791251
7805,-6.4220000000000015,0.8347149757912504
7806,-2.8538353252027227,3.78
7807,1.8578824766171853,-4.138
7808,0.3767908558145061,4.946
7809,-5.134000000000002,8.944488875036475
7810,-10.924228668450763,-4.158000000000002
7811,-2.008454769205538,17.258
7812,12.33225222040467,4.914121201202763
7813,3.261999999999999,25.497999999999998
7814,-10.154000000000002,16.214033655595372
7815,11.617882476617185,-0.9957477795953331
7816,5.857999999999999,12.61105106240022
7817,-6.832981546723336,-0.5457612754144222
7818,1.1814576851870702,-8.575809283120355
7819,4.127999999999999,13.002
7820,6.362,4.968102124800437
7821,3.4310184532766628,15.871999999999996
7822,1.5587908558145054,11.447999999999999
7823,3.1420000000000003,-5.527250918377812
7824,-0.8740000000000009,4.507999999999999
7825,3.13,-2.541932688809257
7826,-11.552,26.177999999999997
7827,9.041999999999998,18.84105106240022
7828,5.607018453276664,-7.048000000000002
7829,-1.0677477795953316,-1.2799999999999998
7830,-1.0059999999999998,-11.60187879879724
7831,-5.553747779595333,24.796
7832,-6.17,25.984
7833,0.008226100754774767,-2.241739793414289
7834,-5.636779728691087,-10.42728502420875
7835,-2.0719999999999996,16.220488875036477
7836,-8.776779728691087,13.111999999999998
7837,0.21210857737195948,-10.965511124963527
7838,8.661999999999999,6.060714975791251
7839,11.370000000000001,5.222381407788474
7840,-1.8379999999999999,-18.164
7841,-15.146,-21.09703280380408
7842,7.212000000000001,-0.740000000000002
7843,3.276,11.458
7844,8.294,-9.159761275414423
7845,3.152236654631807,-0.7717612754144207
7846,3.005999999999999,3.4900000000000007
7847,-12.669999999999998,19.996000000000002
7848,4.000226100754775,-13.347511124963523
7849,-1.5629815467233352,-3.2680000000000033
7850,13.534236654631808,4.8759999999999994
7851,3.716790855814506,9.583999999999998
7852,-5.175747779595331,-7.408000000000001
7853,7.175999999999999,8.971051062400218
7854,9.432236654631806,4.692000000000002
7855,1.442226100754775,-12.04976127541442
7856,-3.396,25.494
7857,-4.088981546723334,5.038033655595372
7858,-7.3709815467233355,13.456033655595371
7859,-3.3649815467233353,-16.052
7860,1.7319999999999993,3.720252220404668
7861,6.332,-7.699739793414288
7862,-7.260000000000001,8.618749081622187
7863,-1.9280000000000002,-14.255024817623035
7864,7.147018453276663,1.7379999999999995
7865,1.846,20.566
7866,5.81,23.226
7867,9.571882476617185,3.847999999999999
7868,-0.5069815467233358,20.566
7869,-3.0160000000000005,0.21012120120276237
7870,2.3682261007547742,-5.104
7871,3.093999999999999,0.930714975791249
7872,-1.116117523382815,13.683018453276665
7873,16.88,6.644000000000003
7874,-0.572087545607392,-18.259966344404628
7875,-1.1700000000000004,21.375999999999998
7876,7.325882476617184,17.904000000000003
7877,0.3939999999999994,7.6882387245855766
7878,-9.218,0.616714975791249
7879,4.92,-4.207511124963526
7880,-3.0677477795953307,2.561018453276663
7881,-15.357999999999999,-13.114000000000004
7882,18.228,-35.465878798797235
7883,-5.8740000000000006,-22.463761275414424
7884,-7.418000000000001,21.437999999999995
7885,-9.69008754560739,-4.71796634440463
7886,-0.8269815467233357,3.374121201202763
7887,-0.8880000000000002,14.88
7888,-5.181763345368192,13.056121201202762
7889,-9.028,7.847999999999999
7890,3.346000000000001,8.596
7891,7.340000000000001,12.243999999999998
7892,3.146,8.488121201202764
7893,-1.5809815467233355,6.51
7894,5.904226100754775,-27.25338992376076
7895,3.3835452307944616,6.397999999999999
7896,0.18791245439260856,-10.611285024208751
7897,6.034000000000001,10.056488875036473
7898,-8.708867274298479,9.697999999999999
7899,4.106,-15.533999999999997
7900,3.588,6.377999999999998
7901,-1.7680875456073906,-8.929747779595331
7902,2.024,12.216
7903,-5.332000000000001,6.989051062400217
7904,-3.7979999999999996,-9.786000000000001
7905,0.9799999999999992,7.033999999999997
7906,8.736,21.229999999999997
7907,0.059220271308913476,-2.47796634440463
7908,3.99890092989385,-21.525727619819047
7909,-3.5779999999999994,-3.922710213014203
7910,-0.5889815467233344,3.1719999999999997
7911,6.063999999999999,-17.423706137818915
7912,8.014236654631807,18.65
7913,8.874,14.967999999999995
7914,-28.715209144185497,-8.274460062563309
7915,-4.336,-10.096
7916,2.522,3.6159999999999974
7917,5.152,18.742
7918,0.7759999999999991,11.557999999999998
7919,-2.7659999999999996,9.777999999999997
7920,-4.997999999999999,13.734
7921,4.511882476617185,14.089999999999998
7922,2.249999999999999,2.5539999999999985
7923,-11.992,-30.53
7924,-1.066,-0.17898154672333533
7925,-2.316,2.4244888750364746
7926,5.161220271308913,14.516
7927,1.5999999999999999,-6.839761275414422
7928,1.2259999999999998,-14.797761275414421
7929,-1.6160000000000008,11.66603365559537
7930,6.26,2.5780000000000003
7931,6.131999999999999,5.161999999999999
7932,1.0742522204046678,-25.25774777959533
7933,6.449882476617184,-7.6263388613605425
7934,-0.2819999999999997,-0.25600000000000167
7935,-1.074000000000001,1.6659999999999986
7936,-5.638087545607392,-6.605511124963525
7937,8.74,-0.5459999999999976
7938,-6.966000000000001,-7.295258904558855
7939,6.088226100754775,18.784
7940,-1.0780000000000007,-0.6720000000000017
7941,5.578827762367835,-20.570827736397014
7942,2.2720000000000002,17.792
7943,-10.712,-5.817761275414423
7944,3.877999999999999,7.659999999999999
7945,2.2179999999999995,-12.824000000000002
7946,-2.532228668450763,17.790488875036477
7947,2.0895452307944615,-4.186000000000001
7948,1.0902261007547747,1.685018453276664
7949,-2.820779728691086,-19.814
7950,-1.704,-18.46299914820871
7951,1.9039999999999995,29.006
7952,-1.315296689792886,5.818033655595372
7953,6.672,25.5
7954,-7.878779728691084,-23.875999999999998
7955,-5.444,3.2759999999999962
7956,7.225999999999999,14.342000000000002
7957,-0.4480875456073914,24.188
7958,-10.394,1.0039999999999996
7959,3.875999999999999,-0.9559999999999997
7960,13.138,-2.455878798797238
7961,0.23600000000000065,10.190488875036475
7962,7.567999999999998,-13.75776127541442
7963,-7.172,8.557999999999998
7964,0.6639999999999994,-1.9429815467233371
7965,4.368226100754775,-10.841966344404627
7966,0.34979493100979353,-12.009747779595333
7967,5.049545230794463,-21.177999999999997
7968,6.297999999999999,-10.061285024208749
7969,9.646790855814505,-2.0739999999999994
7970,-2.452454769205538,-6.913487573009618
7971,5.8402366546318065,5.077999999999999
7972,4.614,-15.271809283120353
7973,-0.932,-16.386000000000003
7974,0.7420000000000005,2.979999999999999
7975,0.2919999999999991,6.224033655595372
7976,-2.62,14.91412120120276
7977,6.791999999999999,4.286488875036475
7978,-7.5280000000000005,-10.859495559190663
7979,-1.2572091441854945,-3.608948937599783
7980,7.469999999999999,17.348000000000003
7981,-0.6197477795953332,17.415999999999997
7982,-3.870000000000001,-8.919761275414421
7983,-1.57189142262804,-15.85274282213776
7984,-1.3180000000000014,8.803018453276664
7985,-8.572,8.658522530631847
7986,-9.882,-11.492
7987,3.78,-3.482000000000002
7988,4.993999999999999,-8.707878798797237
7989,-1.5020000000000002,-2.629511124963525
7990,-0.20211752338281527,2.2114299515824998
7991,-5.313999999999999,-5.134
7992,-0.20400000000000046,-4.1659999999999995
7993,8.331999999999999,13.76
7994,-2.823773899245225,-5.501761275414424
7995,-0.9717633453681944,1.3632786598623767
7996,-1.0684547692055375,-22.275511124963526
7997,-1.2600000000000016,-14.34928502420875
7998,0.279999999999999,-0.6836185922115255
7999,-23.878,6.389539937436693
8000,-14.524087545607392,13.708121201202761
8001,-5.698,6.568
8002,-8.235773899245224,-6.309747779595334
8003,-9.476000000000003,-0.32596634440462824
8004,3.284,-11.8
8005,0.30400000000000027,-17.798000000000002
8006,7.773999999999999,1.83
8007,2.8758824766171838,3.398252220404669
8008,3.3240000000000007,-1.323878798797238
8009,-1.0159999999999996,-6.761285024208751
8010,5.438236654631806,3.271018453276665
8011,4.612,19.68
8012,0.34991245439260865,1.7280000000000002
8013,6.936,6.152121201202762
8014,0.19799999999999968,-2.2792850242087526
8015,-1.2660000000000005,19.395999999999997
8016,5.948,15.079999999999998
8017,7.097912454392609,4.712121201202763
8018,1.3239999999999994,-19.173285024208745
8019,-4.354,-10.134
8020,12.95,-11.547999999999998
8021,8.956,-11.088
8022,-3.1420000000000003,8.501999999999999
8023,13.911545230794463,17.356
8024,3.0532202713089123,-4.028000000000002
8025,8.219999999999999,3.8320000000000007
8026,6.494,13.31105106240022
8027,4.305999999999999,-1.0240000000000007
8028,5.569999999999999,-27.490331323831924
8029,-3.4480000000000004,8.815999999999999
8030,-1.212,-13.55796634440463
8031,6.197018453276665,20.266
8032,-8.116000000000001,4.000741095441143
8033,9.392,-20.702826689925203
8034,-5.395495559190662,-4.079739793414287
8035,2.6719999999999993,2.2159999999999984
8036,3.2459999999999996,-12.840860345520571
8037,3.477999999999999,-19.23976127541442
8038,2.2139999999999995,9.663051062400218
8039,4.825999999999999,5.886260206585712
8040,3.9038824766171842,18.311018453276667
8041,4.779999999999999,3.055303282804887
8042,-9.332,1.9722522204046669
8043,8.407999999999998,7.732714975791249
8044,-9.024000000000001,-1.8839999999999975
8045,7.772488875036475,-13.359747779595333
8046,0.9287908558145064,4.850252220404668
8047,2.5002522204046693,-1.5617397934142887
8048,5.078,10.501999999999999
8049,2.9120000000000013,15.772
8050,-9.697999999999999,-5.127878798797235
8051,3.818,16.688
8052,-8.780000000000001,-25.369258904558855
8053,5.667999999999999,-1.997747779595332
8054,-4.064,-3.904000000000001
8055,1.772790855814506,35.105999999999995
8056,-4.324,-11.018371470484096
8057,-1.1996639133910318,-2.144947891127965
8058,-13.402000000000001,-11.297761275414423
8059,-7.425999999999999,-22.08776127541442
8060,-2.107773899245225,-2.1715111249635273
8061,-0.2101906909088301,-13.576543928767606
8062,-6.241773899245223,4.438
8063,-5.041773899245224,6.127999999999998
8064,-0.8980000000000008,12.053999999999998
8065,7.328000000000001,5.374033655595371
8066,-2.6217477795953315,-8.308981546723336
8067,1.0739999999999994,-12.622000000000002
8068,-3.8242025488008684,14.874
8069,2.2399999999999998,-3.9935111249635242
8070,-1.630087545607391,11.3
8071,4.9067908558145055,1.3399999999999976
8072,-7.0680000000000005,20.198
8073,-3.0360000000000005,6.392260206585711
8074,-8.546,22.418
8075,1.8499999999999996,0.09661007623923794
8076,-2.8500000000000005,12.287999999999998
8077,3.4159999999999995,2.4947149757912483
8078,1.7159999999999989,11.08
8079,-3.092000000000001,8.652
8080,4.293882476617185,-12.587240862242997
8081,-3.3239999999999994,-12.374981546723337
8082,-1.427763345368194,12.484260206585713
8083,8.852,0.5331396544794259
8084,-7.474000000000001,-4.325966344404629
8085,1.0442522204046683,-3.0109489375997818
8086,21.488,7.19603365559537
8087,7.474900929893849,1.9890510624002182
8088,-4.6867797286910875,-13.293285024208748
8089,8.338,-7.245285024208752
8090,-1.4599999999999995,-9.004000000000001
8091,4.2295452307944625,18.154714975791247
8092,-3.982454769205539,31.453999999999997
8093,3.833912454392609,2.5730184532766636
8094,8.344,2.1381212012027633
8095,4.637545230794463,11.063999999999998
8096,0.7007908558145062,-12.627511124963526
8097,12.218,-11.227761275414423
8098,5.372000000000001,-1.6662339618085311
8099,0.007999999999999475,4.8102602065857125
8100,-1.3880000000000003,26.844
8101,1.7080000000000002,16.538
8102,-2.0257477795953305,-11.79328502420875
8103,-14.724,-9.480696717195112
8104,5.080236654631806,5.315018453276663
8105,4.431018453276665,13.87025222040467
8106,3.4139999999999993,-5.264000000000002
8107,-7.026000000000001,15.206
8108,-6.207999999999999,5.188
8109,5.212,3.0040336555953715
8110,-8.711234497896623,-14.769022249927051
8111,-5.742,-5.757878798797236
8112,0.2720000000000006,-9.231930484323119
8113,-11.233988872876582,10.364714975791248
8114,5.5600000000000005,-17.087511124963523
8115,11.299999999999999,6.250238724585579
8116,2.530790855814506,-5.544
8117,-5.432,-18.048000000000002
8118,8.707999999999998,17.247999999999998
8119,5.017999999999999,-14.954000000000004
8120,-8.89,-11.552710213014203
8121,11.394,-15.466948937599778
8122,-2.3682286684507625,1.5421212012027632
8123,-1.4839999999999995,-8.59373979341429
8124,-6.988454769205537,-3.5849489375997825
8125,-1.1620000000000001,9.886000000000001
8126,1.2180000000000004,15.847999999999999
8127,-3.819209144185494,0.2140000000000029
8128,0.04599999999999902,7.764522530631846
8129,5.301018453276666,8.320238724585579
8130,0.36800000000000066,10.836000000000002
8131,0.7739999999999988,-1.2719999999999991
8132,-5.506,4.655999999999999
8133,-0.7417633453681933,-0.8777397934142883
8134,-0.41577389924522523,-14.838860345520573
8135,-3.1200000000000006,10.166252220404669
8136,3.5839999999999996,11.285999999999998
8137,0.9147908558145055,-8.361747779595333
8138,7.494,1.0482387245855769
8139,3.0539999999999994,7.638
8140,0.7319999999999995,-9.642981546723338
8141,11.235018453276663,3.107999999999999
8142,-2.2479999999999998,28.148000000000003
8143,0.05391245439260928,13.50212120120276
8144,1.633999999999999,-1.5160000000000011
8145,6.767999999999999,1.7302387245855768
8146,7.855882476617184,-8.991258904558858
8147,-4.223663913391031,2.170121201202762
8148,6.321999999999999,-4.724947891127964
8149,-4.2784547692055375,10.728
8150,-1.7972344978966242,23.532033655595374
8151,9.236,6.133303282804887
8152,-24.728,-23.327511124963525
8153,5.305999999999999,-10.447163823005987
8154,-15.672,0.5940000000000017
8155,-12.831999999999999,-3.1089815467233373
8156,1.471999999999999,17.174
8157,-6.510000000000001,3.722252220404669
8158,-8.919861444852616,12.405999999999999
8159,3.406,1.1739999999999982
8160,4.363999999999999,19.753999999999998
8161,-1.2737633453681936,7.407999999999999
8162,4.335999999999999,1.6099999999999983
8163,5.878236654631808,-5.374860345520574
8164,-2.376,1.1402602065857124
8165,5.118,-18.979761275414422
8166,6.082000000000001,14.66412120120276
8167,-0.357773899245225,3.625999999999999
8168,0.8479999999999993,-6.320000000000003
8169,2.3978824766171845,-27.708981546723333
8170,-0.8279999999999997,-10.628981546723336
8171,0.6359999999999992,-12.742
8172,19.945999999999998,-0.3659663444046288
8173,-2.0680000000000005,-5.048
8174,-0.5340000000000004,3.75976603819147
8175,-1.6340000000000003,-1.6920000000000015
8176,-0.2960000000000001,6.838252220404667
8177,14.501882476617187,-1.4109489375997821
8178,-8.072000000000001,30.434000000000005
8179,13.167999999999997,-18.595999999999997
8180,6.864000000000002,1.3822602065857115
8181,-12.958000000000002,15.325999999999999
8182,0.4459999999999987,-24.435272400377947
8183,-1.121747779595331,21.274
8184,-5.0697738992452255,5.922121201202763
8185,-1.0237633453681945,-16.357467413233334
8186,-5.264779728691087,-3.403878798797237
8187,-2.8820000000000014,10.47226020658571
8188,10.317018453276663,18.374
8189,-5.499773899245225,-2.483285024208752
8190,-11.26,-14.43596634440463
8191,6.303999999999999,3.822
8192,0.3019999999999989,26.203999999999997
8193,6.5779999999999985,1.1859999999999993
8194,2.7820000000000005,5.962000000000001
8195,-10.086,22.136000000000003
8196,-6.8199999999999985,22.532
8197,0.8839999999999989,9.78705106240022
8198,3.755882476617186,-23.133285024208753
8199,4.6499999999999995,5.967999999999998
8200,7.161999999999999,14.646033655595371
8201,7.159999999999999,10.693999999999999
8202,7.975882476617184,-8.498860345520573
8203,3.888000000000001,6.97003365559537
8204,11.782,10.014252220404668
8205,1.5882366546318072,1.338260206585712
8206,-8.920527508286419,28.02
8207,8.293882476617185,19.823999999999998
8208,7.674000000000001,17.74
8209,-1.778,-0.4560000000000016
8210,14.904,11.319999999999999
8211,2.7962522204046687,-4.921878798797238
8212,7.168236654631807,17.395999999999997
8213,3.603999999999999,-9.089761275414423
8214,-8.194,20.014000000000003
8215,3.4667908558145064,-17.75046006256331
8216,0.559912454392609,-5.014
8217,-3.0518614448526167,2.326714975791252
8218,4.4,10.70071497579125
8219,-5.924954819905869,0.0021212012027632455
8220,-4.257209144185494,5.7620336555953715
8221,-1.789537244613419,8.977999999999998
8222,-0.06400000000000076,11.69803365559537
8223,3.7119999999999997,12.824714975791249
8224,3.113018453276665,4.497999999999999
8225,-1.534,11.894252220404669
8226,-2.6187797286910866,18.064
8227,4.062,-2.828000000000001
8228,1.4060000000000001,18.222
8229,-2.1705722925883526,-7.075511124963526
8230,10.466,-29.32086034552058
8231,0.40679085581450475,-1.6992850242087498
8232,-1.1217477795953315,-4.1649489375997835
8233,8.352,-11.251511124963526
8234,-6.338000000000001,-7.397511124963526
8235,-2.4805275082864178,23.526
8236,-6.118,-9.336721340137624
8237,-5.6640000000000015,3.952000000000001
8238,2.910226100754776,-1.2997477795953316
8239,9.864,1.7122387245855766
8240,-5.9937477795953304,-30.47151112496352
8241,-7.736,5.59471497579125
8242,1.6447908558145052,-0.049477469368154205
8243,-5.416779728691085,12.312000000000001
8244,-0.8805536279363111,11.643999999999998
8245,-6.448,4.744121201202763
8246,-2.406,-32.80987879879723
8247,-0.07277972869108709,-19.22401435052742
8248,-15.509999999999996,-11.983878798797239
8249,-4.4300000000000015,-23.24033132383192
8250,-8.412,18.784
8251,3.9519999999999995,15.13403365559537
8252,-0.18008754560739196,17.165999999999997
8253,-7.078,-8.174
8254,-9.472000000000001,6.912000000000001
8255,-4.528087545607391,14.133999999999997
8256,-13.132,9.732
8257,-0.021999999999999974,2.9384888750364757
8258,0.7440000000000012,-10.747739793414288
8259,-15.202000000000002,22.082
8260,2.1819999999999995,-6.580000000000004
8261,-7.266087545607391,-8.535999999999998
8262,1.5107033102071143,1.4202602065857122
8263,7.537999999999999,13.914154856798131
8264,2.217882476617185,21.961999999999996
8265,-2.7959999999999985,-2.490000000000003
8266,-6.2379999999999995,6.233999999999997
8267,-1.8644547692055382,22.369999999999997
8268,-3.3352091441854945,0.19799999999999826
8269,8.097999999999999,18.248
8270,-6.288000000000001,-34.33928502420875
8271,7.627999999999998,3.5999999999999988
8272,-2.8779999999999997,-5.241285024208748
8273,1.859545230794462,-10.164948937599783
8274,1.7659124543926084,-16.025878798797237
8275,4.309545230794461,-11.358
8276,2.7939999999999996,-3.1857612754144213
8277,4.5375452307944615,22.433999999999997
8278,-2.078,-3.6660000000000026
8279,-0.4620000000000001,3.5359999999999987
8280,-2.5247797286910862,-1.4477397934142886
8281,5.073882476617184,3.084033655595371
8282,16.35,25.241999999999997
8283,-1.595763345368194,8.931999999999999
8284,-1.488,22.04403365559537
8285,4.382,-2.6680000000000006
8286,-15.597747779595332,27.410000000000004
8287,-1.97,-2.3837397934142883
8288,-3.3582050689902063,31.776
8289,1.6379999999999988,-4.4149489375997835
8290,6.864,-0.2377612754144245
8291,7.4750184532766655,3.992260206585713
8292,-4.188000000000001,-7.475999999999999
8293,-2.8120875456073917,18.41
8294,-1.275747779595331,1.7167149757912497
8295,-2.0040000000000013,-21.087761275414422
8296,0.986,1.5199999999999974
8297,12.036,3.5439999999999996
8298,6.776000000000001,-23.562742822137757
8299,-15.044779728691086,5.626121201202762
8300,-8.448,12.102
8301,-5.520779728691086,12.23
8302,-1.6477738992452244,6.552488875036474
8303,-1.6000000000000014,5.189999999999999
8304,-7.108000000000001,-6.962948937599781
8305,-9.094,29.769999999999992
8306,-0.6777738992452249,13.064488875036474
8307,1.9779999999999998,-9.720000000000002
8308,10.149999999999997,-18.714
8309,7.769255107908471,0.767051062400219
8310,-1.6412091441854941,21.76025222040467
8311,-3.552000000000001,-5.651747779595334
8312,-7.956117523382817,2.7550510624002187
8313,2.8532551079084714,-0.22151112496352687
8314,2.8019999999999996,19.42203365559537
8315,2.272000000000001,-11.555878798797238
8316,9.872,20.076
8317,-16.941209144185493,7.622
8318,7.022226100754774,6.1019999999999985
8319,0.7402261007547754,8.932252220404667
8320,6.229999999999999,13.168033655595371
8321,-0.8307293263186665,8.41871497579125
8322,-11.883736652471914,-2.6499663444046293
8323,-6.5120000000000005,-17.533024817623037
8324,-5.702,9.572
8325,-2.9757477795953307,-0.5859999999999985
8326,6.496252220404668,0.7420336555953717
8327,2.863545230794462,3.405999999999999
8328,-12.988000000000003,4.375018453276664
8329,-2.877209144185494,9.015051062400216
8330,1.7580000000000002,11.144000000000002
8331,6.636,4.51
8332,4.4252202713089135,-10.851046299623173
8333,-5.944981546723335,-6.55128502420875
8334,10.492,-13.619747779595334
8335,-6.334292614597598,-4.475163823005987
8336,4.046226100754775,-3.4999999999999987
8337,4.390236654631807,-13.051966344404628
8338,3.6610184532766654,7.527999999999997
8339,-2.5860000000000003,7.130000000000001
8340,-8.879763345368195,12.968121201202763
8341,-3.580000000000001,-16.203999999999997
8342,7.719018453276665,-23.869511124963527
8343,-6.966779728691087,-28.036948937599778
8344,9.871999999999998,4.654000000000001
8345,3.845999999999998,-0.3678787987972377
8346,-7.235747779595331,-6.898000000000001
8347,3.258,3.4019999999999984
8348,-0.05976334536819401,12.569999999999997
8349,-0.7107797286910866,-8.49972761981905
8350,1.4479124543926087,-3.415747779595333
8351,-0.366,21.698
8352,0.5170184532766651,-13.835285024208753
8353,0.65,9.624252220404667
8354,7.739999999999999,-16.475761275414424
8355,2.114790855814506,12.209999999999999
8356,6.493999999999998,-20.85749739100876
8357,-1.7560875456073917,-8.645999999999997
8358,2.170226100754774,15.977999999999998
8359,9.423220271308914,16.534
8360,-4.175747779595331,1.308260206585711
8361,-22.45574777959533,6.316121201202764
8362,3.258,6.93426020658571
8363,1.5959999999999996,-7.022
8364,-4.252117523382815,-17.09094893759978
8365,5.157882476617185,6.01203365559537
8366,3.562,7.12271497579125
8367,-26.353999999999996,3.777539937436694
8368,2.5520000000000005,-2.19
8369,3.015999999999999,7.205999999999998
8370,5.968000000000001,7.204260206585711
8371,6.4922366546318075,-6.608000000000002
8372,4.291882476617186,-19.307389923760763
8373,7.681882476617185,-17.04
8374,-9.535999999999998,-6.774721340137624
8375,-2.6232344978966253,-3.6320000000000006
8376,-7.81374777959533,-1.4658787987972368
8377,4.178,-0.004000000000003112
8378,-0.2809815467233353,3.2239999999999993
8379,12.578,10.922252220404669
8380,-2.4559999999999995,-7.479251368613376
8381,5.4799999999999995,-18.15535838562581
8382,3.4760000000000004,6.207999999999998
8383,-6.98208754560739,-2.9839663444046294
8384,1.6682522204046681,-23.68928502420875
8385,1.4677949310097935,1.8039999999999963
8386,-3.8730690923307263,-1.562
8387,3.558,-4.434
8388,8.706,-27.97951112496353
8389,6.4159999999999995,-12.27
8390,-3.322,2.5990510624002185
8391,6.189220271308914,12.234
8392,7.566488875036475,14.776
8393,4.337018453276665,-24.55974777959533
8394,-3.2800875456073917,-17.441012193792233
8395,-6.6417738992452255,3.5199999999999996
8396,-3.5060000000000002,5.403999999999999
8397,-0.10600000000000058,-13.491024817623037
8398,-6.304,0.28399999999999964
8399,2.5580000000000003,-0.9117575975944746
8400,5.779999999999999,15.928033655595375
8401,-7.644000000000003,6.335999999999998
8402,5.65,0.2762602065857118
8403,-2.746190690908829,-1.8838787987972392
8404,-4.0920000000000005,4.595018453276664
8405,7.142,-6.625739793414288
8406,4.297882476617184,-17.29623396180853
8407,-1.0260000000000005,-14.825022249927049
8408,-13.607999999999999,-7.049511124963526
8409,10.184,-8.59350106882871
8410,1.8958824766171856,5.456238724585579
8411,-5.694000000000001,-5.407999999999998
8412,-12.927209144185493,22.273999999999997
8413,-3.8600000000000008,23.586
8414,-4.624087545607391,27.624000000000002
8415,-2.196779728691087,1.9419999999999995
8416,-1.1420000000000006,-3.5837397934142876
8417,-9.197773899245226,-4.20774777959533
8418,-6.598541004105508,-2.090000000000004
8419,4.483999999999999,6.556
8420,-0.5839999999999996,7.792000000000003
8421,7.301882476617185,-28.405994190751137
8422,5.0600000000000005,20.006
8423,6.889999999999999,-1.8832589045588564
8424,-6.744,0.8587149757912513
8425,-1.3458914226280398,17.63403365559537
8426,-23.28320914418549,2.8739999999999988
8427,-4.634779728691087,12.978260206585711
8428,7.292,-6.893747779595333
8429,14.062236654631807,-1.1197477795953326
8430,-1.7399630934466708,11.574260206585711
8431,3.8340000000000005,11.396000000000003
8432,6.306,4.218488875036473
8433,-1.3920000000000006,-11.717285024208751
8434,-7.760087545607391,2.8619999999999997
8435,-2.0600000000000005,-36.39260013893486
8436,6.875882476617184,-7.483897875199562
8437,-6.731747779595331,-6.77996634440463
8438,13.25,10.924238724585578
8439,-3.857999999999999,8.748000000000001
8440,-1.3587202691490183,13.062000000000001
8441,11.895999999999999,15.008
8442,5.04,-5.373272400377947
8443,8.878,17.974
8444,-7.7620000000000005,1.8987149757912505
8445,-1.7325536279363125,6.393999999999997
8446,6.166,0.1839999999999975
8447,-6.270867274298479,16.689999999999998
8448,-0.22200000000000025,2.0599999999999996
8449,4.6722366546318055,6.593999999999999
8450,1.2179999999999986,-1.6659999999999975
8451,-0.7960000000000012,-13.909272400377949
8452,-10.65,-2.3049815467233357
8453,0.5558824766171842,0.047999999999998974
8454,-0.09598887287658098,11.781999999999996
8455,-8.084,11.812121201202762
8456,-11.527999999999999,16.448
8457,-2.6220000000000003,-11.26728502420875
8458,-11.234,29.726
8459,6.553999999999999,17.139999999999997
8460,1.8895452307944622,10.817999999999998
8461,-10.088000000000001,-7.147999999999999
8462,-11.71008754560739,4.547999999999999
8463,-5.548,13.902000000000001
8464,-3.8760000000000003,-8.495640074211659
8465,10.813999999999998,12.009999999999998
8466,10.563999999999998,-15.872981546723338
8467,-4.113209144185494,5.143999999999998
8468,3.111999999999999,3.2984888750364734
8469,-5.403999999999999,1.4559999999999973
8470,2.832226100754775,12.197051062400217
8471,-6.160000000000001,-0.49376127541442116
8472,9.92,-2.1819663444046284
8473,11.3,-10.233739793414285
8474,-9.513521678840558,-14.80974777959533
8475,-0.2120000000000008,-9.192000000000002
8476,0.986,-0.5239999999999988
8477,-0.892,-11.329747779595333
8478,-4.002000000000001,18.594488875036472
8479,-13.538,-1.9907961491722759
8480,0.33722027130891236,4.50671497579125
8481,-0.33445476920553785,1.4407149757912479
8482,-1.4427797286910866,25.145999999999997
8483,-0.04800000000000075,1.3399999999999992
8484,-3.1540000000000012,-5.1849815467233356
8485,-4.368867274298478,-11.701640074211657
8486,0.28999999999999915,3.8270184532766613
8487,3.913999999999999,13.201999999999998
8488,-5.2717738992452245,-18.951777695895608
8489,-3.339999999999999,-4.707999999999996
8490,-5.3,20.036
8491,7.163912454392609,4.807999999999999
8492,6.939018453276665,3.052488875036474
8493,-4.178000000000001,-2.442000000000001
8494,1.6459999999999997,-0.7539999999999999
8495,-1.0460000000000012,9.738
8496,0.7959999999999987,0.062260206585710874
8497,8.244236654631806,-18.775747779595335
8498,-2.2460000000000004,16.516
8499,-17.159773899245227,6.957999999999998
8500,-14.89,12.389999999999997
8501,0.18199999999999966,21.02
8502,5.122,0.8099999999999987
8503,-6.530454769205538,-19.980695670723296
8504,-3.35,-34.382492671686855
8505,4.662236654631807,4.8439999999999985
8506,3.667545230794462,4.414
8507,7.132,-4.627999999999998
8508,-7.803999999999999,-5.739932688809259
8509,-0.7360000000000007,5.421999999999999
8510,5.559882476617185,6.607999999999997
8511,-5.58,16.821999999999996
8512,-3.9299999999999997,14.107999999999999
8513,-6.067763345368193,-9.467761275414423
8514,-7.151747779595333,9.532252220404668
8515,12.87,20.932
8516,10.392,18.104000000000003
8517,6.388,7.463999999999999
8518,-10.718,21.598
8519,8.758,18.774260206585712
8520,-10.346,1.6422858760000394
8521,1.6187908558145054,-10.691747779595328
8522,5.526000000000001,10.16
8523,-3.730572292588353,9.155999999999999
8524,4.636,13.184000000000001
8525,17.404,0.5322602065857112
8526,5.858,-2.612000000000001
8527,-1.3097633453681932,12.057999999999998
8528,-2.2160000000000006,-16.283966344404625
8529,-1.4120000000000008,9.758
8530,-15.918454769205539,-11.89728502420875
8531,-4.730527508286419,11.189999999999998
8532,0.7619999999999998,-4.943511124963526
8533,-5.686000000000002,5.6080000000000005
8534,5.743882476617185,-0.3100000000000021
8535,1.2327908558145058,-14.132981546723334
8536,-6.161209144185494,-1.415389923760762
8537,-0.023999999999999844,5.25826020658571
8538,-0.5160000000000011,25.610000000000003
8539,-6.834981546723336,-1.4618787987972368
8540,2.270119131248991,6.724260206585711
8541,2.88001112712342,12.282
8542,2.877999999999998,5.2680000000000025
8543,0.247018453276665,-10.289747779595332
8544,-1.4840000000000007,5.003018453276664
8545,7.4079999999999995,-12.149739793414287
8546,-4.566981546723336,-16.974948937599784
8547,7.517999999999999,3.8310184532766627
8548,9.036236654631804,3.176260206585711
8549,-2.8240000000000003,17.654033655595374
8550,3.0440000000000005,-19.733966344404628
8551,1.4744522015095498,10.44
8552,-21.777773899245226,11.913999999999998
8553,-8.370779728691087,-9.699999999999998
8554,1.4035817116290121,-14.734000000000004
8555,0.44879085581450584,-7.617747779595332
8556,3.5200000000000005,9.653999999999998
8557,10.483999999999998,-5.5439663444046285
8558,-6.23574777959533,14.586000000000002
8559,3.4842522204046693,7.288714975791248
8560,-3.9419999999999993,-1.959670277737402
8561,2.1712202713089135,-19.469511124963525
8562,-2.250000000000001,30.974
8563,0.14991245439260936,5.288
8564,-24.373999999999995,22.582
8565,5.025220271308913,-2.5449815467233363
8566,9.822,2.4382387245855783
8567,-2.1379999999999995,2.4100695156768834
8568,3.7922522204046687,-32.36704629962317
8569,1.568,-3.0549815467233374
8570,5.403999999999999,21.904
8571,5.652252220404669,4.157051062400218
8572,-6.031999999999999,0.7590510624002185
8573,-2.737763345368193,8.126000000000001
8574,-1.802000000000001,16.943999999999996
8575,-0.8760000000000006,20.375999999999998
8576,0.6339999999999989,-5.628000000000002
8577,10.953999999999999,1.3899999999999983
8578,6.867220271308914,3.6190510624002186
8579,1.943999999999999,18.195999999999998
8580,3.1002366546318063,16.419999999999998
8581,-3.9859999999999998,5.106836176994014
8582,7.565999999999998,1.7359999999999995
8583,-13.942117523382814,-1.8409489375997814
8584,3.449027510446313,7.404121201202761
8585,0.9179999999999998,0.5222387245855771
8586,-3.523763345368193,5.186
8587,7.251545230794461,-11.928221337977728
8588,-13.628,-7.517999999999998
8589,2.0242522204046685,7.497999999999999
8590,5.872000000000001,9.851999999999999
8591,-11.961747779595331,-4.788948937599781
8592,-4.817209144185493,-4.602000000000001
8593,20.508,4.134260206585711
8594,6.204000000000001,-4.741024817623037
8595,-7.094779728691087,-1.4794774693681525
8596,-4.561999999999999,0.00799999999999983
8597,-11.314,8.39271497579125
8598,-6.4860000000000015,0.26025222040466645
8599,-3.4,-5.645757597594473
8600,8.856,-10.709747779595332
8601,7.088226100754774,-8.48
8602,7.183999999999999,4.958
8603,1.2259999999999995,-14.58196309344667
8604,-5.336,-0.45328502420875194
8605,5.502,11.244260206585711
8606,-2.609209144185494,0.5979999999999983
8607,-2.2260000000000004,-2.65196634440463
8608,11.578,-29.883495559190663
8609,-7.492000000000002,9.332260206585712
8610,5.332,-7.785285024208752
8611,5.596252220404669,5.736252220404668
8612,-6.284,3.327999999999998
8613,0.5001346970218549,15.967999999999998
8614,-13.444454769205535,21.298
8615,0.4282261007547742,0.3948361769940135
8616,-9.277861444852615,-14.053739793414291
8617,1.1980000000000004,-5.739285024208749
8618,-0.8440000000000009,8.334
8619,7.101999999999999,-11.07776127541442
8620,4.978,-0.8078787987972362
8621,4.7219999999999995,12.3
8622,0.9199999999999993,-16.023878798797234
8623,4.965220271308913,0.508121201202762
8624,2.571018453276664,-31.131272400377945
8625,-2.504,-0.6235090550097538
8626,3.452138555147384,3.040741095441143
8627,-5.24,5.707999999999998
8628,-1.2280000000000009,9.974714975791247
8629,-5.470981546723334,-17.575999999999997
8630,3.567999999999999,20.46
8631,9.431999999999999,0.3145044408093369
8632,3.9750184532766655,8.244238724585577
8633,2.492,13.29705106240022
8634,1.6302261007547756,15.342000000000002
8635,-8.964779728691088,6.593018453276663
8636,-2.3619999999999997,-25.414990711792104
8637,6.307882476617185,1.7739999999999985
8638,2.3810430762191737,-2.841618592211526
8639,0.38367992781631627,10.94
8640,4.538252220404668,0.22226020658571102
8641,-8.416,4.493999999999999
8642,-1.343763345368194,28.843999999999994
8643,13.833999999999998,-13.252879421922898
8644,7.497999999999999,2.0433032828048865
8645,-2.4507797286910864,-4.313511124963524
8646,-2.7640000000000007,-0.660266570932086
8647,-5.066,2.1239999999999988
8648,10.956,-5.533739793414288
8649,-5.726779728691086,4.125999999999997
8650,-6.8420000000000005,-7.323761275414424
8651,9.366,13.49
8652,3.0958824766171853,-18.82376127541442
8653,5.339912454392608,0.8342522204046692
8654,-5.663773899245224,7.610102124800437
8655,0.5372202713089141,-4.101966344404628
8656,-1.1638653029781463,-10.671999999999997
8657,8.856,-3.4339999999999975
8658,-2.640981546723335,15.124
8659,-1.3949815467233357,22.276
8660,1.4358824766171847,-7.827878798797238
8661,8.508,0.09023872458557776
8662,-18.198,-24.613966344404627
8663,10.334,-13.96272932631867
8664,2.08,20.136000000000003
8665,4.211999999999998,-5.058000000000001
8666,0.475545230794462,13.995999999999999
8667,-1.956454769205538,11.982714975791248
8668,1.5215452307944624,-8.909272400377947
8669,5.57391245439261,6.362
8670,2.5219999999999994,29.344
8671,3.966236654631806,0.5950510624002178
8672,-7.094000000000001,-7.69373979341429
8673,1.2979999999999994,21.313999999999997
8674,15.057999999999998,-13.725285024208748
8675,3.7170184532766646,-14.912696717195113
8676,3.829882476617184,-6.659258904558857
8677,6.572,-10.329878798797235
8678,1.022563684071126,27.022000000000002
8679,7.405999999999999,0.6239999999999994
8680,-0.5560000000000003,4.539999999999997
8681,3.3705636840711266,8.754
8682,-0.17400000000000054,-10.047285024208751
8683,-0.0837738992452259,1.0620695156768818
8684,3.35,12.622260206585713
8685,-0.09011752338281517,7.172
8686,2.869220271308913,-25.275966344404623
8687,-8.596,9.203999999999999
8688,5.231018453276665,9.38071497579125
8689,-5.018981546723335,-3.661389923760763
8690,13.13,-8.342948937599783
8691,5.6579999999999995,-5.317761275414421
8692,-0.5032091441854941,6.582260206585711
8693,-4.324087545607392,9.485999999999997
8694,-9.475521678840556,-12.837727619819052
8695,-5.042454769205539,-13.967739793414292
8696,-1.4795216788405565,-2.9359304843231167
8697,7.002,2.9339999999999966
8698,0.9992202713089131,13.046000000000001
8699,-4.298087545607392,10.562000000000001
8700,6.178000000000001,10.4
8701,7.272,-9.753511124963525
8702,-2.258000000000002,-6.637878798797239
8703,10.34,4.014033655595371
8704,2.0362522204046676,19.906
8705,2.2299999999999995,13.658000000000001
8706,4.471882476617185,8.607999999999999
8707,-2.174000000000001,-0.6457477795953338
8708,9.841999999999999,-4.931999999999999
8709,-0.12374777959533194,-7.157024817623037
8710,-6.208,-14.416000000000002
8711,2.139999999999999,12.29
8712,-0.046779728691086396,-0.0477477795953309
8713,6.193220271308913,10.739999999999998
8714,-4.274,-15.331618592211527
8715,4.224,-14.724535942586561
8716,-4.833209144185494,14.504000000000001
8717,4.759999999999999,7.053999999999998
8718,-5.223773899245225,-12.755511124963524
8719,-6.817999999999998,-23.945501068828708
8720,4.051999999999997,17.421999999999997
8721,3.6962261007547736,-8.74996634440463
8722,-3.242,7.797999999999999
8723,9.668790855814505,9.888121201202761
8724,-10.09198887287658,3.0590510624002176
8725,-5.156000000000001,12.408033655595371
8726,-5.424000000000001,3.4379999999999997
8727,8.879999999999999,-0.2500000000000007
8728,7.634,-15.1604365106094
8729,-3.704981546723336,10.035999999999998
8730,7.483999999999999,11.757051062400219
8731,9.53211913124899,-1.7740000000000016
8732,-1.7624547692055395,24.6
8733,-4.619156637938118,7.840488875036475
8734,-1.640454769205538,-23.45128502420875
8735,-6.603999999999999,-5.091845143201864
8736,6.982236654631807,-26.413747779595333
8737,-10.613747779595332,18.476488875036473
8738,2.6659999999999995,10.858
8739,-1.1809815467233356,-13.847878798797236
8740,-10.270779728691087,-19.747963093446675
8741,3.1719999999999997,10.901999999999997
8742,5.26,-3.7146967171951117
8743,-0.027999999999999758,12.982488875036472
8744,1.610790855814504,18.694121201202762
8745,-0.2799999999999997,11.776
8746,-4.995763345368194,-1.4100000000000008
8747,-9.187999999999999,0.8150510624002194
8748,11.463999999999999,5.63826020658571
8749,1.0759999999999987,-22.94996634440463
8750,2.392790855814505,8.112
8751,-3.1359999999999997,13.23
8752,0.5859999999999989,6.444
8753,1.7502522204046684,-7.204000000000002
8754,-0.8420000000000002,0.793999999999999
8755,0.6059999999999995,16.95
8756,3.5218093090911706,-21.888948937599782
8757,5.406000000000001,18.765018453276664
8758,-9.845663913391032,1.2085124269903802
8759,-19.359069092330724,14.498000000000001
8760,-0.8744547692055378,5.366
8761,4.112790855814506,-18.841258904558856
8762,-1.376,7.2219999999999995
8763,-7.700981546723336,9.533999999999999
8764,-5.38374777959533,-14.515930484323116
8765,7.191999999999998,-6.034000000000002
8766,-1.7119999999999997,17.00305106240022
8767,-5.558,6.489018453276662
8768,4.2620000000000005,19.936
8769,-0.15600000000000042,5.924033655595371
8770,0.7230184532766654,11.925999999999998
8771,-0.038000000000000964,1.9519999999999988
8772,-4.150205068990206,-0.6659999999999989
8773,1.5062366546318062,13.630252220404667
8774,9.477999999999998,14.459999999999999
8775,-15.486,7.578260206585712
8776,1.9319999999999997,8.262252220404667
8777,-10.072000000000001,-10.381761275414423
8778,-4.378,20.566
8779,1.6247908558145057,2.043999999999999
8780,-4.15932666756831,20.394
8781,-0.358,10.823999999999998
8782,3.773018453276664,-1.2240000000000015
8783,-1.6089815467233357,-15.729251368613376
8784,-4.206867274298477,12.129999999999999
8785,-4.584,21.532
8786,-2.7355372446134183,-11.066981546723337
8787,1.7339999999999989,15.32626020658571
8788,-7.040000000000001,17.317999999999998
8789,0.29399999999999993,6.343999999999999
8790,1.9699999999999982,13.038
8791,-0.06298304343071877,-1.4479999999999975
8792,3.8999999999999995,-17.3273743579879
8793,-9.220454769205539,21.572
8794,-9.890000000000002,14.8
8795,-13.926779728691088,20.409999999999997
8796,-0.42411752338281516,-14.074879421922898
8797,7.934,0.6119999999999974
8798,9.681999999999999,-35.097285024208745
8799,-2.982981546723335,9.996260206585712
8800,6.561018453276664,-11.513706137818916
8801,-1.468000000000001,7.761999999999999
8802,-1.3424547692055377,5.223999999999998
8803,0.542226100754775,18.940714975791252
8804,13.77,5.842033655595371
8805,3.952252220404669,2.496000000000001
8806,0.5372202713089133,-2.0040000000000022
8807,2.5299999999999994,2.000260206585714
8808,0.05901845327666457,-18.704
8809,-3.8880000000000003,-15.195999999999994
8810,7.433882476617185,14.443999999999999
8811,3.483545230794462,-3.208981546723338
8812,11.439999999999998,-5.932460062563306
8813,10.008,10.274
8814,-1.5799999999999992,19.241999999999997
8815,4.962,14.074000000000002
8816,7.457999999999998,-16.529999999999998
8817,-8.048867274298479,8.080488875036474
8818,-1.2799999999999998,11.852252220404669
8819,0.3880000000000006,10.835999999999999
8820,-0.48000000000000054,6.776000000000005
8821,-3.6340000000000003,18.752
8822,4.70067333243169,13.786000000000001
8823,3.3739999999999997,5.897999999999999
8824,-18.492,5.748238724585579
8825,-9.748000000000001,-20.73970288686096
8826,-4.523773899245225,-8.744000000000002
8827,-4.848,-8.876266570932085
8828,11.551999999999998,-20.787727619819048
8829,-1.7120000000000015,2.3884888750364746
8830,-0.3044547692055376,11.024
8831,3.702000000000001,3.2959999999999985
8832,0.12223665463180708,-4.270729326318667
8833,-4.613773899245225,-9.921511124963525
8834,-7.079747779595332,-6.5200000000000005
8835,1.5479999999999996,-17.263739793414288
8836,-1.5167797286910867,15.169999999999996
8837,1.0098824766171852,-3.3800000000000012
8838,5.371999999999999,16.922
8839,14.23,13.03931126898593
8840,7.140000000000001,8.433999999999997
8841,4.012236654631806,3.5179999999999993
8842,-3.530000000000001,25.041999999999994
8843,4.17,3.595999999999999
8844,5.295999999999999,7.944714975791252
8845,-5.2445423148129295,-0.08894893759978117
8846,4.606336086608968,-2.0440000000000014
8847,1.678790855814506,14.073999999999998
8848,-7.136,0.3499999999999986
8849,2.544236654631807,4.705018453276662
8850,-1.2839999999999985,-11.991250918377812
8851,-1.6459999999999997,16.484
8852,-0.36199999999999977,-10.73796634440463
8853,-2.603999999999999,-5.161511124963526
8854,7.7459999999999996,18.188
8855,-4.365763345368195,12.596
8856,3.2779999999999987,-13.722
8857,-2.352779728691087,-7.843761275414423
8858,5.074000000000001,22.324
8859,5.804,-5.760981546723338
8860,0.8342261007547753,1.6839999999999986
8861,-1.2080000000000006,21.386
8862,5.034790855814506,-7.815739793414286
8863,1.8115452307944615,-30.69571412399996
8864,5.0859999999999985,4.833999999999999
8865,13.175999999999998,8.68
8866,4.286,18.67471497579125
8867,1.629999999999999,13.883999999999997
8868,-12.416,17.87
8869,-0.775763345368194,-13.837511124963527
8870,10.777882476617183,9.451051062400222
8871,-15.62,2.149018453276665
8872,5.2812202713089125,1.1379999999999981
8873,-1.0140000000000016,4.264000000000001
8874,-0.4577633453681932,3.3939999999999997
8875,9.590236654631806,2.202381407788475
8876,-0.9600000000000011,-9.421761275414422
8877,1.2599999999999993,7.957289786985799
8878,8.178236654631807,-4.473702886860957
8879,1.3795817116290119,12.655018453276664
8880,-22.579234497896625,3.153999999999999
8881,5.187999999999999,10.717999999999998
8882,-1.5259999999999994,3.6522522204046695
8883,8.245999999999999,14.663999999999998
8884,5.86,10.32803365559537
8885,8.232000000000001,-16.41151112496353
8886,0.6759999999999998,-19.62694893759978
8887,3.0758824766171857,17.014
8888,3.152,4.856714975791251
8889,1.5398824766171848,14.711999999999998
8890,1.486000000000001,22.073999999999998
8891,3.472,15.874
8892,0.9799999999999998,-3.077511124963526
8893,-7.107747779595331,15.613999999999999
8894,4.102,-9.352981546723337
8895,-5.872000000000002,2.0039999999999973
8896,4.264790855814505,-1.4588277363970186
8897,6.636,-3.916000000000004
8898,-2.4439999999999995,-4.617999999999999
8899,5.428,14.113999999999999
8900,-5.063999999999999,-2.6319999999999997
8901,-1.9120000000000001,-2.6377477795953324
8902,4.2299999999999995,5.202
8903,-2.9579999999999997,-12.654
8904,-2.250000000000001,7.1819999999999995
8905,2.6339999999999995,9.501999999999999
8906,-4.306,2.081999999999998
8907,7.958,-8.490233961808531
8908,-1.0747428221377568,11.554121201202763
8909,5.898563684071126,32.352
8910,11.053999999999998,1.1022387245855785
8911,2.1700000000000004,24.421999999999997
8912,-3.432000000000001,11.748000000000001
8913,-2.359209144185494,-3.8609815467233353
8914,2.5420000000000003,-17.529747779595333
8915,-15.732,20.582
8916,-13.366,8.599999999999998
8917,0.8407908558145045,-9.693032803804082
8918,-5.181773899245225,-10.225702886860958
8919,-1.9364547692055383,0.7509777500729499
8920,-1.8604547692055384,-5.143509055009754
8921,-7.3340000000000005,6.512260206585711
8922,-2.874,1.0382387245855766
8923,1.6300000000000003,8.071999999999997
8924,0.4620000000000008,-10.93374777959533
8925,-4.6697477795953315,1.1587149757912498
8926,-6.983861444852616,15.463999999999999
8927,3.35,22.116
8928,1.4199999999999995,7.70471497579125
8929,-1.7760000000000005,-18.48027361854043
8930,3.4290184532766643,9.64
8931,-0.17600000000000088,-20.003761275414423
8932,3.5419999999999994,-0.3020000000000003
8933,1.1379999999999997,-1.0297397934142882
8934,6.319456925940719,-0.0692850242087502
8935,-1.1880000000000002,1.723999999999998
8936,-9.748000000000001,-22.093511124963523
8937,-8.287773899245225,8.059999999999999
8938,-0.9517633453681935,-17.92374777959533
8939,7.851999999999999,11.643999999999998
8940,-2.2359999999999984,6.789999999999999
8941,-3.7563275271815364,-6.786600138934861
8942,7.598226100754775,2.429999999999997
8943,0.2322522204046688,-9.873495559190662
8944,-1.5480000000000012,3.469999999999999
8945,-14.945999999999998,10.037999999999997
8946,-0.07799999999999958,10.502
8947,-0.8819999999999997,8.093999999999998
8948,2.4199999999999995,9.488
8949,6.847882476617184,12.008
8950,1.767102747926098,11.478
8951,5.266,-3.784696717195112
8952,-3.0860000000000007,-2.470981546723336
8953,-3.2264547692055388,8.032033655595372
8954,-2.2307797286910866,20.572000000000003
8955,0.4420000000000005,20.712
8956,-16.924,5.072121201202764
8957,-4.788087545607394,9.860121201202762
8958,-10.492087545607394,-1.872000000000002
8959,-3.4159999999999995,0.060953700376828124
8960,-6.478,19.95
8961,7.217018453276664,-3.756696717195112
8962,-15.184000000000003,5.175051062400219
8963,4.744226100754775,-1.6159999999999997
8964,7.481999999999999,12.723999999999998
8965,-0.7100000000000002,-3.2258787987972375
8966,6.763018453276665,0.11199999999999903
8967,-7.304,9.154
8968,-10.632,17.679999999999996
8969,7.309882476617185,-17.584460062563306
8970,6.3279999999999985,2.279999999999999
8971,1.4880000000000004,5.756033655595371
8972,-3.7627797286910862,-3.7597397934142904
8973,0.6159999999999997,14.554000000000002
8974,-0.8080000000000002,4.5988361769940145
8975,5.452,-7.941739793414288
8976,3.461018453276664,10.538238724585577
8977,10.35,12.39705106240022
8978,7.349545230794462,11.764
8979,-7.394000000000001,7.678
8980,18.625999999999998,23.552
8981,4.925999999999999,3.2781212012027625
8982,5.0482522204046685,-11.468
8983,4.889999999999999,2.2567149757912492
8984,-7.0154363159288735,4.304
8985,-3.6212091441854946,-12.212
8986,-1.8940000000000001,-0.09587879879723715
8987,0.12013469702185375,7.35505106240022
8988,6.483912454392611,-7.31302224992705
8989,-4.138087545607393,9.882
8990,2.0680000000000005,12.062000000000001
8991,-0.8360000000000003,-2.307999999999999
8992,7.0779999999999985,-19.381999999999998
8993,-1.1492091441854948,7.050033655595373
8994,4.769999999999999,9.0
8995,4.225999999999999,-8.821511124963525
8996,-1.6420000000000008,16.99
8997,5.311999999999999,5.477999999999999
8998,9.388,23.508121201202762
8999,2.6399999999999992,5.886121201202761
9000,-5.062117523382815,8.295999999999998
9001,-0.40800000000000053,5.786381407788474
9002,0.7539999999999999,2.4602522204046666
9003,4.346473309263613,12.853999999999996
9004,-1.2700000000000002,-1.8930328038040798
9005,-2.540000000000001,6.324260206585711
9006,0.1695452307944622,11.004000000000001
9007,10.276,-3.56
9008,0.25,-1.4267293263186671
9009,0.6519999999999996,-6.45373979341429
9010,0.7982261007547742,-0.22898154672333676
9011,-0.32776334536819307,9.651999999999997
9012,4.224226100754775,12.225018453276665
9013,2.2910184532766644,-21.016947891127966
9014,-1.7620000000000005,0.20799999999999913
9015,6.471545230794462,1.3780000000000001
9016,-7.68,-10.434948937599781
9017,2.9278824766171847,-11.834688731014072
9018,-6.043436315928873,-10.947495559190665
9019,1.352,-19.239747779595334
9020,6.841912454392609,-36.62199999999999
9021,9.389999999999999,20.4
9022,2.2279999999999998,1.1430847179955912
9023,-5.168,11.172
9024,1.7858824766171846,-12.859509055009752
9025,-8.32408754560739,15.345999999999998
9026,-4.952,20.273999999999997
9027,3.2779999999999996,-7.987511124963528
9028,1.2160000000000004,-11.891999999999998
9029,3.664,-5.541285024208752
9030,-7.988000000000001,-24.78576127541442
9031,-0.06800000000000014,-4.0939999999999985
9032,4.48,11.042121201202761
9033,-3.761747779595332,27.324
9034,0.20200000000000004,10.7
9035,5.72,-4.543511124963525
9036,7.636,18.072
9037,-4.142000000000001,8.946
9038,-4.412000000000001,15.735999999999995
9039,-4.0280000000000005,4.58
9040,-0.3457633453681943,10.77
9041,11.420236654631806,12.117999999999999
9042,2.9398824766171843,-14.65894893759978
9043,1.4524522015095502,-4.273618592211525
9044,-2.502,-7.657285024208752
9045,-16.96,36.26199999999999
9046,-5.187850890975585,4.083999999999998
9047,-4.610454769205538,14.030714975791252
9048,-8.38208754560739,13.073051062400216
9049,5.017999999999999,3.565999999999998
9050,-0.8217477795953325,8.584033655595373
9051,7.206,-8.079501068828709
9052,-1.264,-18.38668873101407
9053,-3.862000000000001,-16.279999999999994
9054,9.296,0.2957334290679142
9055,-10.98166391339103,-14.28344381377278
9056,8.128,-10.499999999999996
9057,-8.561069092330726,-6.246
9058,-5.3,-6.9053899237607625
9059,2.9520000000000004,8.152
9060,-0.3149815467233353,2.7479999999999976
9061,-3.273763345368193,-10.583761275414423
9062,-1.2760875456073926,5.081999999999999
9063,-0.23551112496352467,-9.00049267168686
9064,-4.1259999999999994,-38.874948937599775
9065,3.377999999999999,-10.049999999999999
9066,1.0719999999999992,-1.0177061378189165
9067,14.524236654631807,5.479051062400218
9068,4.973545230794462,-19.657511124963523
9069,-6.724000000000001,-8.45972761981905
9070,3.664252220404669,16.109999999999996
9071,-9.852,31.094
9072,4.7620000000000005,-0.7380000000000013
9073,0.9319999999999997,6.952
9074,4.582,-2.7739999999999974
9075,0.11399999999999863,0.5463734216074293
9076,1.3040000000000003,19.642
9077,9.444252220404667,7.7780000000000005
9078,-3.152,-10.689477469368153
9079,-4.942087545607393,-14.842266570932082
9080,5.691882476617186,-24.610710213014205
9081,3.504462755386581,-9.956
9082,-3.541209144185495,9.435999999999996
9083,9.259999999999998,-6.469897875199564
9084,-13.293773899245227,9.504000000000001
9085,-3.2699999999999996,10.643018453276664
9086,-2.5100000000000002,-27.339285024208742
9087,13.906,7.639999999999998
9088,5.272236654631806,6.902260206585711
9089,-1.6100875456073915,3.226
9090,4.473999999999999,3.344
9091,1.126,28.613999999999997
9092,5.631912454392608,-0.7319999999999993
9093,-2.487999999999999,5.458252220404671
9094,-3.1399999999999992,0.8925225306318467
9095,-0.8100000000000008,9.042260206585713
9096,5.516,-1.3209489375997834
9097,-9.714117523382814,-0.1689815467233366
9098,8.232,15.585999999999999
9099,19.137999999999998,26.086000000000002
9100,2.265912454392608,24.426000000000002
9101,-15.211999999999998,6.674238724585578
9102,0.3021491090244147,8.300238724585578
9103,4.836,2.3202387245855776
9104,0.42791245439260805,7.785999999999999
9105,-14.290000000000001,-2.6332850242087504
9106,-12.222,-3.9951638230059863
9107,-2.4260000000000006,2.8840000000000012
9108,3.7199999999999998,5.546252220404668
9109,5.65,2.250121201202763
9110,-0.882117523382815,13.646714975791246
9111,0.24600000000000008,-9.122981546723338
9112,-8.651773899245226,-3.500981546723338
9113,-0.6261175233828151,8.517999999999999
9114,-4.106,10.566033655595373
9115,-3.542981546723334,15.197999999999999
9116,4.758,3.8259999999999983
9117,5.201999999999998,26.093999999999994
9118,3.924000000000001,-6.774948937599779
9119,10.274236654631807,2.498
9120,-1.556981546723335,8.095999999999998
9121,0.6919999999999996,12.019999999999998
9122,8.611999999999998,-5.106
9123,-1.9752091441854944,9.58
9124,-3.464000000000001,11.215172263602982
9125,3.6879999999999997,-14.863761275414424
9126,5.608,-0.005878798797236584
9127,1.2582522204046676,-14.885747779595334
9128,-6.033999999999999,-0.6280000000000008
9129,-6.238,10.337999999999997
9130,2.7060000000000004,1.099203850827725
9131,1.2127908558145057,-22.644
9132,-7.536779728691087,15.039999999999997
9133,-0.03977389924522488,0.3821021248004371
9134,6.125999999999999,-12.551511124963522
9135,8.268226100754775,2.4199999999999986
9136,5.5022366546318064,-14.233966344404626
9137,-4.070000000000001,-4.465845143201865
9138,1.3722261007547745,16.04
9139,-5.6259999999999994,3.917051062400219
9140,-3.2659999999999996,8.068252220404668
9141,-2.843747779595332,10.089999999999998
9142,4.165999999999999,10.335051062400217
9143,9.584,-12.621963093446672
9144,-7.135521678840556,16.996
9145,5.121999999999999,8.297999999999998
9146,-4.892087545607391,-2.219966344404628
9147,0.2940000000000003,2.699539937436694
9148,2.0139999999999993,-19.65894893759978
9149,3.539882476617185,-11.378492671686862
9150,13.437999999999999,0.905766038191468
9151,-1.9600000000000013,-10.311511124963525
9152,4.020790855814505,-4.128721340137625
9153,-3.092,-7.502696717195112
9154,5.795999999999999,-8.45
9155,5.461220271308914,-2.250981546723337
9156,5.802,3.077999999999997
9157,-14.826117523382814,3.859051062400218
9158,6.81,6.334
9159,0.15979493100979364,20.694488875036473
9160,-12.79,2.2119999999999984
9161,9.144,-12.551761275414421
9162,-1.124000000000001,6.776714975791248
9163,8.082236654631807,-22.13528502420875
9164,-0.6559999999999995,17.41
9165,1.3479999999999996,11.487999999999998
9166,10.824,7.677051062400219
9167,8.024,20.195999999999998
9168,9.398,6.220121201202761
9169,2.711999999999999,-1.7359999999999995
9170,1.3980000000000004,-14.599285024208749
9171,9.434000000000001,5.678000000000002
9172,-8.148,14.945999999999998
9173,11.555999999999997,9.387999999999998
9174,2.3619999999999997,13.104
9175,4.323882476617186,32.553999999999995
9176,7.5,4.609999999999998
9177,-1.8160000000000003,4.176
9178,7.074000000000001,-4.665747779595332
9179,-11.802000000000001,-2.9900000000000007
9180,-13.619763345368193,11.477999999999998
9181,7.7447908558145055,5.878
9182,-3.0,-1.41973979341429
9183,3.988252220404668,3.04071497579125
9184,3.822,6.401051062400218
9185,-2.3887797286910866,8.18
9186,8.176,2.683999999999996
9187,-9.903747779595331,-12.91576127541442
9188,0.47791245439260877,-13.431626578392567
9189,-8.617865302978148,2.7042522204046677
9190,5.728252220404668,-11.470796149172276
9191,-3.842,0.10400000000000205
9192,-1.6080000000000012,8.601999999999999
9193,3.233545230794462,-17.24576127541442
9194,4.909999999999998,-1.6340000000000032
9195,1.3955452307944616,0.6222522204046677
9196,1.9047908558145068,-3.4034875730096203
9197,-2.7599999999999985,13.29826020658571
9198,1.7740000000000002,-7.370000000000002
9199,4.034000000000001,12.35426020658571
9200,-2.553209144185494,10.1
9201,2.8519999999999994,6.9319999999999995
9202,2.881999999999999,-5.773706137818915
9203,-5.0680000000000005,7.234488875036476
9204,2.45,14.607999999999999
9205,1.5755452307944622,20.084
9206,-5.223511124963524,-6.801845143201864
9207,6.368,7.733999999999997
9208,1.83,-28.502523768991324
9209,3.961018453276664,22.206121201202762
9210,0.6759999999999993,-5.467511124963527
9211,-13.246779728691086,1.6321212012027622
9212,3.4459999999999993,11.028033655595372
9213,-0.6715372446134185,16.966
9214,12.157999999999998,12.148238724585578
9215,9.15,10.680000000000001
9216,0.28000000000000014,7.936260206585712
9217,-0.7325275082864184,-13.560200306213158
9218,-10.306202548800869,-14.148000000000001
9219,2.3109009298938497,21.174
9220,0.39999999999999963,9.908714975791252
9221,3.6919999999999993,7.177999999999999
9222,-1.1797738992452254,-4.9867293263186685
9223,11.495882476617183,1.6841212012027633
9224,0.8999999999999997,-13.222000000000003
9225,9.482,5.688714975791251
9226,-3.686000000000001,18.603999999999996
9227,12.975999999999999,8.527999999999999
9228,4.940462755386582,3.5330510624002174
9229,-6.17,-5.032000000000001
9230,5.767999999999999,-2.0200000000000014
9231,-3.2860000000000005,-13.878981546723335
9232,-3.9199999999999995,-23.909999999999997
9233,-4.322454769205537,-18.58667494796951
9234,-2.182,-1.592000000000001
9235,3.6639999999999993,-5.078948937599781
9236,1.6220000000000006,14.718714975791249
9237,-6.919999999999999,4.808033655595371
9238,-8.871861444852616,-1.9767102130142018
9239,-1.1,12.113999999999999
9240,-7.316000000000001,-3.516000000000004
9241,-10.237988872876581,10.126033655595371
9242,5.346000000000001,-7.794742822137755
9243,2.845999999999999,-6.080000000000001
9244,-6.312,12.3
9245,-16.96,-0.8160000000000004
9246,0.9759999999999998,-3.196948937599784
9247,-1.6927293263186662,0.30199999999999855
9248,-6.285747779595331,6.583999999999999
9249,1.9058824766171845,12.159999999999998
9250,6.1450184532766645,9.633051062400217
9251,4.022,23.93
9252,-8.512,9.539999999999997
9253,-8.596,2.304488875036474
9254,-0.43600000000000066,-2.6607213401376257
9255,8.652000000000001,-16.548
9256,-8.966981546723336,10.594
9257,2.5455452307944624,-8.154742822137758
9258,-6.112,27.183999999999997
9259,11.224236654631806,22.127999999999997
9260,6.8,-0.9897477795953336
9261,-4.617999999999999,-6.895258904558858
9262,0.32522027130891296,15.913999999999998
9263,-13.012867274298477,8.264260206585709
9264,-1.9597477795953313,0.6200000000000003
9265,-4.151773899245226,7.6264888750364745
9266,-1.2304547692055379,11.296000000000001
9267,3.1399999999999983,9.882000000000001
9268,-1.374000000000001,16.356260206585713
9269,-9.764454769205537,-4.843999999999998
9270,8.648,-2.481285024208752
9271,-2.6740875456073914,6.8162522204046665
9272,5.323545230794463,-11.462000000000002
9273,-1.3017738992452257,-10.961747779595333
9274,-1.4040000000000004,-9.451487573009619
9275,-0.8567797286910868,-2.049626578392568
9276,-2.0798614448526167,2.7219999999999978
9277,-6.748,-6.999511124963528
9278,-1.592000000000001,11.675999999999998
9279,-2.974,-5.457739793414288
9280,2.68576495323437,7.339018453276663
9281,-1.1780000000000002,-2.1399999999999997
9282,2.5239999999999996,-2.259389923760762
9283,-3.875999999999999,8.08223872458558
9284,0.829999999999999,-0.04200000000000248
9285,-8.565999999999999,5.933051062400219
9286,2.3339999999999987,-6.8180000000000005
9287,-0.6660000000000007,4.207051062400218
9288,-6.1676353440978415,-0.2429815467233368
9289,1.5079999999999998,-4.812000000000002
9290,-2.1420000000000003,-3.3033899237607622
9291,-1.3307797286910854,-5.701999999999998
9292,0.9919999999999994,-2.116721340137622
9293,6.061999999999999,-14.889032803804081
9294,-3.0259999999999994,-2.0790222499270508
9295,4.074,-9.283999999999999
9296,-7.7552091441854945,13.573999999999998
9297,-1.3259999999999998,11.811999999999998
9298,3.0559999999999996,9.787999999999998
9299,5.454,19.583999999999996
9300,-0.44000000000000056,20.636
9301,-3.2000000000000006,-5.525509055009754
9302,0.4275817116290119,13.984260206585713
9303,-5.332981546723336,9.468238724585579
9304,0.9319999999999997,1.9150184532766648
9305,1.5635452307944622,0.015051062400217852
9306,7.276226100754775,-3.8697612754144215
9307,3.0815452307944624,22.698
9308,11.988236654631805,7.7540336555953715
9309,-17.982981546723337,-4.234948937599782
9310,3.8999124543926085,-18.11698154672333
9311,-7.215773899245225,-8.629509055009752
9312,-5.441773899245225,-1.5580000000000012
9313,7.386790855814505,1.2739999999999998
9314,14.916,15.557999999999998
9315,1.5659999999999996,-6.3129489375997805
9316,14.092000000000002,19.11705106240022
9317,4.023999999999998,3.5910184532766634
9318,-6.661747779595332,-5.835966344404629
9319,3.1239999999999997,-3.85528502420875
9320,-2.240000000000001,20.342000000000002
9321,3.345999999999999,-14.60928502420875
9322,5.024790855814507,-2.8717477795953323
9323,7.581999999999999,-5.273739793414289
9324,3.0999999999999988,-8.372
9325,0.3272202713089136,6.279018453276666
9326,-0.41799999999999854,-3.4110222499270506
9327,-2.5419999999999985,2.234121201202762
9328,-12.976000000000003,8.962
9329,2.226,-23.642674947969514
9330,3.6819999999999995,10.333018453276662
9331,5.4399999999999995,2.3344888750364747
9332,7.278000000000001,-1.0519999999999983
9333,-4.448087545607391,-3.4720000000000013
9334,-1.6060000000000003,21.506
9335,0.09799999999999934,5.864
9336,-0.8020000000000003,8.40825222040467
9337,7.116236654631807,-8.089511124963527
9338,3.4620000000000006,1.9407149757912485
9339,6.7461191312489905,6.819018453276662
9340,11.536,1.0059999999999996
9341,-6.348000000000001,-3.2092509183778133
9342,-3.7400000000000007,2.7940000000000005
9343,3.9619999999999997,4.610714975791249
9344,1.4780000000000002,2.8042387245855784
9345,6.334,0.13628587600003925
9346,-1.832,-0.7537061378189158
9347,5.894,-17.83822133797773
9348,0.4582366546318063,-13.135739793414285
9349,-8.272981546723333,25.883999999999997
9350,8.782,2.7967149757912506
9351,-1.9082050689902073,-2.9360000000000013
9352,4.568236654631806,-0.18400000000000033
9353,15.56003690655333,-2.4700000000000015
9354,3.618,-13.867761275414423
9355,6.013882476617184,-0.9375111249635253
9356,9.785999999999998,7.2644888750364744
9357,11.393999999999998,12.715999999999998
9358,-6.362,10.039999999999997
9359,-5.781861444852616,8.668488875036477
9360,3.003912454392608,-2.7017766739967994
9361,6.938,4.808
9362,-18.026,-5.596947891127965
9363,0.9359999999999996,-11.421217713018004
9364,-4.5162025488008695,-6.471966344404625
9365,-8.294779728691086,1.9259999999999995
9366,-4.924,6.57403365559537
9367,1.326236654631807,7.089999999999999
9368,-1.5540000000000007,5.473311268985931
9369,2.369545230794462,-5.217747779595333
9370,5.021764953234369,0.7580336555953723
9371,3.567882476617185,-12.19249267168686
9372,5.998,21.014
9373,7.0699999999999985,5.352975182376964
9374,0.8962522204046678,-6.05094893759978
9375,-2.7079999999999993,9.747999999999996
9376,1.379545230794463,-10.388981546723338
9377,9.943999999999999,17.535999999999998
9378,-1.4182181145737316,-10.48694893759978
9379,4.081999999999999,11.357999999999999
9380,-7.458779728691087,10.329999999999997
9381,0.7462366546318068,21.302000000000003
9382,-2.4480000000000017,4.241999999999997
9383,5.38803690655333,13.553018453276664
9384,11.719999999999999,12.660121201202761
9385,4.322,23.804
9386,-8.206117523382815,7.717999999999999
9387,1.2360000000000002,-0.9079999999999984
9388,-0.3300000000000004,-3.1977397934142875
9389,9.876,2.955018453276664
9390,-7.252,-10.423285024208749
9391,5.71591245439261,25.868000000000002
9392,-2.090087545607393,12.975999999999999
9393,-0.12400000000000092,6.773999999999998
9394,0.6860000000000005,10.384238724585577
9395,14.516,26.735999999999997
9396,1.6899124543926085,-0.5695111249635246
9397,-19.472,36.602
9398,3.4339999999999997,-1.0740000000000027
9399,0.5622261007547754,-21.013272400377947
9400,-13.294779728691088,28.881999999999998
9401,-0.9329569237808262,-9.168
9402,-12.217835325202724,16.66
9403,-6.368,1.3902602065857124
9404,-7.833751458998423,5.737999999999998
9405,-6.494087545607391,-2.009618592211524
9406,2.3240000000000007,15.258260206585714
9407,-3.716,-7.169999999999999
9408,4.7299999999999995,12.532
9409,1.6700000000000006,25.898000000000003
9410,3.1000000000000005,-1.8499663444046288
9411,-0.4757738992452264,9.69
9412,-4.6579999999999995,-8.680948937599782
9413,0.5687908558145057,-2.5997612754144215
9414,-11.852,-11.42294893759978
9415,-3.8840000000000003,-10.896948937599783
9416,2.9902522204046678,14.056000000000001
9417,5.943999999999998,7.501018453276663
9418,5.969545230794462,-1.6979663444046298
9419,2.432,0.6139999999999979
9420,7.151027510446312,8.329999999999997
9421,-0.8580000000000003,2.0762602065857108
9422,3.357999999999999,4.702
9423,-5.392000000000001,8.340252220404668
9424,-3.2560000000000002,25.648000000000003
9425,-4.575773899245224,-29.727251368613373
9426,8.894,0.04651242699037965
9427,2.0919999999999996,9.108
9428,0.4619999999999985,7.243018453276662
9429,0.04200000000000017,2.939999999999999
9430,3.5142261007547746,-3.711024817623037
9431,-4.128,9.779999999999998
9432,-8.146,4.382
9433,15.282,-4.1799663444046296
9434,9.064,-23.80694893759978
9435,3.6095452307944607,-10.782000000000002
9436,-9.458779728691088,11.902
9437,7.973545230794461,3.9380336555953703
9438,-14.106,16.938
9439,5.5440000000000005,2.8300336555953707
9440,-5.877209144185494,2.194488875036476
9441,10.03425222040467,3.098
9442,15.751999999999999,9.783999999999999
9443,0.5839999999999993,-9.957739793414287
9444,-0.5875216788405566,3.9647149757912494
9445,-4.2355216788405565,24.518
9446,9.072000000000001,-1.2359663444046305
9447,7.388,12.957018453276666
9448,-12.673747779595331,-11.487999999999996
9449,-4.744087545607392,-12.756948937599782
9450,0.9935452307944616,-16.02950106882871
9451,2.2,3.13
9452,-2.402,-4.649739793414288
9453,-7.072,-4.132000000000001
9454,2.1159999999999997,-2.977761275414422
9455,14.427999999999997,-5.151285024208752
9456,4.081999999999999,-4.170000000000001
9457,10.457999999999998,-14.693032803804082
9458,0.20422610075477507,6.913999999999997
9459,-2.3137738992452257,-8.003727619819049
9460,1.4299999999999997,-1.9699999999999982
9461,-7.258,-10.208729326318668
9462,2.113999999999999,17.421999999999997
9463,-2.6980000000000013,-2.6160000000000023
9464,9.349999999999998,7.603052108872035
9465,2.3639999999999985,-16.59173979341429
9466,1.5279999999999994,-1.8319999999999994
9467,3.3340000000000005,8.75812120120276
9468,-4.216087545607391,10.067999999999998
9469,-22.355999999999998,12.675999999999998
9470,1.3299999999999996,15.854
9471,-10.782,-0.7492850242087506
9472,-7.772,-1.0617397934142878
9473,1.772000000000001,17.528
9474,9.229999999999999,2.096000000000001
9475,-6.015773899245225,17.595999999999997
9476,-0.04929668979288522,9.644
9477,1.5452202713089134,-6.404827736397019
9478,9.265999999999998,-22.535024817623036
9479,4.387999999999999,5.810033655595372
9480,-14.715773899245226,-11.765739793414289
9481,-0.1927797286910881,-5.544
9482,3.4019999999999997,-28.64947746936815
9483,1.8842522204046674,1.3907149757912491
9484,-3.904000000000001,24.422
9485,10.276,24.445999999999998
9486,1.8079999999999998,-3.524000000000001
9487,1.936,9.19626020658571
9488,0.003999999999999204,-5.575930484323117
9489,-2.1127797286910868,-10.308721340137623
9490,9.166149109024415,-8.051999999999998
9491,-1.8644547692055375,12.568
9492,6.429999999999998,-9.500948937599782
9493,2.5599999999999996,-20.83904629962317
9494,7.803999999999999,-6.587999999999999
9495,-1.7380000000000007,14.501051062400217
9496,5.2,16.389999999999997
9497,7.05,-2.8777477795953326
9498,-6.019209144185494,23.395999999999997
9499,2.0322522204046685,5.747999999999999
9500,-4.742981546723336,9.817999999999998
9501,6.208,-9.922309841831787
9502,2.5059999999999993,-7.604000000000002
9503,-9.288000000000002,12.571018453276665
9504,3.025882476617185,-7.765761275414422
9505,-6.697952848585539,2.296000000000001
9506,1.2100000000000004,-7.456
9507,1.2300000000000009,-6.137966344404629
9508,-7.709747779595332,0.4682522204046677
9509,2.4839999999999995,-9.105747779595333
9510,-6.014087545607391,5.7
9511,-1.1457738992452255,-4.7319999999999975
9512,7.250236654631806,15.123999999999999
9513,-7.142087545607391,-11.005878798797239
9514,5.2780000000000005,22.924
9515,8.522000000000002,6.325051062400218
9516,5.950000000000001,9.757999999999997
9517,-3.822087545607391,15.360252220404666
9518,-7.292,10.929018453276665
9519,3.275912454392608,6.228
9520,-2.729747779595331,6.043999999999998
9521,-0.9496392022233706,4.906000000000001
9522,-10.989999999999998,14.758000000000001
9523,1.5919999999999996,-2.520000000000001
9524,4.249882476617185,13.949999999999998
9525,-0.502,11.901999999999997
9526,8.867999999999999,-21.465999999999998
9527,2.8259999999999996,-12.080981546723335
9528,7.797999999999999,-6.206
9529,-0.40974777959533226,-8.450000000000001
9530,8.043018453276662,-10.067761275414423
9531,-4.192087545607391,10.985999999999999
9532,3.0990184532766647,-11.621739793414289
9533,-3.460175091214782,-0.6177477795953321
9534,0.7759999999999998,-3.400000000000001
9535,-2.437209144185493,6.868
9536,13.730236654631806,12.182033655595372
9537,-0.03400000000000016,-13.691999999999997
9538,-4.0040000000000004,2.088
9539,1.9818824766171848,1.319999999999998
9540,1.5919999999999999,-5.120729326318667
9541,10.348,0.37071497579124896
9542,-5.192,3.8982387245855783
9543,4.786,-12.297999999999998
9544,1.8512202713089139,1.1820000000000008
9545,8.069999999999999,-2.1478787987972368
9546,-0.12445476920553773,-6.566860345520574
9547,-1.4757477795953329,-4.169761275414425
9548,-7.438,-4.9399999999999995
9549,-2.3344547692055384,7.7780000000000005
9550,10.373999999999999,2.168260206585712
9551,-1.840000000000001,-0.9257276198190496
9552,-11.462981546723336,3.235303282804888
9553,5.234,-6.487761275414423
9554,11.984,-2.1817477795953324
9555,-11.414000000000001,10.532293862181085
9556,5.2780000000000005,-24.654
9557,0.39588247661718406,20.284
9558,4.33,6.529999999999999
9559,-2.6292091441854955,3.8644888750364728
9560,-4.033747779595331,-4.251747779595334
9561,-1.2900000000000005,5.1740336555953705
9562,-1.772000000000001,-3.4859999999999984
9563,10.104,-28.315747779595334
9564,1.8459999999999996,17.332
9565,0.8459999999999994,11.525999999999998
9566,0.2717713315492371,-1.5289489375997831
9567,-6.3740000000000006,0.021999999999999888
9568,1.4059999999999995,-11.649878798797237
9569,-5.912000000000001,0.7690510624002179
9570,-12.622000000000002,16.176
9571,3.2680000000000007,-16.865999999999996
9572,4.836790855814505,9.663999999999998
9573,-1.502779728691086,-10.392000000000001
9574,-3.0537633453681936,6.628
9575,1.6202366546318068,-21.053999999999995
9576,-0.5562050689902063,10.799999999999997
9577,7.044,7.3279999999999985
9578,-0.7699999999999996,26.462
9579,1.4460000000000006,-4.217511124963525
9580,-1.7260000000000002,-15.045739793414288
9581,-0.24723449789662358,-5.568981546723337
9582,-4.142,-5.335511124963525
9583,-3.8500000000000005,-21.07974777959533
9584,3.8390184532766654,4.188000000000001
9585,-3.1567797286910873,11.14071497579125
9586,7.579999999999998,-5.3434955591906625
9587,0.03223665463180651,1.2330184532766644
9588,0.7445636840711274,-11.83562657839257
9589,9.388,18.509999999999998
9590,2.869912454392608,-6.991966344404628
9591,7.261882476617184,13.504
9592,1.243999999999999,5.734
9593,5.389999999999999,14.410000000000002
9594,6.358,12.673999999999998
9595,-2.878000000000001,-6.202696717195113
9596,-9.602981546723337,-3.3476265783925685
9597,12.065999999999999,9.468
9598,5.0360000000000005,7.701999999999998
9599,10.370000000000001,4.873999999999997
9600,-6.00808754560739,16.983999999999998
9601,7.769882476617184,8.424033655595373
9602,-4.419999999999999,9.133999999999999
9603,-0.35298154672333626,9.07
9604,7.855999999999999,0.70226020658571
9605,8.043999999999997,-5.329285024208749
9606,-0.10077972869108613,25.032
9607,7.203999999999999,-18.997999999999994
9608,6.002,-19.68750106882871
9609,-0.658,20.625999999999998
9610,-0.08000000000000114,-18.1307102130142
9611,1.8962522204046686,19.974121201202763
9612,-4.003209144185494,-13.890981546723335
9613,7.952226100754774,15.303999999999998
9614,-11.916,-7.477046299623171
9615,5.042,0.31272759962205327
9616,0.18599999999999922,-2.0157612754144223
9617,0.4939124543926088,5.355999999999999
9618,-5.490087545607392,21.109999999999996
9619,1.0440000000000003,6.997999999999999
9620,0.61,-1.45
9621,12.828236654631809,13.555999999999997
9622,1.2819999999999996,9.274
9623,-7.901296689792884,2.644252220404669
9624,8.373999999999999,12.973999999999998
9625,6.619999999999999,-14.154796149172274
9626,-2.0017477795953313,-13.779739793414285
9627,2.8999999999999977,-1.7760000000000027
9628,5.680000000000001,-18.438014350527418
9629,-12.224,11.502488875036475
9630,-2.3857477795953317,-4.673966344404629
9631,3.1019999999999994,23.168
9632,-2.2569569237808245,-5.053511124963525
9633,-13.806000000000001,-3.6737612754144218
9634,1.723999999999999,8.609051062400221
9635,-2.088,6.6582602065857115
9636,-6.754000000000002,-4.646948937599781
9637,-11.621773899245223,11.46226020658571
9638,3.8900000000000006,23.196
9639,1.5220000000000007,-1.6631638230059864
9640,7.590000000000001,4.989018453276666
9641,3.9761491090244143,20.118
9642,-5.69,15.778714975791251
9643,-4.909999999999999,0.8271396544794278
9644,-16.619763345368195,1.5899999999999987
9645,-7.256,16.922
9646,6.548,-5.762981546723335
9647,3.311545230794463,-4.723706137818916
9648,3.5819999999999994,4.366121201202764
9649,8.508,7.369051062400219
9650,7.291999999999999,11.394252220404669
9651,-2.384779728691087,13.394714975791251
9652,-3.588000000000001,-0.3940000000000012
9653,-14.813209144185493,-1.0079999999999998
9654,-0.8964547692055381,2.876
9655,2.7999124543926084,-3.6997397934142895
9656,-4.500454769205538,-1.2960000000000007
9657,1.3739999999999999,-20.297511124963524
9658,-1.4820000000000004,16.12603365559537
9659,2.4639999999999995,10.758
9660,2.2578824766171843,20.131999999999998
9661,4.348236654631807,-12.781522550828843
9662,7.374,12.363018453276664
9663,-0.486000000000001,3.8639999999999994
9664,0.08199999999999932,10.505999999999997
9665,1.6220000000000003,-26.007878798797236
9666,0.9679999999999996,12.816000000000003
9667,-2.8804547692055373,-6.273501068828709
9668,-2.8844547692055387,18.836000000000002
9669,-12.234,-2.508
9670,2.5920000000000005,7.189999999999998
9671,-1.4200000000000006,5.457018453276664
9672,-3.2488672742984774,8.618238724585579
9673,0.7059999999999998,7.196121201202763
9674,13.183999999999997,-6.4879999999999995
9675,7.015016956569281,-7.017251368613378
9676,3.7139999999999986,-9.709747779595329
9677,2.2430184532766644,17.988488875036474
9678,-19.310000000000002,-9.954
9679,8.268000000000002,3.067999999999999
9680,-12.02,6.504238724585578
9681,-2.141209144185494,7.386
9682,0.23399999999999926,-9.929761275414421
9683,-5.289773899245226,-20.977285024208747
9684,1.767999999999999,-18.967999999999996
9685,9.302,10.120000000000001
9686,3.714,20.32
9687,5.582930907669272,11.960714975791252
9688,-7.212117523382815,-8.190000000000003
9689,4.1579124543926085,-15.362
9690,1.6320000000000001,-18.951999999999998
9691,7.24,3.001999999999999
9692,1.8680000000000008,3.847999999999999
9693,-3.418117523382816,-1.4669489375997817
9694,-1.74389142262804,-1.95
9695,-5.963773899245225,13.425999999999998
9696,2.8080000000000003,-1.4517612754144231
9697,-0.3560000000000002,-1.842000000000003
9698,-3.774,18.24
9699,0.17999999999999988,5.186
9700,-4.585999999999999,26.729999999999997
9701,0.7099999999999992,-5.496
9702,-0.23799999999999882,-14.489761275414423
9703,5.410252220404668,0.6120336555953714
9704,11.380790855814507,6.665999999999999
9705,11.658,26.85
9706,-1.191676980764988,10.250260206585711
9707,1.1222261007547751,21.377999999999997
9708,0.2979999999999999,-22.785250918377812
9709,-2.662,-9.56550106882871
9710,11.45,-11.863761275414422
9711,2.2119999999999997,-14.51976127541442
9712,4.444,-16.642710213014205
9713,-4.358,5.5120000000000005
9714,12.378,9.815999999999999
9715,1.2840000000000003,-24.310729326318672
9716,0.5338824766171849,11.673999999999998
9717,6.171999999999999,4.425051062400219
9718,6.235018453276664,-4.974000000000002
9719,4.004,0.3150521088720346
9720,4.192,4.082
9721,4.531999999999999,5.32976603819147
9722,6.14,1.1250184532766645
9723,-9.821747779595333,-10.287285024208751
9724,-6.0379999999999985,-3.709878798797238
9725,0.9459999999999994,4.3741212012027635
9726,5.689018453276664,-5.127487573009621
9727,-2.724,15.072000000000003
9728,-2.6720000000000006,4.438033655595371
9729,1.679999999999999,4.224121201202761
9730,-3.9060875456073925,-7.920000000000002
9731,4.869999999999999,-11.323389923760763
9732,3.3,0.26048887503647367
9733,-1.614,7.629999999999998
9734,1.9499124543926087,-4.683761275414421
9735,3.314,18.394
9736,-2.7920000000000007,3.330000000000001
9737,0.75,-12.069747779595334
9738,7.7170184532766655,-7.2777612754144245
9739,3.656,-18.949999999999996
9740,-5.186087545607392,10.773999999999997
9741,-16.074,14.644
9742,1.5119999999999991,8.27
9743,3.344,3.206000000000001
9744,3.933255107908471,-10.051878798797238
9745,-7.100000000000001,-6.424000000000002
9746,-0.6458653029781464,5.813999999999998
9747,0.7886733324316914,0.31248887503647393
9748,11.796,12.484
9749,-10.755307236977504,-27.29125136861338
9750,-2.1977738992452265,0.1052038508277235
9751,6.81,1.9739999999999995
9752,-20.020779728691085,15.735018453276663
9753,3.561999999999999,-8.248233961808532
9754,10.025545230794462,6.935999999999998
9755,6.617999999999999,9.097999999999999
9756,3.001912454392608,-0.9920000000000002
9757,2.7479124543926075,29.129999999999995
9758,-2.194,19.174
9759,-8.812000000000001,-11.257999999999996
9760,1.582,-18.52787879879724
9761,-2.3280000000000003,30.168
9762,-19.57554779849045,9.663999999999998
9763,8.266,-12.708981546723336
9764,-4.428,13.29648887503647
9765,-3.6727797286910864,-17.823999999999998
9766,-13.692000000000002,8.782000000000002
9767,-0.007663913391031585,1.4360000000000013
9768,-0.4035111249635249,-9.335747779595332
9769,9.630252220404667,-0.904948937599783
9770,-7.268000000000001,9.251999999999999
9771,1.0992202713089128,-12.097761275414422
9772,8.533545230794461,-8.158000000000001
9773,2.0462366546318065,14.598000000000003
9774,-11.219999999999999,-10.163966344404626
9775,-1.732087545607392,-8.69294893759978
9776,-7.654087545607392,-13.448000000000002
9777,-2.064000000000001,12.321018453276661
9778,-1.5980000000000003,12.266252220404667
9779,2.560000000000001,-10.971511124963524
9780,2.2840000000000003,-23.98525683460509
9781,6.914,-6.526000000000001
9782,0.6562366546318066,15.673999999999998
9783,0.558,12.282
9784,-0.6501175233828154,-0.24351112496352484
9785,4.504236654631806,-2.2970328038040817
9786,2.611999999999999,-1.6517477795953297
9787,-4.686087545607391,19.490000000000002
9788,-0.9057477795953307,12.042260206585713
9789,5.987912454392608,5.964121201202763
9790,0.5899999999999987,-7.4497612754144225
9791,-2.158000000000001,-0.17400000000000104
9792,-6.034779728691087,-6.2494875730096195
9793,-7.482000000000001,-12.44596634440463
9794,-3.020000000000001,19.222714975791252
9795,-5.354087545607392,8.515999999999998
9796,-6.778981546723337,-0.6340000000000003
9797,0.8979999999999991,3.6179999999999994
9798,-4.367747779595332,1.8859999999999992
9799,1.487999999999999,-1.5560000000000016
9800,-6.261209144185495,-7.949999999999998
9801,4.522,1.5022387245855788
9802,-8.462779728691087,3.4667149757912497
9803,-6.697747779595332,-9.127739793414287
9804,-1.5700000000000003,12.49
9805,8.732149109024416,7.922
9806,-1.0481175233828153,17.105999999999998
9807,3.6819999999999995,8.821999999999997
9808,-5.036,19.357999999999997
9809,6.541999999999999,-6.6689815467233355
9810,-15.063999999999998,7.736260206585714
9811,6.052,-0.8680000000000021
9812,-5.744,14.68305106240022
9813,1.6759999999999997,23.606
9814,4.465999999999999,1.49471497579125
9815,13.427220271308915,8.62471497579125
9816,-7.746779728691086,-3.4878787987972375
9817,-12.84608754560739,25.419999999999998
9818,-7.85,-3.2320000000000015
9819,-6.688,9.77071497579125
9820,10.308,-6.67596634440463
9821,10.431999999999999,20.306260206585712
9822,-3.663773899245224,13.15
9823,4.092,-8.325878798797238
9824,0.019999999999999664,1.7139999999999993
9825,9.26354523079446,-1.7099630934466732
9826,6.575999999999999,15.481051062400217
9827,1.6059124543926078,9.554714975791248
9828,-4.476,7.035999999999999
9829,-0.6379999999999999,2.4960336555953706
9830,4.182,-2.8557397934142896
9831,-7.292,14.975999999999999
9832,0.571102747926098,-3.9617397934142886
9833,7.609882476617183,-15.281999999999993
9834,4.472236654631807,-14.589761275414423
9835,9.98,-4.115878798797238
9836,-0.8064547692055385,2.4799999999999995
9837,5.409999999999998,10.366
9838,-1.85,22.704
9839,-1.7517477795953311,8.858033655595374
9840,0.9462522204046685,-2.2699663444046267
9841,9.276,-5.5698787987972365
9842,9.863999999999999,3.783999999999999
9843,-4.590000000000001,4.317733429067914
9844,-1.8440000000000005,-10.031389923760761
9845,-2.758,0.8110184532766631
9846,-1.9277477795953324,-16.52269671719511
9847,2.448236654631806,-1.0512850242087495
9848,12.928,4.316
9849,-2.2300000000000004,-5.691761275414422
9850,-0.03399999999999999,-1.602000000000002
9851,7.543999999999999,27.95
9852,5.354,-0.049999999999997866
9853,5.202,-0.6440000000000005
9854,6.83,22.502
9855,-3.4180000000000006,0.2651722636029817
9856,-0.27400000000000035,-1.024000000000001
9857,13.979912454392608,9.204238724585576
9858,1.4150275104463126,-1.14
9859,10.592000000000002,-22.21572761981905
9860,-15.85,1.927999999999999
9861,1.032,0.67717226360298
9862,-5.597999999999999,4.836
9863,-1.2260000000000013,-15.26796634440463
9864,2.4282366546318066,-15.63
9865,6.817220271308914,-1.0448277363970178
9866,-4.950897252073901,11.186
9867,6.295999999999999,5.874252220404668
9868,-1.3059999999999998,-11.993739793414289
9869,-1.4960000000000004,-0.6900000000000013
9870,6.0200000000000005,-10.084000000000003
9871,-1.1999999999999997,-3.63187879879724
9872,-7.631234497896624,-15.27976127541442
9873,4.075999999999999,-11.553739793414286
9874,-2.4829724895536875,-0.6280000000000001
9875,7.894,21.544
9876,-8.569999999999999,16.386
9877,1.6700000000000004,-3.3702339618085304
9878,-8.701773899245223,16.368
9879,2.2018093090911703,11.696
9880,-7.911999999999999,-5.635999999999998
9881,10.113018453276663,12.916
9882,-9.054541004105507,-11.245618592211525
9883,3.3621346970218533,5.298036906553326
9884,0.8190275104463133,-6.8239630934466735
9885,-0.7560000000000002,5.936714975791249
9886,5.881999999999999,-0.5769815467233365
9887,-3.0252091441854945,2.040252220404667
9888,-1.05,16.548
9889,-8.458,21.523051062400217
9890,-0.9981175233828152,1.516488875036474
9891,11.629999999999999,-2.908796149172273
9892,4.659999999999999,13.216714975791252
9893,-0.43808754560739194,-13.489897875199564
9894,-7.238779728691085,10.170121201202765
9895,5.915999999999999,-15.56928502420875
9896,-6.942000000000002,26.875999999999998
9897,-3.4160000000000004,-4.304981546723338
9898,3.584790855814505,0.360836176994013
9899,-9.006779728691088,22.786
9900,-4.246,-5.092000000000001
9901,3.4872202713089147,-10.814000000000004
9902,9.429999999999998,-5.078000000000002
9903,2.632,4.100714975791251
9904,2.79,-9.23976127541442
9905,-0.6497633453681928,19.2
9906,-2.166000000000001,13.074000000000002
9907,6.565545230794461,6.129051062400218
9908,6.043999999999999,-10.262721340137624
9909,-2.5189815467233356,-1.5880000000000016
9910,13.387882476617184,5.277999999999999
9911,5.091999999999999,4.777999999999999
9912,5.5280000000000005,-8.780981546723334
9913,2.4819999999999993,1.6519999999999981
9914,2.588,16.509999999999998
9915,-3.308,-18.885445931233203
9916,-5.924000000000001,-14.749966344404626
9917,-3.2600000000000007,-15.875250918377812
9918,4.7762366546318065,29.226
9919,1.1001346970218528,9.527999999999997
9920,8.966,18.002
9921,6.893018453276665,-4.840947891127965
9922,-1.8359999999999999,24.959999999999997
9923,3.0439999999999996,-23.823706137818913
9924,2.5830184532766642,5.558
9925,-6.379069092330727,-2.466
9926,6.869999999999999,-4.176
9927,6.652790855814506,0.1
9928,0.9260000000000004,5.824260206585711
9929,5.9879999999999995,12.843018453276665
9930,5.122,28.368000000000002
9931,4.1739999999999995,-6.4319999999999995
9932,3.8762522204046688,12.096
9933,4.066000000000001,11.969018453276664
9934,-2.512527508286418,-9.753501068828708
9935,3.2019999999999995,12.734033655595372
9936,-5.120087545607392,5.600252220404668
9937,5.0760000000000005,22.779999999999998
9938,-4.956553627936311,-0.4977477795953334
9939,-4.002981546723335,-20.126003796650387
9940,2.5342366546318065,-7.629966344404629
9941,-4.242981546723335,15.039999999999997
9942,0.35588247661718525,4.56
9943,6.648000000000001,-2.6620000000000017
9944,14.540000000000001,2.2660000000000005
9945,-7.907999999999999,-2.430000000000002
9946,5.6240000000000006,-17.686827736397017
9947,-8.816,-10.515130167410614
9948,0.5578824766171847,7.515999999999998
9949,-0.7519999999999992,14.546000000000001
9950,-9.430542314812929,12.110033655595371
9951,-10.431747779595332,-0.18774777959532826
9952,-4.746779728691086,-9.117739793414287
9953,10.623999999999999,-2.02328502420875
9954,3.373545230794462,-8.143285024208748
9955,-9.842,-2.7800000000000002
9956,0.6399999999999999,-22.96772761981905
9957,-1.2933266675683088,8.091999999999999
9958,9.489999999999998,8.099999999999998
9959,-1.2220000000000006,14.395999999999997
9960,-10.942779728691088,29.643999999999995
9961,-4.986,5.316
9962,-4.74,-0.1460000000000008
9963,-2.73,4.813172263602981
9964,1.2579999999999996,2.989999999999999
9965,-4.164000000000001,7.016
9966,4.573882476617184,29.365999999999996
9967,-6.336,4.775999999999998
9968,5.264000000000001,17.913999999999998
9969,-5.606000000000002,10.459999999999997
9970,3.4179999999999993,18.25
9971,-7.514454769205538,-0.190000000000002
9972,0.1740000000000002,6.589018453276665
9973,2.3980000000000006,-12.87176127541442
9974,5.075999999999999,-10.854000000000003
9975,-19.985209144185497,-10.007761275414424
9976,1.7339999999999993,19.950252220404668
9977,4.742,-8.876000000000001
9978,6.336790855814506,3.425051062400219
9979,0.47214910902441554,5.146238724585578
9980,7.172699410018389,15.258714975791246
9981,0.9547908558145053,8.896260206585714
9982,-3.052000000000001,-1.8859999999999957
9983,0.8799999999999983,-9.355761275414421
9984,-1.8479999999999996,-29.14698154672334
9985,-5.777999999999999,21.976
9986,6.391999999999999,6.103999999999998
9987,11.358236654631805,2.404121201202763
9988,8.963999999999999,-10.765999999999996
9989,2.1300000000000003,-0.9292850242087504
9990,6.826252220404669,5.332000000000001
9991,4.031999999999999,-1.7020000000000004
9992,8.825882476617185,7.18
9993,-10.458779728691088,19.996
9994,-9.100981546723336,-6.267999999999999
9995,-0.31477972869108656,-4.549878798797238
9996,-2.7040000000000006,-9.315761275414422
9997,19.141220271308914,-2.0817477795953327
9998,5.805999999999999,6.1640336555953725
9999,11.797882476617186,-15.113761275414424
10000,1.2530184532766646,0.18025222040466674
10001,-1.3220000000000005,16.478
10002,-4.585773899245224,14.810260206585713
10003,3.8919999999999986,-4.1579999999999995
10004,5.172,-22.933024817623036
10005,2.892,-22.92474282213776
10006,-3.5281175233828153,-0.7740000000000009
10007,-3.2287797286910873,-8.82972761981905
10008,2.2059999999999986,5.96471497579125
10009,2.5859999999999994,7.49305106240022
10010,7.407999999999999,14.924000000000001
10011,-7.16086727429848,0.8599999999999994
10012,6.831999999999999,10.064000000000002
10013,1.5139999999999998,-1.8515111249635254
10014,-12.728,6.092260206585712
10015,8.326,-14.208915282004407
10016,6.455999999999999,15.509999999999996
10017,-10.73655362793631,2.339999999999999
10018,5.656000000000001,-24.163999999999998
10019,2.563999999999999,7.583999999999999
10020,8.270236654631805,-2.862000000000004
10021,2.4779999999999998,-13.669739793414289
10022,6.545999999999999,-3.4895111249635264
10023,5.1198824766171835,-3.959897875199561
10024,5.201018453276665,9.789999999999997
10025,13.585882476617183,-13.793285024208751
10026,6.754,16.567051062400218
10027,0.5420000000000001,5.872033655595372
10028,0.5239999999999988,-14.979495559190662
10029,10.249999999999998,12.901999999999997
10030,0.06422610075477486,2.1759999999999993
10031,10.804,-0.4909815467233365
10032,1.4219999999999993,-3.743739793414291
10033,10.565999999999999,-22.073727619819046
10034,4.370000000000001,-3.9397477795953337
10035,0.04879085581450617,-24.628981546723335
10036,1.2039999999999988,-3.6932850242087505
10037,2.1719999999999997,-22.62350106882871
10038,0.8427908558145066,19.346
10039,8.436,15.796000000000001
10040,4.212000000000001,6.264488875036474
10041,-6.295999999999999,11.748000000000001
10042,-7.388117523382816,-16.891032803804077
10043,0.9840000000000003,-8.679739793414289
10044,4.867999999999999,12.057999999999998
10045,3.776,-15.096696717195112
10046,-0.7180000000000003,-8.52773979341429
10047,-0.43599999999999994,0.2941212012027627
10048,6.781882476617184,9.561999999999998
10049,-6.395209144185495,-8.38187879879724
10050,3.411999999999999,-10.038000000000002
10051,9.524000000000001,-22.33764007421166
10052,-0.3040875456073916,-1.5851638230059877
10053,0.8060000000000006,5.210121201202763
10054,-1.3679999999999999,-3.6509815467233366
10055,-9.283495559190664,-0.4640000000000022
10056,5.7719999999999985,-6.032000000000001
10057,-1.5489815467233345,-5.528000000000004
10058,4.578,-1.6340000000000003
10059,-13.968,11.573051062400218
10060,0.7202522204046687,3.9679999999999986
10061,-1.9307797286910862,-17.288696717195116
10062,12.901999999999997,9.540121201202762
10063,9.670236654631804,-15.74528502420875
10064,5.520236654631805,-19.260981546723336
10065,2.4299999999999997,2.2699999999999996
10066,3.209018453276664,15.536000000000001
10067,4.036,14.511999999999997
10068,4.754,1.15403365559537
10069,-2.03,0.16638140778847585
10070,4.384,3.904000000000002
10071,2.1559124543926087,2.8020336555953707
10072,7.044900929893849,-16.247761275414422
10073,-0.43600000000000083,-3.968000000000001
10074,-3.3059999999999987,26.668
10075,1.126,8.329999999999998
10076,4.494,6.8759999999999994
10077,-5.4492091441854935,2.81
10078,-7.028000000000001,-1.367999999999999
10079,6.502,18.18812120120276
10080,0.9242522204046679,5.859999999999998
10081,-1.8697738992452255,-1.3760000000000012
10082,-7.1819999999999995,12.205999999999996
10083,10.170790855814506,2.3199999999999994
10084,3.3952202713089124,4.028121201202764
10085,4.607809309091171,24.342000000000002
10086,-3.201999999999999,-3.7599999999999967
10087,-5.186,3.864252220404667
10088,4.239999999999999,-2.62776127541442
10089,16.019999999999996,13.001999999999999
10090,13.788,-0.6420000000000009
10091,2.1902261007547743,18.944
10092,-3.825891422628041,6.848488875036475
10093,-8.236981546723335,-9.225761275414422
10094,5.1579999999999995,-14.272742822137758
10095,-10.484000000000002,9.697999999999999
10096,7.622236654631806,-6.017761275414422
10097,1.2440000000000002,4.074
10098,0.9519999999999996,9.422
10099,-1.8064547692055382,1.6107149757912516
10100,0.5620000000000005,4.070260206585712
10101,9.847999999999999,-15.081511124963521
10102,-2.2359999999999998,7.7380336555953715
10103,7.1202522204046685,-12.211930484323116
10104,2.772,-11.712
10105,4.644,5.519999999999999
10106,5.322,7.447999999999999
10107,0.48399999999999965,16.619999999999997
10108,0.5220000000000006,-19.280981546723336
10109,-1.4840000000000007,17.16705106240022
10110,-0.2279999999999996,10.374488875036475
10111,-14.838,5.0879999999999965
10112,1.429999999999999,-3.6962339618085287
10113,0.6899999999999995,10.361999999999998
10114,12.591999999999999,3.930714975791249
10115,-2.1024547692055378,-15.36144381377278
10116,0.38800000000000007,15.014
10117,6.623018453276664,2.509999999999998
10118,9.533999999999999,-4.78996634440463
10119,-5.192,4.965999999999999
10120,3.5072202713089133,-3.1458787987972365
10121,3.5322522204046685,14.677999999999997
10122,8.851999999999999,6.395999999999997
10123,-9.707747779595332,1.6161021248004388
10124,5.658,-9.875761275414423
10125,6.344252220404669,8.032
10126,7.211999999999999,-0.9140000000000015
10127,8.161018453276665,0.29000000000000076
10128,7.329018453276663,-9.386981546723334
10129,-19.927999999999997,-2.9460000000000006
10130,-6.08,6.0522602065857125
10131,14.717220271308912,7.7319999999999975
10132,3.6862261007547743,-10.900000000000002
10133,9.901912454392608,-9.99074282213776
10134,8.169999999999998,6.640000000000001
10135,-0.2859999999999999,-10.505739793414289
10136,1.5499999999999994,5.116000000000001
10137,10.41,20.323999999999995
10138,-0.7177477795953312,6.824238724585577
10139,-7.304,14.966
10140,-7.492,6.895999999999998
10141,-1.2157477795953315,-6.870981546723338
10142,0.7899124543926082,10.12803365559537
10143,9.185664362043452,8.37212120120276
10144,-3.700087545607392,12.032488875036474
10145,4.577999999999999,-2.111761275414422
10146,-3.3585358117538036,3.215051062400218
10147,1.150252220404669,-5.559618592211526
10148,8.34,2.2360000000000007
10149,8.980790855814506,-9.009723941999102
10150,-0.5397738992452255,15.518252220404667
10151,12.838,-3.5717477795953316
10152,9.073882476617186,18.896
10153,-1.3887797286910863,6.933999999999999
10154,8.169999999999998,-7.3
10155,-6.564,12.112033655595372
10156,-1.1060000000000003,11.728238724585578
10157,2.843999999999999,11.572
10158,-1.8099999999999994,10.738033655595371
10159,-7.9140000000000015,8.128488875036473
10160,4.473999999999999,-0.0730462996231708
10161,-3.1537477795953315,-15.37849267168686
10162,-4.486000000000001,4.2404888750364735
10163,7.8835452307944625,0.7300000000000004
10164,-5.574,-26.33776127541442
10165,-3.2887554459685604,-5.196
10166,-4.841747779595332,17.268
10167,-3.6860000000000013,1.116252220404668
10168,-10.208981546723335,12.154
10169,12.465999999999998,-5.513966344404627
10170,1.7030184532766648,5.922
10171,-2.752,7.57
10172,15.756,-2.3189489375997803
10173,13.101999999999999,26.724
10174,9.565999999999999,-11.477285024208747
10175,4.119999999999999,-0.8860000000000007
10176,0.5139999999999996,5.085311268985931
10177,1.5459999999999998,-3.0240000000000022
10178,-17.523880868751007,-4.24
10179,4.503220271308914,33.288
10180,5.665018453276664,9.347999999999999
10181,0.5159999999999993,-3.9769815467233345
10182,2.9830184532766646,12.774252220404666
10183,-1.1064547692055384,-5.313930484323116
10184,6.409999999999999,17.64226020658571
10185,12.024,7.882033655595372
10186,0.45679085581450546,-4.348000000000001
10187,4.1530184532766645,6.799999999999999
10188,-9.183891422628038,2.0350184532766633
10189,5.836,-7.412000000000001
10190,-3.004228668450763,-7.106
10191,3.0310184532766646,-6.334915282004408
10192,2.2199999999999998,1.2000000000000006
10193,-4.292087545607392,-11.243511124963524
10194,1.536,13.588
10195,4.708,-9.210981546723339
10196,-0.7560000000000002,-10.207739793414287
10197,3.3200000000000003,-6.626
10198,3.3662366546318068,-0.07551112496352559
10199,-10.356981546723336,3.1380336555953714
10200,-5.116,-11.230000000000002
10201,6.75,6.5059999999999985
10202,16.455999999999996,-7.684948937599782
10203,-2.796087545607392,8.81603365559537
10204,6.75,8.752293862181084
10205,6.368236654631807,8.402488875036473
10206,9.001999999999999,-1.5389489375997811
10207,14.872,17.684488875036475
10208,-0.16777389924522482,11.943999999999999
10209,-6.51,19.422
10210,-4.542087545607393,4.276252220404668
10211,-2.971763345368193,11.580000000000002
10212,-3.4879999999999995,-5.3457477795953325
10213,20.744236654631806,4.5059999999999985
10214,2.1199999999999997,11.315999999999997
10215,-0.5764547692055373,-7.8420000000000005
10216,-4.518000000000001,-7.003761275414422
10217,0.11988247661718461,-14.625626578392566
10218,-5.444000000000001,-5.664000000000002
10219,-8.862454769205538,-12.268000000000004
10220,-5.003747779595331,-4.2540000000000004
10221,8.341018453276664,15.635999999999996
10222,-3.6478808687510096,-4.673511124963527
10223,-8.27254231481293,-1.411024817623037
10224,5.963999999999999,3.0439999999999996
10225,3.3339999999999987,-0.04000000000000057
10226,2.1479999999999997,16.977051062400214
10227,2.194,-18.945739793414287
10228,-2.504,13.080252220404665
10229,-6.618553627936312,3.475999999999997
10230,10.764,-2.4580000000000015
10231,0.029999999999999007,14.636
10232,-9.552,0.7300000000000011
10233,0.02600000000000069,16.340121201202763
10234,1.4399999999999997,-14.994000000000003
10235,3.4319999999999995,-9.83573979341429
10236,-1.996,18.806
10237,-1.2040000000000002,3.8842602065857124
10238,-0.8362050689902063,12.27471497579125
10239,3.8379999999999996,7.637999999999998
10240,2.3320000000000003,23.903999999999996
10241,-4.5600000000000005,6.727051062400217
10242,-7.140000000000001,-3.3749815467233355
10243,2.025882476617184,13.09871497579125
10244,-1.8457738992452246,-9.219272400377948
10245,-3.104000000000001,11.556
10246,-0.39600000000000096,15.501999999999999
10247,6.409999999999998,6.5082602065857085
10248,-3.256972489553688,17.55426020658571
10249,-1.5280000000000005,-3.9900000000000007
10250,1.3779999999999994,-16.546981546723337
10251,6.044790855814505,22.55
10252,5.696,3.9839999999999995
10253,-2.4327797286910857,-9.841999999999999
10254,8.226,-0.8540000000000021
10255,-9.067747779595333,11.483018453276664
10256,11.373999999999999,17.209999999999997
10257,4.461999999999998,13.724
10258,-2.8977738992452253,4.906260206585711
10259,6.572,17.534
10260,5.795999999999999,23.707051062400218
10261,-12.058,3.7721212012027614
10262,-3.7779999999999996,11.788
10263,-0.08577389924522505,21.011999999999993
10264,1.8159999999999996,-35.71562657839257
10265,9.559999999999999,13.164000000000001
10266,-5.070000000000001,-6.545739793414287
10267,8.847999999999999,-14.862
10268,3.3919999999999995,2.919270673681332
10269,7.0040000000000004,-3.7480000000000024
10270,1.0299999999999998,1.2359999999999993
10271,-12.425999999999998,-8.117878798797237
10272,3.483999999999999,1.3924888750364748
10273,0.647472491713582,-8.771966344404628
10274,2.7072202713089135,15.786488875036474
10275,-1.268,-10.015966344404628
10276,1.806226100754775,-4.893878798797237
10277,6.431882476617185,-3.8799663444046275
10278,8.024000000000001,-8.49596634440463
10279,1.8039999999999998,-19.415522550828843
10280,2.9202261007547756,0.07448887503647512
10281,-4.554542314812929,9.168
10282,-7.554106396259397,4.720000000000001
10283,15.018,15.892
10284,-11.828,-18.455932688809256
10285,4.416119131248991,23.759999999999998
10286,-3.9232091441854946,-0.1598787987972372
10287,-5.426779728691086,-0.10494893759978155
10288,-5.522,2.1199999999999988
10289,-8.311747779595333,18.453999999999997
10290,6.1979999999999995,13.38003365559537
10291,2.4110184532766645,6.864
10292,5.92,-4.555511124963524
10293,-4.531773899245225,-16.53679614917227
10294,7.0760000000000005,-10.53702224992705
10295,-2.2880875456073917,12.398
10296,-1.1519999999999997,-2.1028277363970185
10297,1.2907908558145058,0.8540369065533284
10298,-2.124,-0.24294893759978037
10299,4.203882476617183,2.7120000000000024
10300,3.5235452307944635,16.31
10301,-7.44374777959533,-12.859761275414423
10302,8.267999999999999,11.682121201202762
10303,-8.464,22.574
10304,-4.693763345368194,0.06399999999999775
10305,-1.1920875456073914,16.656
10306,-1.1640000000000004,7.100238724585577
10307,9.854,-8.714
10308,-1.9202286684507635,-0.7335111249635254
10309,-3.9420875456073916,-2.2777397934142884
10310,-0.9560000000000002,5.214000000000001
10311,0.03399999999999963,-2.671747779595331
10312,-5.624117523382816,20.497999999999998
10313,-3.6400000000000006,-8.711739793414285
10314,10.12754523079446,-3.336000000000002
10315,2.8479999999999994,2.808
10316,-8.261999999999999,16.531018453276662
10317,-7.9977738992452245,-1.126948937599782
10318,-0.3557477795953325,14.712
10319,0.48679085581450554,-1.3469815467233377
10320,2.5199999999999987,0.22599999999999626
10321,-3.044779728691087,13.613999999999999
10322,-0.4799999999999997,17.524
10323,-4.854454769205537,-0.8239663444046286
10324,14.945999999999998,10.505999999999997
10325,-0.8192966897928855,-2.331285024208749
10326,-1.1964547692055376,-21.935618592211522
10327,-0.8620000000000001,5.478
10328,-1.0180000000000002,-0.6609489375997804
10329,12.14,19.136
10330,1.4480000000000004,5.505289786985797
10331,6.136252220404668,-3.036948937599783
10332,2.054,2.2999999999999994
10333,7.477882476617185,23.146
10334,0.0614724917135824,4.115051062400217
10335,17.977882476617186,13.15
10336,-2.0,1.1482387245855776
10337,5.81,-0.6338787987972394
10338,-8.318000000000001,8.255999999999997
10339,-5.581773899245226,-6.8774090001630865
10340,6.143999999999999,2.208033655595371
10341,4.719999999999999,-15.203389923760762
10342,4.698,5.02812120120276
10343,-6.145511124963524,21.662
10344,0.08425222040466877,-3.5027293263186676
10345,0.5194576851870709,-8.055878798797238
10346,-1.7547797286910871,8.639999999999999
10347,-4.4941063962593955,4.244121201202763
10348,-3.680000000000001,10.613999999999997
10349,-0.5384547692055377,1.4359999999999977
10350,1.5922522204046685,14.139051062400219
10351,1.97,14.462714975791249
10352,-1.8989822774919545,4.885999999999999
10353,2.009912454392609,5.769999999999999
10354,-6.272,28.396000000000004
10355,-1.5660875456073915,3.107999999999999
10356,15.045999999999998,10.87871497579125
10357,-4.52162479022081,-12.780827736397018
10358,6.925999999999999,15.722
10359,1.4401191312489925,-18.873739793414284
10360,12.487018453276665,-0.2240000000000002
10361,1.4099999999999997,-1.3214795868285762
10362,3.6879999999999997,2.478000000000002
10363,2.7060000000000013,5.184714975791249
10364,3.5200000000000005,-21.023251368613376
10365,7.0120000000000005,4.935999999999998
10366,8.346,15.547999999999996
10367,9.004,13.163999999999998
10368,-20.03974777959533,-6.2058787987972375
10369,-3.84,6.436
10370,7.037999999999999,-13.288
10371,2.1898824766171843,-4.714742822137758
10372,-12.013773899245225,-8.198
10373,-2.4627797286910864,-3.218981546723337
10374,8.997882476617185,-12.50776127541442
10375,-1.2720000000000007,-0.6139663444046285
10376,7.561999999999998,10.985999999999995
10377,-2.142,8.276252220404668
10378,-6.5317477795953325,-3.4797612754144227
10379,3.3160000000000003,-8.947761275414422
10380,-3.204087545607391,-10.003046299623168
10381,8.347220271308913,6.515999999999998
10382,-3.802000000000001,19.384
10383,-3.4939999999999998,20.098
10384,7.963999999999999,-11.739739793414287
10385,7.5040000000000004,-5.460981546723336
10386,0.019545230794461955,9.187999999999999
10387,-5.9479999999999995,-0.5073899237607641
10388,0.6019999999999989,-6.133761275414422
10389,-2.5840000000000005,-14.491878798797236
10390,3.2159999999999997,-5.1540000000000035
10391,-18.0288972520739,-3.0152850242087488
10392,3.818,-2.4360000000000026
10393,-0.6157477795953312,13.561999999999998
10394,-4.140000000000001,19.624000000000002
10395,-5.158000000000001,10.018238724585578
10396,-1.05475544596856,26.915999999999997
10397,-0.75,24.437999999999995
10398,4.4319999999999995,27.641999999999996
10399,-7.468779728691087,7.816
10400,5.090790855814506,-14.718
10401,-1.7509815467233358,11.744252220404668
10402,-4.691999999999999,-12.200000000000003
10403,-3.8120000000000003,26.076
10404,-8.197999999999999,18.86
10405,-1.6009704195999164,9.543999999999997
10406,3.567999999999999,-21.67174777959533
10407,1.4999999999999993,-13.228536392822127
10408,-2.8537477795953317,4.168
10409,-0.36906909233072654,-12.798000000000004
10410,4.497999999999999,2.3679999999999977
10411,-3.351209144185494,7.6859999999999955
10412,-3.906,-0.8069489375997826
10413,-0.8769815467233351,-1.247966344404628
10414,5.360236654631806,3.887999999999997
10415,0.55,-4.2568277363970175
10416,-1.9039999999999992,-10.923511124963527
10417,0.9039999999999985,7.114
10418,2.7479124543926075,-39.628
10419,-1.6380875456073916,-4.267878798797239
10420,-0.7760000000000005,6.019999999999999
10421,3.1399124543926087,-22.34528502420875
10422,-1.7962181145737304,21.284714975791253
10423,-1.6727797286910864,21.98
10424,5.098,11.951999999999996
10425,-4.847835325202722,5.579999999999999
10426,-0.26200000000000057,4.557999999999997
10427,3.225999999999999,-0.2969489375997824
10428,-10.084,1.8120000000000005
10429,-6.76174777959533,-2.2860000000000005
10430,-2.4677738992452247,-20.087999999999997
10431,-12.874779728691086,17.94
10432,0.4039999999999996,13.907999999999998
10433,-2.5140000000000007,-7.291495559190662
10434,7.422,21.086
10435,11.316226100754774,-29.01928502420875
10436,-12.418000000000001,3.783999999999998
10437,4.273999999999998,-1.660000000000003
10438,-6.676,-5.065747779595333
10439,-5.717209144185494,3.9690184532766635
10440,-17.690000000000005,20.083999999999996
10441,-12.774117523382817,-10.466000000000001
10442,4.823882476617184,0.11200000000000329
10443,-3.622000000000001,-4.857878798797238
10444,-2.184117523382816,6.377999999999998
10445,7.590000000000001,11.374121201202763
10446,1.0219999999999998,11.23
10447,3.8242366546318065,-8.547511124963526
10448,0.37354523079446195,5.67203365559537
10449,17.03,19.759999999999998
10450,11.959999999999999,25.854000000000003
10451,4.145999999999999,0.7683814077884741
10452,-1.5258508909755855,2.669999999999999
10453,7.428,-0.0020000000000003127
10454,-2.476,11.613999999999999
10455,-0.8641175233828158,-16.442
10456,6.51,-2.5000000000000027
10457,10.695912454392609,-10.600729326318667
10458,-2.588,22.494000000000003
10459,-4.578,-3.6135111249635274
10460,-1.2187797286910869,18.458
10461,3.5159999999999996,3.313999999999999
10462,0.955882476617185,16.462
10463,-4.956454769205538,9.642033655595373
10464,-4.978,1.597999999999999
10465,11.786,-0.4077612754144219
10466,-15.714000000000002,-19.256696717195116
10467,4.523018453276665,2.7859999999999987
10468,9.097999999999997,21.413999999999998
10469,6.816,9.696488875036474
10470,3.206149109024415,-5.053966344404627
10471,3.6759999999999993,6.657999999999999
10472,-2.336,15.492033655595373
10473,-2.4539999999999997,16.232
10474,-3.964,0.5013032828048871
10475,-3.2600000000000007,8.162121201202762
10476,-6.312981546723336,-3.9158787987972374
10477,0.19399999999999978,-25.50094893759978
10478,9.772236654631806,2.2419999999999987
10479,-5.380779728691087,5.80071497579125
10480,9.297999999999998,11.690260206585709
10481,4.239999999999999,9.293999999999999
10482,13.675999999999998,17.198
10483,10.98,-13.763761275414424
10484,-0.6820000000000007,3.919999999999999
10485,-3.8200000000000003,20.865999999999996
10486,-2.884,-4.084000000000001
10487,0.5062261007547747,1.248067311190742
10488,4.746,-6.613511124963526
10489,0.37022610075477475,-6.712460062563307
10490,-4.426454769205538,7.564238724585577
10491,10.76,-2.735999999999997
10492,-9.287747779595332,-19.571999999999996
10493,-11.192,3.2211722636029796
10494,2.770336086608969,-3.308000000000001
10495,-0.3779999999999998,-21.371285024208753
10496,5.137018453276665,8.274488875036473
10497,3.298252220404669,13.219999999999999
10498,-6.307763345368193,6.2799999999999985
10499,-4.522,-2.628000000000001
10500,-0.5799999999999995,13.72603365559537
10501,1.6239999999999992,13.679999999999998
10502,3.687999999999999,1.1062387245855774
10503,5.761999999999999,-1.7980000000000005
10504,2.1399999999999997,26.612000000000002
10505,5.021018453276665,5.650033655595372
10506,17.45,19.224
10507,9.769882476617184,23.416000000000004
10508,-3.2960000000000003,-4.170000000000002
10509,-4.595747779595331,-10.462000000000002
10510,-5.6017738992452255,18.121999999999996
10511,-0.06645476920553843,-9.801626578392568
10512,5.727999999999999,-19.873033675792364
10513,6.5920000000000005,15.222
10514,8.514,6.413999999999999
10515,-1.3041175233828146,-17.07
10516,-19.774,-6.270000000000001
10517,-2.900454769205538,-1.457761275414422
10518,-7.453999999999999,1.3604888750364743
10519,7.483999999999999,-4.863878798797236
10520,18.604,16.387999999999998
10521,-5.818779728691085,12.35203365559537
10522,9.588,28.665999999999997
10523,7.113999999999999,16.752
10524,6.1542366546318075,13.008252220404668
10525,1.876,-5.6129478911279636
10526,-19.187773899245222,7.496
10527,13.555999999999997,-5.968000000000002
10528,0.7979999999999997,9.999999999999996
10529,-9.497773899245226,6.411051062400219
10530,-2.436454769205538,10.494252220404668
10531,-0.4919999999999998,5.4959999999999996
10532,-2.4720000000000004,5.241999999999997
10533,-5.320000000000001,10.269018453276663
10534,-4.856087545607391,4.831999999999999
10535,-6.404000000000001,10.187999999999999
10536,-5.040000000000001,9.090238724585578
10537,-3.8867797286910872,10.063999999999997
10538,-1.3960000000000008,7.837999999999998
10539,-5.584454769205538,9.109999999999998
10540,8.967912454392609,16.855999999999998
10541,-2.5260000000000007,1.6860000000000006
10542,-1.1940000000000002,-0.4599999999999994
10543,15.246236654631806,-7.081272400377946
10544,6.522,2.5250184532766644
10545,2.247999999999999,13.40701845327666
10546,12.005999999999998,23.621999999999996
10547,0.23199999999999932,-9.22128502420875
10548,-2.104779728691087,11.606260206585713
10549,9.308,7.723999999999998
10550,11.937545230794461,-12.145747779595332
10551,-7.2742025488008695,21.428
10552,-1.8029815467233354,25.136000000000003
10553,1.8699999999999992,4.279999999999999
10554,-8.708000000000002,-7.427878798797238
10555,1.9315452307944618,-24.097710873042004
10556,3.556,11.471999999999998
10557,5.219882476617184,-4.420000000000001
10558,5.301545230794462,7.96305106240022
10559,-9.796000000000001,-13.228903616420274
10560,7.400149109024414,-9.421999999999999
10561,-0.868,18.578000000000003
10562,-0.40599999999999986,-1.1040000000000003
10563,-6.002454769205537,-11.797285024208751
10564,-7.915835325202723,2.8522522204046674
10565,-4.064000000000002,5.782
10566,8.53154523079446,-18.505999999999997
10567,4.729018453276664,-0.9677397934142874
10568,-1.592779728691087,5.471999999999997
10569,-9.326,-1.7408603455205718
10570,-9.346,0.7519999999999974
10571,2.6259999999999986,5.055018453276664
10572,-1.1960000000000002,12.1
10573,3.1740000000000004,-11.16
10574,-5.271209144185494,-1.2237397934142862
10575,2.6162366546318063,1.1059999999999992
10576,3.6038824766171826,2.821018453276664
10577,-0.8141175233828161,-18.621878798797237
10578,8.080790855814506,-17.07094893759978
10579,-2.780000000000001,6.956
10580,-0.04800000000000004,-10.542000000000002
10581,17.328,-18.688981546723337
10582,-9.160730823026052,34.094
10583,-0.002744892091528328,-0.8658787987972382
10584,-3.0549815467233357,-1.5437612754144225
10585,-0.703763345368194,16.509999999999998
10586,6.097999999999999,1.612252220404668
10587,1.3880000000000001,-13.57573979341429
10588,2.76,6.63
10589,0.9779124543926088,-5.775285024208751
10590,-9.352087545607393,-9.743747779595333
10591,-0.4880000000000006,-14.551258904558859
10592,1.1360000000000001,4.328067311190745
10593,6.661999999999999,26.582
10594,-6.4387797286910855,-1.7509489375997798
10595,-3.3700875456073915,1.6059999999999992
10596,-7.444,-4.195878798797237
10597,1.9479124543926076,24.11
10598,-1.6060000000000003,5.858
10599,7.625781885426269,-24.944981546723334
10600,3.557027510446312,-7.8118787987972365
10601,-2.6927797286910864,-23.59294893759978
10602,1.6075452307944622,19.03
10603,-6.291999999999999,-15.939981741403864
10604,-3.2620000000000005,-13.312948937599781
10605,0.6599999999999999,0.9327149757912473
10606,-7.4719999999999995,-6.461761275414422
10607,0.23223665463180598,-13.585999999999999
10608,-4.305999999999999,-13.255747779595334
10609,-13.546000000000001,3.3864888750364757
10610,-0.7229815467233358,-1.9577612754144211
10611,4.8,-4.532981546723336
10612,10.093999999999998,0.29000000000000004
10613,4.8678824766171855,10.845999999999998
10614,-12.356,14.331018453276664
10615,7.8340000000000005,-18.83950905500975
10616,-0.7300000000000001,-12.753999999999998
10617,7.832000000000001,-3.651511124963527
10618,-3.742,-5.137999999999996
10619,4.9467908558145055,-22.233930484323118
10620,0.8540000000000003,0.622488875036475
10621,-0.28400000000000036,1.101051062400219
10622,-2.3639999999999994,7.916000000000002
10623,-2.59954779849045,-21.48750106882871
10624,8.699018453276663,18.698
10625,-0.9992091441854942,18.092
10626,-0.21589142262804,9.909018453276664
10627,4.810226100754775,-9.9985700484175
10628,5.298236654631806,11.94
10629,4.651545230794462,-0.6817061378189159
10630,-3.9064547692055376,-6.047285024208749
10631,-6.905209144185494,27.781999999999993
10632,7.651999999999999,16.657999999999998
10633,-7.777209144185494,1.8600336555953718
10634,-15.41,-1.008981546723335
10635,17.112000000000002,0.8507149757912501
10636,-3.616000000000001,-0.5609815467233368
10637,9.08,-17.436981546723334
10638,0.21999999999999886,-9.73176127541442
10639,-2.3901175233828154,4.810000000000002
10640,-6.385747779595331,5.473018453276665
10641,-3.1587554459685605,-16.451878798797235
10642,4.417999999999998,13.142
10643,-12.863747779595332,24.979999999999997
10644,-9.014,-20.10127240037795
10645,-13.758779728691087,-0.12600000000000264
10646,-8.116779728691087,10.759999999999998
10647,-0.08199999999999985,-6.462000000000001
10648,7.773882476617184,-11.44091528200441
10649,7.901999999999999,17.5
10650,-1.1140000000000008,12.691999999999998
10651,5.369999999999999,22.92212120120276
10652,0.7410184532766643,-12.42371412399996
10653,-2.428,-20.915966344404627
10654,1.9379999999999995,18.676
10655,-4.678,7.268000000000001
10656,-8.4,2.837999999999998
10657,-0.05000000000000071,2.0409751823769637
10658,3.3739999999999997,19.07603365559537
10659,0.8180000000000002,0.44399999999999834
10660,7.016,-4.2219999999999995
10661,-17.106,2.4730510624002195
10662,1.865999999999999,-7.392796149172275
10663,-12.648,-10.95328502420875
10664,8.802000000000001,-3.1522339618085295
10665,-0.23120914418549407,3.897999999999999
10666,-8.100087545607392,2.9999999999999973
10667,0.8459999999999995,-3.9379999999999966
10668,4.104000000000001,12.565999999999999
10669,-1.3452091441854939,17.5
10670,12.154236654631806,-4.049285024208752
10671,-5.768,16.217999999999996
10672,0.4240000000000002,-3.639714123999961
10673,12.206,6.680238724585578
10674,-2.012000000000002,5.638
10675,1.8199999999999998,10.273051062400217
10676,-4.314000000000002,10.744000000000002
10677,-5.005526690736387,-12.457046299623173
10678,3.283545230794463,-7.647747779595333
10679,8.819999999999999,3.905999999999999
10680,-2.4559999999999995,-11.193389923760762
10681,3.3120000000000003,12.595999999999998
10682,0.1140000000000004,10.059999999999999
10683,2.1499999999999995,19.54048887503647
10684,4.513999999999999,16.622033655595374
10685,6.919545230794462,-11.191878798797239
10686,-6.3820000000000014,1.019018453276665
10687,-11.604,23.574
10688,10.106,-34.4427102130142
10689,-5.100779728691087,7.118252220404668
10690,-4.223999999999999,1.9419999999999997
10691,-0.12000000000000029,-7.820981546723337
10692,15.638,14.728000000000003
10693,9.599882476617186,-4.023878798797237
10694,-1.3437477795953323,1.4200336555953723
10695,-6.014,-2.769640074211658
10696,9.518,-11.152000000000001
10697,-2.699865302978146,7.619999999999999
10698,-1.4120000000000001,14.718714975791249
10699,-0.8221175233828152,3.0710184532766633
10700,8.328,10.65626020658571
10701,-3.7840000000000003,-4.091999999999999
10702,0.11039077555205239,4.007999999999997
10703,1.358790855814506,-11.185739793414287
10704,5.678236654631806,2.9300000000000006
10705,3.35,13.66226020658571
10706,1.0538824766171841,-6.54376127541442
10707,10.984,4.498488875036474
10708,-3.7532091441854947,-18.10547746936815
10709,8.478,14.468
10710,1.614,9.847051062400215
10711,6.188236654631806,16.574
10712,8.32,1.121999999999997
10713,2.9799999999999995,19.25
10714,2.508,14.213999999999999
10715,9.501018453276666,18.416
10716,-7.160000000000001,2.6640336555953708
10717,3.906,14.197999999999999
10718,3.5282261007547753,4.187999999999999
10719,4.019545230794462,-1.0517612754144223
10720,0.11799999999999997,-14.769522550828844
10721,6.878,-2.416
10722,-18.119763345368195,-1.1077612754144226
10723,4.847999999999998,1.977051062400217
10724,-3.0181175233828155,5.647999999999999
10725,-1.5560000000000003,26.47
10726,6.292,-9.00328502420875
10727,-2.79,11.673999999999998
10728,-3.2439999999999998,4.466488875036471
10729,-2.6440000000000006,5.544252220404668
10730,9.303999999999998,4.235999999999997
10731,-3.7659999999999996,21.227999999999998
10732,-1.452,11.381018453276663
10733,5.1819999999999995,12.604
10734,-2.2864547692055384,19.418
10735,7.287912454392608,3.5922858760000396
10736,1.7852202713089134,14.512
10737,-0.6519999999999996,-2.903999999999999
10738,4.053999999999999,27.585999999999995
10739,1.8267908558145067,-17.134710213014205
10740,-0.7419999999999994,-8.66328502420875
10741,-0.6880000000000003,11.206260206585714
10742,-4.55,10.250033655595372
10743,-6.351773899245224,-5.4940000000000015
10744,3.0067908558145056,-28.558
10745,9.198,5.618252220404668
10746,-2.1820000000000004,7.25271497579125
10747,7.8260000000000005,-2.5780000000000003
10748,1.2659999999999996,4.612
10749,5.641999999999999,14.830000000000002
10750,3.942,-12.145511124963525
10751,3.02,11.305999999999997
10752,-3.3760000000000012,-20.136796149172277
10753,2.4800000000000004,-13.947285024208748
10754,1.7605636840711263,-6.492000000000002
10755,4.299545230794462,20.575999999999997
10756,7.843545230794463,14.132260206585713
10757,-0.2540000000000001,15.468
10758,5.76,-7.1800000000000015
10759,7.481018453276664,17.174
10760,-0.8700000000000003,10.496488875036473
10761,1.7659999999999996,-9.89
10762,6.204000000000001,-16.585966344404632
10763,6.1259999999999994,0.6190510624002172
10764,-7.183999999999999,0.11012120120276023
10765,-0.6940000000000006,6.489018453276662
10766,-10.718,-15.055511124963521
10767,2.7239999999999993,-9.846981546723336
10768,6.628,10.258
10769,-5.418000000000001,-15.259285024208747
10770,-7.646000000000001,11.674
10771,1.4499124543926083,9.349051062400218
10772,9.051999999999998,-2.955441609286642
10773,-1.0464547692055384,-4.473511124963526
10774,11.085999999999999,13.511999999999997
10775,-13.873773899245226,-5.9644926716868625
10776,-11.922,5.170000000000002
10777,2.2342261007547752,-30.94694789112797
10778,13.772,2.9599999999999995
10779,-12.807773899245225,9.814
10780,-5.043999999999999,13.687999999999999
10781,-1.446,4.707018453276664
10782,-2.162,-24.518266570932084
10783,6.744,-5.206000000000001
10784,9.579999999999998,23.304260206585713
10785,5.361999999999999,16.749999999999996
10786,1.6460000000000001,2.274238724585578
10787,-2.9641175233828156,-6.511999999999999
10788,9.862,-10.594981546723337
10789,-10.308000000000002,21.024
10790,9.046252220404671,-4.1379663444046315
10791,0.5330184532766655,32.838
10792,-0.38808754560739195,22.64
10793,14.012,20.880000000000003
10794,-8.166,-21.117272400377946
10795,-1.9059999999999988,-16.298
10796,-4.7,7.469999999999997
10797,-3.8260000000000005,15.941999999999998
10798,3.8359999999999994,4.189999999999997
10799,6.198000000000001,17.458
10800,2.128238724585578,4.718714975791249
10801,7.664,6.754
10802,8.668000000000001,-1.8532589045588566
10803,-3.5200000000000005,6.79012120120276
10804,7.352236654631807,-0.5797612754144226
10805,-1.0780000000000003,7.017999999999999
10806,-1.876,-20.132729326318668
10807,5.953018453276665,-1.9199663444046304
10808,1.932,-11.626948937599778
10809,-13.894087545607391,16.727999999999998
10810,2.817999999999999,19.058
10811,-8.644000000000002,2.0290510624002187
10812,-2.9812091441854953,-8.266981546723336
10813,-1.412,-2.522000000000001
10814,-4.498779728691087,5.081999999999996
10815,10.031999999999998,-13.301285024208749
10816,4.433999999999999,-12.56094893759978
10817,1.5682261007547749,5.922
10818,-1.8380000000000003,1.5622387245855776
10819,1.129018453276665,-41.94725890455886
10820,12.394,6.025051062400216
10821,2.8340000000000005,20.43
10822,10.9,14.163999999999998
10823,7.546226100754775,-8.276
10824,6.408252220404668,0.9102522204046692
10825,-0.5621175233828154,-1.7039999999999975
10826,-4.854087545607392,4.638000000000001
10827,1.2770184532766649,7.355999999999999
10828,-3.146,6.438488875036474
10829,3.195999999999999,1.646252220404668
10830,8.352,16.55
10831,5.398,26.25
10832,4.51,9.18
10833,-0.14574777959533095,-39.65552255082885
10834,-0.30399999999999994,-18.915878798797234
10835,-0.06611752338281604,10.938
10836,-7.05075544596856,-10.549739793414288
10837,4.005882476617185,16.182
10838,2.6020000000000008,-8.66572761981905
10839,-13.070000000000002,-8.819878798797237
10840,-5.113069092330727,-8.52976127541442
10841,4.004252220404668,0.471429951582499
10842,7.136,5.586102124800436
10843,0.6699999999999993,1.290000000000002
10844,5.975999999999999,3.8059999999999983
10845,1.0679999999999998,14.004
10846,3.528,0.1339999999999982
10847,-9.062000000000001,-7.567511124963525
10848,7.773999999999999,-4.864981546723337
10849,8.126236654631807,1.8380000000000003
10850,6.35225222040467,15.436000000000002
10851,2.039882476617185,9.588
10852,3.4379999999999997,11.458488875036476
10853,0.19999999999999965,-19.343501068828708
10854,3.515018453276663,1.095999999999999
10855,-7.52974777959533,11.245999999999999
10856,5.58,9.325018453276662
10857,11.495999999999999,-7.2
10858,-1.2721175233828153,3.72
10859,9.471999999999998,8.989999999999998
10860,7.4399999999999995,19.369999999999997
10861,10.812,11.404033655595372
10862,5.5662366546318065,22.842000000000002
10863,5.561220271308913,-7.97728502420875
10864,1.4659999999999997,10.972
10865,-0.5400000000000006,-7.267999999999998
10866,1.112,11.038033655595372
10867,-7.098000000000001,-8.508000000000003
10868,1.3207908558145056,-13.221999999999998
10869,-8.488000000000001,-2.9980000000000038
10870,3.5419999999999994,11.668
10871,2.4319999999999995,-17.13948757300962
10872,0.7962261007547742,8.348121201202762
10873,11.202000000000002,8.172
10874,-0.2600000000000001,19.95
10875,3.9386733324316907,13.989999999999998
10876,3.7379999999999995,-7.562
10877,1.2799999999999998,13.655018453276663
10878,5.781999999999999,17.368000000000002
10879,0.6500000000000004,6.80623872458558
10880,-0.8580000000000002,12.638
10881,1.0580000000000003,10.258
10882,-9.037999999999998,-4.375509055009753
10883,0.7722522204046687,-0.2697477795953322
10884,8.888,3.558
10885,3.9219999999999993,5.314033655595371
10886,-7.086,-8.219761275414424
10887,-6.735999999999999,19.668
10888,-0.1019999999999996,8.457999999999998
10889,0.041999999999999815,-5.401963093446672
10890,5.7719999999999985,4.452488875036474
10891,-3.178000000000001,0.9047149757912507
10892,-1.0552091441854934,2.678000000000002
10893,6.828226100754773,-28.198947891127965
10894,3.2037713315492375,5.281999999999999
10895,4.159999999999999,0.5779999999999973
10896,2.234226100754774,10.227051062400218
10897,5.088790855814506,20.809999999999995
10898,2.5379999999999994,1.1772706736813325
10899,-0.6119999999999992,-4.660981546723333
10900,1.5122522204046684,-2.0740000000000025
10901,5.216226100754776,14.213999999999999
10902,0.36879085581450555,-3.195747779595332
10903,-4.993747779595331,14.338
10904,0.8620000000000004,-16.761509055009753
10905,5.384,17.524
10906,7.184,11.080121201202761
10907,0.8440000000000001,-15.199509055009752
10908,10.313882476617184,14.345999999999998
10909,-10.618,12.627999999999998
10910,-1.39,-16.49950905500975
10911,-5.69,14.644
10912,-8.973861444852616,1.808252220404667
10913,-4.688000000000001,21.512488875036475
10914,-3.8340000000000005,25.09
10915,9.288,17.98
10916,3.162,13.209999999999999
10917,2.153999999999999,8.08426020658571
10918,-7.822779728691084,-14.88576127541442
10919,0.4980000000000011,-2.3212850242087493
10920,-8.418087545607392,7.062
10921,11.8,-6.379739793414288
10922,-1.9300000000000004,-13.722436510609398
10923,-9.218,6.693999999999998
10924,-12.703209144185495,33.36
10925,1.5739999999999994,-10.237999999999998
10926,5.058,0.6120336555953709
10927,1.6001085773719594,-17.75951112496353
10928,-0.08773699269189521,-2.6969815467233373
10929,13.148,2.8907149757912487
10930,-4.6419999999999995,4.218488875036475
10931,-1.8939999999999997,-6.12774777959533
10932,14.556000000000001,-10.38376127541442
10933,3.4359999999999986,-2.0460000000000003
10934,-3.694117523382816,17.21003365559537
10935,0.4242366546318065,18.201999999999998
10936,-4.892,9.228033655595372
10937,0.11690092989385051,15.001999999999999
10938,-11.981763345368194,-8.276
10939,2.9735452307944614,9.82226020658571
10940,4.987999999999999,9.544
10941,1.9642366546318066,-5.019878798797236
10942,-4.248000000000001,20.904
10943,11.216,15.557999999999998
10944,-1.5693266675683089,-1.9340000000000017
10945,-1.7827797286910865,-13.972
10946,-3.0504547692055377,-36.27199999999999
10947,2.0375452307944624,14.473999999999998
10948,-13.12208754560739,5.764488875036475
10949,-0.2539999999999999,11.122000000000003
10950,-5.153521678840557,5.824
10951,-2.003773899245225,7.922121201202762
10952,4.7559999999999985,9.951018453276664
10953,8.698,17.397999999999996
10954,0.35199999999999887,-4.679285024208751
10955,-4.798000000000001,-17.73728502420875
10956,-2.076,21.244
10957,1.0739999999999994,-13.419761275414421
10958,7.179999999999998,2.9970510624002173
10959,-1.562,-10.382000000000001
10960,3.4152202713089124,-1.9895111249635236
10961,-3.994454769205538,-23.065747779595334
10962,-8.216000000000001,-18.83587879879724
10963,4.119999999999999,-3.6639630934466725
10964,6.392000000000001,9.485999999999999
10965,3.7175452307944625,9.867999999999999
10966,-1.3540000000000003,-2.503966344404629
10967,6.771018453276665,-0.5057397934142871
10968,-0.9800000000000004,-2.5780000000000016
10969,-2.2140000000000004,-4.857285024208752
10970,8.372,-7.852000000000001
10971,10.709999999999999,-2.9669815467233365
10972,6.944,6.188488875036474
10973,-3.6900000000000013,0.6542602065857125
10974,7.775999999999999,0.30399999999999705
10975,8.222,1.7064888750364742
10976,2.251999999999999,2.729999999999998
10977,-1.3600000000000008,-26.303285024208748
10978,-2.5420000000000003,13.332238724585574
10979,-13.857761275414422,-15.800000000000002
10980,-0.17374777959533247,3.387999999999998
10981,-3.818087545607392,-4.618
10982,-0.920000000000001,3.513052108872034
10983,1.1739999999999995,7.484260206585711
10984,-0.8942181145737305,-3.3897397934142894
10985,8.304,3.1091396544794287
10986,2.946236654631807,4.1640000000000015
10987,10.585999999999999,10.08
10988,-5.586,-46.308721340137616
10989,2.8099999999999996,-2.4180000000000006
10990,11.483999999999998,6.686033655595372
10991,-2.270087545607392,-2.016000000000001
10992,-2.567752218244774,-5.061727619819051
10993,-16.95136430761661,12.024121201202762
10994,-13.163999999999998,0.26101845327666184
10995,8.404,16.451999999999998
10996,5.593999999999999,-4.175285024208749
10997,-3.652000000000001,31.5
10998,-6.1237477795953295,19.135999999999996
10999,-0.034000000000000696,15.301999999999998
11000,-0.5440000000000011,-10.233739793414287
11001,3.011882476617185,12.069999999999999
11002,5.017882476617184,-9.205963093446671
11003,-2.2540000000000004,6.085999999999998
11004,1.1339124543926087,25.75
11005,2.7119999999999997,25.967999999999996
11006,-2.160087545607393,-0.8179999999999993
11007,-0.7157633453681929,-20.215966344404627
11008,-5.922000000000001,4.047999999999999
11009,0.967018453276664,-5.519878798797237
11010,-1.4760000000000004,8.799051062400217
11011,0.9998824766171837,16.07
11012,-2.5740000000000007,-4.427511124963526
11013,7.142,9.404610076239237
11014,-5.902,12.660260206585711
11015,-8.354000000000001,-4.091761275414422
11016,-0.16720914418549385,0.5039999999999987
11017,0.016790855814506143,15.846488875036474
11018,11.681999999999999,4.029018453276663
11019,-5.126,-4.689511124963526
11020,-15.215773899245224,-4.843878798797238
11021,1.7139999999999982,0.7925124269903818
11022,-0.1392091441854939,0.7910510624002199
11023,2.2359999999999998,8.157999999999998
11024,-5.039747779595331,-4.292000000000001
11025,-1.8039999999999992,11.572714975791248
11026,6.183912454392607,11.05403365559537
11027,-0.9259999999999998,7.420714975791253
11028,1.4460000000000004,3.1679999999999966
11029,6.9959999999999996,7.6659999999999995
11030,8.466,2.7282602065857127
11031,-1.5827797286910865,9.557999999999998
11032,6.7780000000000005,-25.78993048432311
11033,-5.927521678840556,19.029999999999998
11034,5.242,2.4582522204046677
11035,7.31,-5.252
11036,3.624,24.082
11037,6.512236654631806,15.794
11038,-0.9617633453681943,0.01448887503647569
11039,8.956,3.6747149757912494
11040,0.28599999999999853,-4.149511124963525
11041,7.457999999999998,8.943999999999999
11042,13.429999999999998,23.63203365559537
11043,-5.444000000000001,0.8784888750364747
11044,5.182252220404669,-10.203511124963525
11045,-6.203763345368193,-13.825761275414418
11046,10.544,-8.733878798797237
11047,-8.568000000000001,8.208252220404669
11048,-9.452000000000002,6.672
11049,7.978,-20.937389923760765
11050,7.498236654631808,2.745999999999998
11051,3.8462366546318068,-7.680827736397018
11052,-2.2060000000000004,2.2699999999999987
11053,-3.2377633453681938,9.952000000000002
11054,-2.974,19.07825222040467
11055,1.957220271308914,5.016
11056,-0.7380000000000002,-20.810000000000002
11057,-0.4429815467233354,6.380488875036474
11058,-0.08623504676563058,-2.1237575975944742
11059,7.061999999999999,15.37812120120276
11060,0.4459999999999994,10.9
11061,18.559999999999995,2.5307149757912497
11062,8.678,-4.4829815467233365
11063,4.540119131248992,-8.786
11064,-0.12599999999999908,20.868
11065,1.4598824766171852,23.314
11066,3.7290184532766646,6.064000000000001
11067,-2.6740000000000004,-13.819999999999997
11068,-2.053521678840556,1.8099999999999994
11069,2.4242522204046693,4.169999999999999
11070,5.915999999999999,-9.066915282004407
11071,-5.984,1.1210184532766618
11072,-2.3300000000000005,12.671999999999999
11073,5.632,5.074
11074,3.464252220404668,11.898
11075,4.978,-1.7397477795953307
11076,4.952236654631806,6.85871497579125
11077,1.5860000000000007,10.807999999999998
11078,-7.75,-6.183285024208749
11079,3.1302522204046688,-4.525509055009754
11080,8.916,-2.4400000000000004
11081,4.32391245439261,-2.5572850242087504
11082,-11.260779728691087,-13.610827736397018
11083,3.256000000000001,1.8839999999999992
11084,-2.4280000000000013,-13.220000000000004
11085,-3.0104547692055377,9.045999999999996
11086,10.398,7.66425222040467
11087,-1.0477633453681938,11.517999999999997
11088,-5.552779728691086,-3.0420000000000003
11089,5.640462755386581,-11.184000000000001
11090,8.732000000000003,12.982121201202762
11091,-1.9679999999999995,4.274488875036477
11092,-5.1819999999999995,15.021051062400218
11093,-1.47,27.377999999999997
11094,1.8922261007547743,-4.991739793414288
11095,-0.5460000000000008,3.551051062400218
11096,-1.2862286684507627,9.510252220404668
11097,6.696,-1.1520000000000024
11098,9.972,11.578
11099,13.6,-19.184
11100,-2.062,11.234
11101,10.917999999999997,3.1690184532766636
11102,0.22791245439260877,3.758000000000002
11103,-3.768,14.313051062400216
11104,0.15199999999999955,3.4581212012027636
11105,-1.7640000000000007,30.468
11106,3.063999999999998,15.187999999999999
11107,1.7759999999999991,11.344
11108,8.254,15.439999999999998
11109,-0.08153724461341874,15.872
11110,2.7959999999999994,9.519999999999998
11111,9.844236654631807,5.536
11112,8.196236654631807,-7.04291528200441
11113,5.254,13.167999999999997
11114,-3.1437477795953312,20.74
11115,3.158,16.484
11116,-21.140779728691086,-9.459966344404629
11117,3.8720000000000008,11.041999999999998
11118,7.367999999999999,15.825999999999999
11119,4.912,4.41105106240022
11120,3.073999999999999,37.168
11121,3.6950184532766643,3.6640000000000015
11122,-4.49,2.205999999999996
11123,11.774790855814505,-11.509999999999996
11124,0.19599999999999937,-14.835747779595332
11125,1.3399999999999994,-12.110947891127966
11126,-8.732867274298478,17.68871497579125
11127,-1.558981546723336,18.116033655595366
11128,-2.0840000000000005,-5.325999999999996
11129,1.7699999999999996,18.05901845327666
11130,-5.146000000000001,3.5839999999999987
11131,6.324,-13.680000000000001
11132,0.38302751044631284,16.13
11133,-0.11477972869108655,19.25003365559537
11134,10.121999999999998,-3.4637612754144245
11135,5.703220271308913,21.33
11136,-1.7178614448526166,-7.913487573009621
11137,-6.520000000000001,8.088
11138,-7.075999999999999,15.446000000000002
11139,6.433999999999999,2.0162522204046676
11140,0.5529309076692741,9.04603365559537
11141,3.716478321159444,-21.729511124963523
11142,-2.1060000000000003,6.653311268985929
11143,2.154790855814506,0.6624888750364761
11144,-7.9787797286910855,0.24448887503647398
11145,-3.302087545607391,-2.649511124963527
11146,5.799999999999999,-6.3877612754144195
11147,5.329882476617184,20.741999999999997
11148,5.35,-12.117999999999999
11149,-1.4281175233828147,-29.577495559190663
11150,-13.498,4.733018453276664
11151,8.510236654631807,18.754714975791252
11152,-1.5220000000000007,2.902252220404667
11153,-17.602,15.216
11154,-3.9200000000000004,-7.373966344404627
11155,-0.14608754560739107,-2.433511124963524
11156,-0.20000000000000018,5.2
11157,-7.845835325202723,-26.854981546723337
11158,-5.151999999999999,-0.23999999999999772
11159,0.8059999999999995,-15.36903280380408
11160,-10.79208754560739,15.968
11161,-0.19783532520272243,3.958488875036475
11162,3.6558824766171854,-0.7759999999999995
11163,6.899882476617185,-7.5932850242087495
11164,8.342,-2.527511124963526
11165,8.846,7.37826020658571
11166,12.669999999999998,-6.371285024208751
11167,-2.1760000000000006,15.498000000000001
11168,1.923999999999999,7.63
11169,-0.18599999999999958,13.693999999999999
11170,-3.208454769205537,-4.821999999999997
11171,-3.455547798490451,11.83003365559537
11172,1.3259999999999994,12.123999999999999
11173,6.598252220404669,16.662
11174,-1.4137477795953324,13.440714975791252
11175,-10.672,3.6499999999999995
11176,-1.893436315928873,18.648
11177,-3.6959999999999993,6.031999999999998
11178,-0.580000000000001,-1.7067102130142018
11179,2.3715452307944624,9.513999999999998
11180,8.52,-7.40987879879724
11181,2.124,4.9799999999999995
11182,-11.058,17.235999999999997
11183,-3.6932091441854937,-24.642981546723334
11184,-0.7577477795953325,21.144
11185,-5.130000000000001,-3.172827736397018
11186,4.122,-5.23
11187,3.2560000000000002,-4.651509055009754
11188,-4.816000000000001,-10.499024817623038
11189,-5.033747779595331,-6.892981546723337
11190,1.395999999999999,5.539999999999999
11191,1.5199999999999996,-16.91718289940831
11192,-13.088,3.346000000000001
11193,0.3420000000000004,-15.729511124963526
11194,-1.6717633453681935,2.9182602065857113
11195,7.587999999999999,-7.700721340137624
11196,-9.638,10.788
11197,-3.762087545607392,-5.3507961491722735
11198,4.401545230794462,9.758260206585714
11199,4.1131027479260975,-10.808
11200,0.8919999999999988,-4.714000000000003
11201,4.243999999999998,3.1842522204046686
11202,-1.8657477795953323,-17.958460062563308
11203,-3.358981546723336,12.536488875036474
11204,-0.48799999999999966,1.9422522204046673
11205,-11.651763345368193,5.612
11206,3.5279124543926086,-8.323761275414423
11207,-5.074000000000001,15.686000000000002
11208,-4.588000000000001,15.115999999999996
11209,2.501999999999999,1.7567149757912504
11210,3.6660000000000013,8.337999999999997
11211,2.854,-28.708448847214733
11212,11.828,14.566488875036475
11213,5.555999999999999,2.0410847179955898
11214,-0.7740000000000006,18.107999999999997
11215,1.8240000000000003,-3.646000000000002
11216,-3.4700000000000015,-9.238
11217,8.394,17.752
11218,-2.3660000000000005,-10.453761275414422
11219,1.3755452307944616,8.30623872458558
11220,-5.344000000000001,16.163999999999998
11221,-19.915747779595332,15.523999999999997
11222,0.6522366546318075,0.9719999999999989
11223,-0.49176334536819366,-18.48374777959533
11224,6.939018453276664,3.982
11225,12.229999999999999,-5.869285024208752
11226,1.510000000000001,-6.09728502420875
11227,7.793545230794462,2.368000000000002
11228,-1.9120000000000013,11.407999999999996
11229,5.626,10.158
11230,-1.3381175233828153,19.422
11231,1.2279999999999998,3.1409751823769616
11232,12.733018453276664,5.507999999999999
11233,5.83011913124899,-26.41576127541442
11234,-4.433965894169062,3.984033655595371
11235,4.581999999999999,9.972
11236,13.556000000000001,1.3700000000000017
11237,-2.616,17.772488875036476
11238,2.579545230794462,22.892
11239,5.697999999999999,12.61803365559537
11240,7.126,-9.14128502420875
11241,-6.735773899245226,6.628714975791249
11242,1.9140000000000001,8.69
11243,-5.626,22.944
11244,3.3935452307944614,-11.133761275414424
11245,-0.6959999999999997,-12.383509055009753
11246,-5.982000000000001,-7.357739793414288
11247,-1.5300000000000011,4.532000000000001
11248,-7.13,24.238
11249,-5.750553627936311,-19.558
11250,-0.7440000000000004,-14.83694893759978
11251,-4.803676980764989,15.14
11252,-6.136,-15.921706137818916
11253,6.966236654631805,11.599018453276665
11254,8.076252220404669,9.767999999999999
11255,-9.720087545607393,-16.00267494796951
11256,0.9540000000000003,15.86
11257,-10.338087545607392,13.02
11258,-2.3677633453681937,6.156033655595371
11259,-1.8720000000000006,12.003999999999998
11260,-5.354000000000001,4.817303282804888
11261,-3.0960875456073915,14.286000000000001
11262,9.873882476617185,-12.648608125115903
11263,-4.200779728691086,-11.343258904558857
11264,2.5239999999999996,-9.577747779595331
11265,-3.3360000000000007,9.29603365559537
11266,-2.816117523382816,16.500488875036478
11267,0.28599999999999887,-3.746000000000001
11268,5.053999999999999,-1.376948937599782
11269,-14.029999999999998,-12.091747779595332
11270,2.6359999999999992,5.933051062400217
11271,12.498,14.815999999999999
11272,2.532462755386582,15.665999999999997
11273,0.19400000000000084,11.57603365559537
11274,-3.440779728691086,-11.142
11275,-11.812087545607392,-0.6420000000000001
11276,-8.898000000000001,-18.666
11277,5.97,-2.0275225508288415
11278,-2.158,14.97305106240022
11279,-1.3059999999999998,20.276
11280,10.786,3.2922387245855775
11281,-0.3727797286910871,7.993999999999998
11282,-1.1927797286910855,10.95
11283,-15.556000000000001,16.58403365559537
11284,2.0782261007547755,-8.555032803804082
11285,2.462000000000001,15.159018453276662
11286,-8.532,1.0120000000000005
11287,4.053999999999999,13.309999999999997
11288,-7.898000000000001,5.790000000000001
11289,4.471882476617185,-10.927761275414422
11290,-2.806000000000001,-0.49200000000000016
11291,0.5939999999999994,2.8800336555953714
11292,-5.026000000000001,0.6179999999999992
11293,6.783999999999999,-13.327739793414286
11294,-1.03589142262804,3.1499999999999995
11295,-7.476779728691087,3.598
11296,6.481999999999999,-6.1737397934142875
11297,6.994,30.232
11298,-4.186897252073901,-1.0560000000000023
11299,19.464,4.467051062400221
11300,7.425255107908471,14.803999999999997
11301,3.6999999999999984,6.214
11302,-0.39600000000000035,16.88
11303,-0.4929815467233357,-14.88898154672334
11304,8.435545230794462,-10.624981546723333
11305,4.161999999999999,-11.467747779595328
11306,3.568,-5.975747779595331
11307,-1.484000000000001,-27.9
11308,11.180236654631805,-0.6359663444046291
11309,0.6599999999999995,3.2479999999999976
11310,-8.855773899245225,7.410260206585713
11311,6.1179999999999986,-7.123999999999998
11312,-5.107663913391032,11.973999999999998
11313,0.7902261007547742,21.096
11314,-4.1497738992452256,1.6819999999999993
11315,8.394,6.448
11316,-5.702087545607393,17.009999999999998
11317,13.831999999999999,6.8279999999999985
11318,-4.438087545607391,2.591018453276662
11319,7.76,-20.584721340137623
11320,2.379999999999998,4.0270510624002185
11321,7.01,9.683018453276665
11322,10.202,9.151999999999997
11323,-3.2979999999999996,-9.562981546723337
11324,-4.780000000000001,-11.867878798797237
11325,-0.4097738992452243,4.709999999999999
11326,-2.134527508286417,-6.0699999999999985
11327,0.15599999999999986,2.7107149757912503
11328,-11.338,-10.173389923760762
11329,-0.02000000000000064,10.208488875036474
11330,-8.226,-7.129285024208751
11331,-12.492,-10.282000000000002
11332,-23.75,0.05025222040466844
11333,1.408,-10.303626578392569
11334,-5.238000000000001,11.667018453276663
11335,-0.15000000000000072,-6.787285024208751
11336,2.307999999999999,2.1279999999999992
11337,5.5347908558145065,24.913999999999998
11338,-2.404000000000001,-5.192000000000002
11339,13.292473309263613,4.773999999999998
11340,2.0679999999999996,-3.3229815467233363
11341,-0.7047797286910861,8.397051062400218
11342,-11.174,-10.83187879879724
11343,5.892236654631807,-5.363930484323118
11344,4.0040000000000004,6.988381407788475
11345,-6.1377477795953315,-2.355511124963526
11346,-7.654542314812929,-10.83023396180853
11347,1.5572706736813333,-7.794
11348,0.6799999999999997,7.366033655595372
11349,5.490790855814505,12.493051062400218
11350,4.094252220404669,2.2342602065857116
11351,-1.4540000000000002,-20.20498154672333
11352,7.217999999999999,4.408252220404668
11353,-3.5580875456073926,7.031999999999999
11354,-2.912,-8.247511124963523
11355,-1.8200000000000003,-3.917966344404629
11356,-4.606,5.362
11357,1.5295452307944615,-2.565258904558857
11358,3.070790855814506,15.712
11359,10.782,2.1410510624002175
11360,9.764,-5.031761275414423
11361,-2.2502050689902067,19.494
11362,1.7299124543926088,-7.051966344404628
11363,1.8842261007547747,10.146033655595371
11364,0.8144783211594436,0.7162522204046688
11365,-0.7269095384110758,18.133999999999997
11366,6.722226100754776,7.223018453276664
11367,8.538,10.378
11368,4.102473309263614,12.01
11369,3.3180000000000005,25.0
11370,-0.7820000000000004,-4.935999999999999
11371,-2.346,-14.604948937599778
11372,-4.7107797286910875,-9.196981546723336
11373,4.636,-2.9497397934142886
11374,-1.4899999999999998,-0.5680000000000007
11375,-5.255999999999999,9.337999999999997
11376,-13.99,0.8062522204046688
11377,1.313270673681334,-3.414948937599784
11378,5.525999999999999,2.2419999999999987
11379,4.792,1.5580000000000034
11380,-3.3744547692055393,-8.757930484323117
11381,-4.504,4.17871497579125
11382,1.322226100754775,-3.1016400742116597
11383,0.8699999999999989,-19.924504097552177
11384,7.413999999999999,15.209999999999997
11385,9.626,26.291999999999994
11386,-7.278779728691087,27.991999999999997
11387,-2.647999999999999,1.3180336555953716
11388,3.9618824766171854,-21.490000000000002
11389,3.045545230794462,-8.702000000000002
11390,1.0867908558145056,-13.047509055009751
11391,9.92,-3.8240000000000025
11392,-5.162000000000001,9.922
11393,-1.8240000000000005,1.7937334290679132
11394,-2.97,13.35
11395,1.2159999999999989,-17.804696717195114
11396,4.512252220404669,-16.803999999999995
11397,-4.533209144185494,-7.112
11398,-2.5460875456073917,-0.5959663444046278
11399,1.755018453276665,5.228488875036474
11400,2.7618824766171857,-11.944710213014204
11401,1.1379999999999988,1.4067275996220516
11402,5.569220271308913,-15.774981546723339
11403,4.318,12.693999999999999
11404,0.22399999999999914,19.766
11405,13.87,8.548
11406,1.482252220404669,8.66
11407,6.1647908558145055,-15.221999999999998
11408,-2.0120000000000013,-2.588688731014068
11409,14.475999999999999,3.7599999999999993
11410,1.6715452307944616,-15.488
11411,-2.702,-0.34373979341428723
11412,-7.184,6.010121201202761
11413,-4.575773899245225,-12.294
11414,-2.5032344978966243,-14.291761275414421
11415,3.186252220404669,13.735999999999999
11416,-10.110779728691087,9.073051062400221
11417,4.256,-8.082981546723337
11418,0.8179999999999993,-8.33728502420875
11419,4.922,10.830488875036476
11420,1.8979999999999997,16.798000000000002
11421,2.87,-2.426742822137757
11422,14.457999999999998,12.797999999999998
11423,-6.95,2.2230184532766644
11424,-4.146000000000002,-0.6217397934142881
11425,2.758226100754775,4.019999999999998
11426,3.717999999999999,-25.67196634440463
11427,-0.01808754560739203,-5.798000000000004
11428,2.346,-8.730981546723333
11429,13.354,-11.613999999999997
11430,-17.200117523382815,8.861999999999998
11431,-19.813773899245223,-14.498948937599783
11432,-3.7640000000000002,9.291051062400218
11433,8.638,5.741999999999997
11434,5.949999999999999,11.100121201202763
11435,-0.5385423148129297,-10.439999999999998
11436,-0.9579999999999984,-15.394000000000002
11437,0.8438824766171849,15.558000000000002
11438,5.530790855814506,13.286488875036474
11439,1.2319999999999987,18.284000000000002
11440,-2.4337738992452245,9.766000000000002
11441,9.415018453276664,-11.711285024208745
11442,-6.338000000000001,5.373999999999999
11443,-5.756,6.668714975791249
11444,4.627882476617185,-20.828
11445,-1.012,7.061999999999998
11446,-1.648000000000001,-2.452948937599781
11447,-10.900779728691088,11.238000000000001
11448,6.442,4.544
11449,2.652,-2.623999999999998
11450,2.308,-0.877747779595331
11451,5.736236654631806,7.297018453276662
11452,8.422,-22.215999999999998
11453,-13.85677972869109,5.348610076239235
11454,9.370790855814505,-2.2817612754144223
11455,4.716252220404669,8.744
11456,6.833999999999999,-5.215024817623037
11457,1.1799999999999997,5.244000000000001
11458,6.554,26.796000000000003
11459,-2.448729326318667,-3.4520000000000017
11460,6.839999999999999,13.112067311190742
11461,2.355999999999999,5.14071497579125
11462,-3.661861444852616,22.944
11463,-0.7860000000000007,-14.77161859221152
11464,-2.0519999999999996,-11.001963093446673
11465,-1.6500000000000004,-9.251251368613378
11466,-4.314106396259396,-4.264000000000005
11467,-3.6379999999999995,30.162
11468,3.136226100754775,-21.909285024208753
11469,13.857999999999999,-6.580000000000001
11470,3.3339999999999987,-8.094000000000001
11471,-3.12,3.330121201202762
11472,8.440000000000001,0.8387149757912497
11473,-20.046,-5.661999999999997
11474,-1.424,7.652000000000001
11475,0.93,0.8199999999999991
11476,1.3075452307944615,7.561999999999998
11477,4.358,12.790000000000001
11478,-1.5621175233828155,-4.341999999999999
11479,-3.0464547692055386,-5.571739793414289
11480,-4.992,-5.791761275414424
11481,-7.62,-17.18898154672334
11482,-4.703763345368194,2.189018453276664
11483,-0.9957738992452256,28.267999999999994
11484,0.8239999999999998,-17.70525136861338
11485,-5.604779728691087,10.522
11486,1.8459999999999996,-22.512600138934864
11487,-1.8060000000000005,21.426
11488,-11.02,5.184238724585579
11489,-1.5859999999999999,23.071999999999996
11490,-4.804972489553688,-7.573999999999998
11491,7.083882476617184,-11.449878798797235
11492,3.2466733324316905,-15.265272400377947
11493,-0.03174777959533159,-5.341999999999999
11494,1.58,-19.565479586828577
11495,0.779999999999999,1.9939999999999976
11496,0.28200000000000003,-9.791761275414421
11497,5.517999999999999,18.003999999999998
11498,5.994,10.382069515676884
11499,7.398000000000001,-3.236981546723335
11500,-2.935999999999999,14.171999999999997
11501,-12.304779728691084,0.25226020658571213
11502,4.606,14.478121201202763
11503,3.418,-9.477878798797239
11504,-11.798087545607391,-15.185761275414421
11505,0.8080000000000002,10.098121201202762
11506,-1.0560875456073915,-16.349878798797235
11507,-17.00720914418549,4.717999999999998
11508,4.254236654631806,14.080000000000002
11509,3.819999999999999,-3.731999999999998
11510,6.656000000000001,-1.0457397934142882
11511,1.835882476617185,-5.747999999999999
11512,4.658563684071127,3.9822387245855753
11513,2.2659999999999996,-2.8597397934142883
11514,15.445999999999998,14.122
11515,-0.9520000000000006,-19.877511124963526
11516,1.3979124543926085,11.901999999999997
11517,-8.168,5.605999999999998
11518,-6.007209144185494,-3.9219999999999997
11519,11.121999999999998,-3.488000000000001
11520,10.668252220404668,12.001999999999999
11521,2.994226100754775,-2.751761275414421
11522,-3.7601175233828146,-3.361878798797238
11523,5.13,-24.231268722558
11524,9.599999999999998,3.1239999999999988
11525,-0.861999999999999,15.652000000000001
11526,-0.9740000000000002,-2.235285024208749
11527,-2.7600000000000002,13.639999999999997
11528,-12.846,19.274
11529,-0.13808754560739053,-1.6372850242087496
11530,-1.3760000000000001,1.7519999999999982
11531,-7.023747779595331,-4.115626578392569
11532,7.053999999999999,14.443999999999999
11533,-4.133436315928874,-21.17989787519956
11534,-5.067495559190663,12.057999999999998
11535,10.834,-4.026
11536,2.178226100754774,7.5680000000000005
11537,4.353220271308913,-5.547495559190662
11538,-0.4499999999999996,11.489999999999998
11539,11.399018453276664,4.345139654479427
11540,-1.7819999999999994,20.576
11541,0.613999999999999,11.380121201202762
11542,5.380790855814505,-16.404000000000003
11543,1.4519999999999988,17.012
11544,-7.7540000000000004,12.785999999999998
11545,-0.48408754560739153,10.444512426990377
11546,7.5299999999999985,4.7781212012027625
11547,-5.057209144185495,11.134238724585579
11548,-10.59,13.762
11549,11.401999999999997,11.876
11550,-5.726087545607392,-5.013747779595332
11551,-5.696,-13.520696717195113
11552,-2.794087545607391,6.100488875036474
11553,-0.07200000000000059,2.2459999999999978
11554,4.241999999999999,7.511999999999999
11555,2.772226100754775,-2.9299999999999997
11556,-3.6320000000000006,9.925999999999998
11557,11.152,10.97026020658571
11558,0.09600000000000079,-4.195878798797238
11559,7.806,-24.174948937599776
11560,9.84,-17.953511124963526
11561,-2.2582050689902067,-12.656915282004409
11562,-0.9400000000000006,2.994488875036475
11563,-5.446,-6.8720000000000026
11564,-19.09574777959533,3.5027149757912497
11565,-4.2120000000000015,16.222
11566,3.316,-1.9420000000000008
11567,10.698,7.53671497579125
11568,-2.6260000000000003,3.3102522204046663
11569,-0.09600000000000045,15.755051062400216
11570,14.871999999999996,9.354260206585712
11571,6.632,6.381999999999999
11572,-1.8739999999999994,-26.98886034552057
11573,-6.631747779595332,31.910000000000004
11574,-11.187999999999999,5.300488875036474
11575,0.2942522204046689,17.224
11576,3.3859999999999992,0.3139999999999986
11577,-17.29,-19.946709166542387
11578,5.483545230794461,-5.234
11579,-0.13800000000000062,10.75
11580,6.816,7.524121201202763
11581,2.1639999999999993,-14.80523535260495
11582,-5.17,-18.410710213014205
11583,-3.2659999999999996,14.675999999999998
11584,5.068,-11.726000000000003
11585,-4.959999999999999,5.587999999999999
11586,-1.0019999999999996,-0.9500000000000007
11587,5.623999999999998,16.401999999999997
11588,-0.06999999999999976,6.959999999999999
11589,4.93,7.69225222040467
11590,-9.409747779595332,21.546
11591,-3.714,10.481051062400217
11592,0.9482261007547749,-6.881479586828576
11593,-1.4997738992452256,2.4330184532766626
11594,5.0939124543926075,-4.488000000000001
11595,-9.620000000000001,22.696
11596,2.9638824766171847,-16.226
11597,-13.456527508286419,5.208033655595372
11598,5.772,0.8999999999999979
11599,8.366,-9.638000000000002
11600,5.321999999999999,8.261999999999999
11601,-7.428,1.569999999999999
11602,-7.006,-13.688266570932086
11603,-2.6,19.656
11604,4.504,-8.10348757300962
11605,9.106,5.226000000000001
11606,-0.11999999999999958,0.29399999999999693
11607,1.5659999999999996,-12.07996634440463
11608,-15.592000000000002,10.843999999999998
11609,1.3399999999999992,2.8879999999999986
11610,4.9159999999999995,8.29905106240022
11611,-1.938000000000001,9.415999999999999
11612,8.148226100754776,-0.11387879879723713
11613,5.274000000000001,13.116
11614,2.4899999999999993,32.93599999999999
11615,-5.188000000000001,-1.0729489375997816
11616,-15.553747779595332,22.496
11617,13.693999999999999,2.778121201202762
11618,6.776226100754775,-7.693966344404631
11619,5.286252220404668,5.508121201202764
11620,6.246,-13.86
11621,12.799999999999999,-6.39128502420875
11622,7.483255107908471,27.234
11623,-5.33,11.304121201202761
11624,-13.957999999999998,5.730714975791252
11625,-12.95029009440826,-5.0040000000000004
11626,-0.4860000000000003,-21.162915282004413
11627,-2.3200875456073917,18.581999999999997
11628,3.5099999999999993,-4.482000000000002
11629,-26.278779728691084,-6.985217713018005
11630,2.3059999999999996,29.45
11631,-6.9799999999999995,-15.488492671686862
11632,8.073018453276664,3.7339999999999973
11633,-5.631999999999999,21.115999999999996
11634,3.6827908558145053,14.753999999999996
11635,1.7281085773719602,-4.817477469368153
11636,-2.886290853654611,-11.197761275414422
11637,13.383999999999997,17.077999999999996
11638,1.5190184532766655,1.8960000000000001
11639,14.656,1.4781212012027622
11640,3.8899999999999992,11.182121201202762
11641,1.116236654631806,11.313999999999998
11642,2.173999999999999,-10.036948937599782
11643,7.068,-22.01574777959533
11644,6.6579999999999995,-3.7180000000000013
11645,7.091912454392608,6.534000000000001
11646,1.284,11.266
11647,-2.5700000000000003,0.4940000000000026
11648,3.3842261007547747,1.0439999999999992
11649,-2.9817738992452254,6.157999999999999
11650,-4.163209144185494,-7.7358787987972395
11651,-0.7821175233828157,21.854
11652,6.324,11.555999999999997
11653,9.11,-6.245511124963525
11654,-1.1761175233828154,9.042121201202765
11655,-0.4839999999999997,6.813999999999998
11656,-8.838,9.533999999999999
11657,4.69,12.296121201202762
11658,1.2459999999999996,4.932252220404668
11659,-7.866,5.183999999999999
11660,5.428,22.074
11661,-6.138,21.112000000000002
11662,-7.101865302978146,-15.874981546723337
11663,10.661999999999999,-2.660000000000001
11664,2.9402261007547748,-16.64996309344667
11665,-0.6877738992452255,4.039018453276664
11666,3.38,-1.8457477795953323
11667,-1.012,3.4599999999999986
11668,0.932,-4.550948937599783
11669,-9.312087545607392,12.448
11670,12.336,14.477051062400218
11671,-2.804000000000002,1.2322602065857111
11672,2.0259999999999994,-7.9956185922115255
11673,-9.228,-2.2617612754144227
11674,-7.6240000000000006,13.129999999999999
11675,5.766000000000001,-14.599761275414423
11676,6.217999999999999,21.104
11677,14.112,-10.993761275414423
11678,2.128,4.599999999999996
11679,-3.5481175233828153,-2.6269489375997823
11680,-1.1359999999999997,4.859018453276663
11681,8.032,6.256
11682,-0.4820000000000004,-22.23974777959533
11683,-0.8980000000000004,5.534000000000001
11684,9.863882476617183,15.154000000000002
11685,-4.2669815467233345,6.167051062400217
11686,12.866000000000003,-14.922981546723335
11687,-3.158000000000001,6.24871497579125
11688,8.190000000000001,9.429018453276663
11689,-6.089999999999998,-1.1855111249635253
11690,9.893999999999998,8.081018453276663
11691,-1.3669815467233348,2.4629671961959203
11692,6.845882476617186,-0.9920000000000023
11693,-11.181999999999999,14.259051062400221
11694,10.916,4.580000000000001
11695,-6.562,4.8802522204046666
11696,5.933999999999999,-9.212981546723336
11697,5.500252220404668,13.253018453276663
11698,4.3100000000000005,5.731999999999998
11699,-2.589999999999999,2.5559999999999996
11700,-0.6300000000000001,-15.388
11701,-4.876981546723336,2.4500000000000015
11702,3.192,1.1262522204046674
11703,-3.5200000000000005,-9.694
11704,13.228,-0.7
11705,-2.1660875456073923,-10.127999999999998
11706,-0.19200000000000017,-4.925739793414287
11707,9.661999999999997,-1.8619663444046282
11708,5.244,3.223999999999998
11709,0.5084888750364757,1.121999999999997
11710,-1.3300000000000007,7.033999999999999
11711,3.7552202713089136,21.438
11712,1.8819999999999992,-4.25576127541442
11713,3.367018453276665,15.827999999999998
11714,8.384,-1.7999999999999983
11715,-4.502000000000001,-7.8278787987972365
11716,-3.752,0.6370510624002187
11717,5.324236654631806,12.764000000000001
11718,7.485043076219175,8.86
11719,4.019999999999999,-10.28787879879724
11720,-7.024087545607392,8.214033655595372
11721,-15.617773899245226,11.818
11722,-0.7232091441854946,-17.35576127541442
11723,3.4527908558145057,0.34305106240021777
11724,-9.012,7.956260206585711
11725,2.6612202713089133,3.5660336555953704
11726,6.627882476617185,-10.591522550828845
11727,-5.16,-2.735511124963524
11728,4.37,-40.69
11729,3.54,14.796000000000001
11730,0.20823872458557807,7.4239999999999995
11731,0.9078824766171841,11.582
11732,-1.384000000000001,-14.3145700484175
11733,-11.740117523382816,-5.813032803804082
11734,-1.3872091441854937,-5.370948937599783
11735,5.51,4.5600000000000005
11736,-3.573747779595331,-10.238948937599783
11737,2.7779999999999996,3.0842387245855756
11738,-2.5779888728765803,6.276714975791251
11739,5.575427707411647,-14.134981546723338
11740,5.35,5.802121201202762
11741,1.3739999999999994,-8.821285024208748
11742,-1.3739999999999999,0.6572786598623758
11743,5.644000000000001,5.633999999999999
11744,7.715999999999999,19.898000000000003
11745,-8.766779728691086,9.487018453276665
11746,-4.860000000000001,-4.69
11747,-1.1440000000000006,6.624252220404666
11748,1.046,11.77603365559537
11749,2.3639999999999994,29.456
11750,2.006236654631806,-10.88528502420875
11751,5.718,16.497999999999998
11752,6.368,6.859051062400221
11753,8.610236654631807,-0.8872850242087498
11754,12.515999999999998,-11.332000000000003
11755,-7.830527508286417,16.572252220404668
11756,-4.480000000000001,7.438714975791251
11757,4.050138555147383,26.372000000000003
11758,3.589018453276664,6.248000000000001
11759,2.3920000000000003,7.63671497579125
11760,-1.8800000000000001,22.924033655595373
11761,5.0600000000000005,1.5442602065857123
11762,-5.307835325202723,-22.29367826391845
11763,-4.132,-0.8519663444046286
11764,4.35,6.589999999999999
11765,6.862,1.865999999999999
11766,6.214,-17.69576127541442
11767,7.698473309263614,11.651999999999997
11768,1.0259999999999991,17.986
11769,-14.559999999999999,8.222252220404666
11770,6.266,17.524
11771,8.51,14.128121201202763
11772,4.267999999999999,9.384
11773,2.6922366546318064,14.876
11774,-2.6060000000000003,3.624714975791251
11775,7.706,9.502
11776,-4.270744892091528,-3.916947891127964
11777,-8.586175091214784,3.1070510624002177
11778,-5.676,10.269999999999998
11779,7.935999999999998,6.25
11780,0.7752202713089126,-0.4680000000000028
11781,5.264236654631806,17.974
11782,-4.912000000000001,-15.36176127541442
11783,9.262236654631808,8.91603365559537
11784,-7.134867274298477,-3.3619999999999983
11785,-7.836087545607391,20.323999999999995
11786,-3.8749815467233346,4.369999999999999
11787,3.3321346970218544,10.538
11788,-16.75,-11.856492671686862
11789,0.7799999999999994,25.890000000000004
11790,-14.463999999999999,7.812488875036474
11791,2.3440000000000003,22.854000000000003
11792,-1.5537477795953312,13.821999999999997
11793,-2.902,21.698
11794,3.752,22.312
11795,-4.696981546723335,17.073999999999998
11796,-1.7987797286910863,14.963999999999999
11797,8.756,5.171999999999997
11798,0.313999999999999,-5.3759999999999994
11799,-33.239999999999995,-3.870721340137622
11800,3.7840000000000003,-5.512000000000002
11801,7.5059999999999985,16.856
11802,0.8859999999999998,-1.622000000000002
11803,-4.056,2.5479999999999996
11804,0.7279999999999998,-7.174000000000001
11805,6.258226100754774,-12.428911602601316
11806,8.005999999999998,15.62
11807,3.532,-24.033761275414424
11808,-3.904,-18.317618592211524
11809,11.591999999999999,7.212000000000001
11810,-0.9320000000000007,14.718252220404668
11811,9.115999999999998,16.065999999999995
11812,4.343999999999999,-9.148860345520571
11813,9.378,15.240033655595372
11814,-5.649511124963525,4.051999999999998
11815,-4.56,-0.20498154672333654
11816,1.516,9.106
11817,-0.09199999999999972,11.376033655595375
11818,0.768,21.868000000000002
11819,6.101999999999999,6.9310510624002175
11820,5.808000000000001,7.778033655595371
11821,0.24599999999999903,-1.032827736397018
11822,2.894790855814506,24.48
11823,1.929999999999999,1.626610076239237
11824,3.4919999999999995,-32.181747779595334
11825,-4.4140000000000015,21.776
11826,-7.953988872876581,11.09
11827,-3.9560000000000004,-2.235739793414289
11828,2.3822261007547754,2.1359999999999997
11829,3.519545230794462,17.669999999999998
11830,8.722790855814505,1.5622602065857119
11831,1.869220271308913,-7.894000000000001
11832,3.251999999999999,3.6547149757912516
11833,11.785999999999998,10.169999999999998
11834,7.893018453276665,-21.44351112496353
11835,0.03622610075477404,2.9679999999999995
11836,-1.0340000000000011,19.509999999999998
11837,3.0119999999999996,23.918
11838,-2.451209144185494,15.424000000000001
11839,0.29101845327666426,16.552
11840,4.762790855814505,-12.643999999999998
11841,-4.83,-8.103761275414422
11842,3.9452202713089135,-11.754981546723334
11843,-1.7120000000000009,2.304512426990379
11844,1.4519999999999986,-0.05396634440462762
11845,-7.144000000000001,-2.0159999999999996
11846,1.5579999999999994,10.528
11847,-0.37800000000000084,11.765999999999998
11848,0.5360000000000007,16.538
11849,3.9459999999999993,-0.5617397934142871
11850,9.987018453276665,1.449999999999997
11851,2.632,5.934033655595369
11852,0.7839999999999996,17.924
11853,-4.1739999999999995,9.048000000000002
11854,-10.181999999999999,24.713999999999995
11855,0.45788247661718523,18.948
11856,-3.908,7.662238724585578
11857,12.962,25.613999999999997
11858,-0.9587797286910862,-11.046729326318669
11859,11.761999999999999,-3.9580000000000006
11860,3.648790855814506,9.572
11861,7.9879999999999995,1.5545124269903803
11862,2.790790855814506,0.2449751823769617
11863,11.464,-15.807878798797237
11864,3.7755817116290125,2.6307149757912507
11865,-0.14552669073638674,-12.213999999999997
11866,-17.761999999999997,0.8170510624002176
11867,4.748,1.8160000000000012
11868,3.3619999999999997,22.945999999999998
11869,5.818,18.208
11870,4.967999999999998,-7.446981546723336
11871,4.93,4.078
11872,-1.4881175233828148,-14.316710213014204
11873,10.324,0.3857334290679148
11874,5.928226100754775,22.25
11875,-2.048,-8.346729326318668
11876,-4.15,6.488000000000001
11877,-1.4920000000000002,-9.904
11878,-8.14,-5.491845143201865
11879,-2.121999999999999,15.272
11880,-3.25,0.09448887503647399
11881,-7.195747779595331,3.524
11882,6.457018453276666,-4.485761275414422
11883,-1.6560000000000017,-8.900999148208708
11884,-2.46019069090883,7.1659999999999995
11885,19.082,-9.624460062563305
11886,2.5667908558145056,-1.7815111249635252
11887,-5.515209144185494,26.25
11888,10.767999999999999,-4.526000000000001
11889,2.3859999999999997,21.662
11890,-12.576087545607392,-1.5540000000000007
11891,-5.074000000000001,-22.2187102130142
11892,0.4600000000000004,-9.298000000000002
11893,4.054,20.199999999999996
11894,-8.891209144185494,5.405999999999999
11895,-3.048087545607392,17.61
11896,4.533882476617185,13.003999999999996
11897,6.488236654631807,19.266
11898,-5.330000000000001,3.025999999999999
11899,2.45,14.024000000000001
11900,-7.210000000000003,14.742
11901,-1.6000000000000008,-11.642000000000001
11902,-0.16400000000000023,4.609999999999998
11903,-17.18,-20.43713016741061
11904,-15.904,5.358
11905,13.653999999999996,0.2799999999999997
11906,-5.070087545607391,-17.50328502420875
11907,-2.058000000000001,-12.717024817623038
11908,2.645999999999999,1.3840336555953712
11909,-1.3905275082864186,-7.309739793414289
11910,4.107999999999999,-14.684879421922897
11911,2.039999999999999,2.9719999999999978
11912,0.8020000000000003,34.373999999999995
11913,3.442,2.7327149757912492
11914,2.859999999999999,10.996
11915,11.367999999999999,5.236000000000001
11916,-0.8620000000000012,9.155999999999997
11917,-3.786981546723335,5.701999999999997
11918,-2.6389815467233357,3.0780336555953722
11919,0.19025222040466866,-14.939477469368153
11920,11.865999999999998,5.996238724585576
11921,-0.1180000000000014,-5.58
11922,-3.849999999999999,-2.7519999999999993
11923,-0.40400000000000064,-2.8617477795953308
11924,-12.304000000000002,24.176000000000002
11925,6.289999999999999,0.5042387245855778
11926,5.405912454392608,12.9
11927,-8.538,3.5202387245855773
11928,11.565999999999999,10.943018453276663
11929,2.43,-26.066752437442084
11930,-5.016000000000001,11.209999999999999
11931,-1.1440000000000001,13.748
11932,0.20000000000000018,0.40006951567688276
11933,-0.6144547692055378,7.455999999999999
11934,0.3255452307944628,4.968749081622185
11935,-1.6300000000000001,-0.19894893759978202
11936,5.623018453276664,24.577999999999996
11937,-3.157773899245225,-11.561878798797235
11938,4.811999999999999,4.337999999999999
11939,10.764,-1.428000000000003
11940,0.7819999999999997,-4.736981546723337
11941,2.010226100754775,-21.040948937599783
11942,7.111999999999999,-4.994000000000001
11943,-3.246,-7.427511124963525
11944,2.7210184532766646,6.5667149757912515
11945,-16.844454769205537,12.746
11946,7.382273561185135,10.214
11947,-0.7360000000000009,3.5239999999999996
11948,-0.43376334536819317,7.583999999999998
11949,-3.0040000000000004,15.162
11950,-6.486768601567666,7.934714975791249
11951,-1.8689815467233344,-8.907739793414287
11952,-9.218,8.553999999999998
11953,-3.6507797286910857,12.051999999999998
11954,10.457999999999998,-0.2649815467233374
11955,-0.8100000000000005,3.1419999999999995
11956,-6.140000000000001,-7.25
11957,8.614236654631807,-3.8600000000000003
11958,7.358000000000001,-3.4720000000000013
11959,0.6180000000000011,-24.505509055009753
11960,-2.024,-0.4660000000000018
11961,0.5855452307944613,5.465999999999998
11962,7.138236654631807,-5.45
11963,-0.7360000000000003,2.602000000000001
11964,7.572,9.872
11965,-4.493747779595331,-0.2517397934142906
11966,8.596,-10.95728502420875
11967,2.444,7.808121201202761
11968,0.0062522204046691066,7.158252220404667
11969,4.063999999999999,2.9059999999999997
11970,-0.965747779595332,26.701999999999998
11971,-0.1720875456073916,14.243999999999996
11972,11.792,-6.403747779595333
11973,-11.82021811457373,0.36400000000000005
11974,-3.788981546723336,-6.036450006428491
11975,-2.8820000000000006,0.896714975791248
11976,4.617999999999999,-7.759739793414289
11977,4.435545230794463,-11.009930484323117
11978,-0.3460000000000001,-3.851285024208751
11979,-2.880779728691087,-4.138
11980,0.45154523079446207,6.735051062400219
11981,10.806000000000001,-15.34
11982,0.184,-25.908253947101286
11983,3.283999999999999,-5.959739793414289
11984,-26.220000000000006,7.468714975791249
11985,-3.556000000000002,15.407999999999998
11986,4.9799999999999995,-3.892948937599782
11987,-2.122,-3.1740000000000017
11988,3.916252220404668,0.8802387245855783
11989,-0.5781063962593957,7.479999999999999
11990,0.32199999999999934,26.129999999999995
11991,-0.21045476920553768,20.104
11992,-3.4539999999999993,18.192
11993,-3.822,-18.577966344404626
11994,-7.872000000000002,13.701999999999998
11995,-5.448,7.092121201202763
11996,-5.2232091441854935,10.937999999999999
11997,-6.700000000000001,-4.823285024208751
11998,6.217999999999999,-1.6297397934142885
11999,0.056236654631806535,-3.006000000000001
12000,5.426,-6.373966344404627
12001,-4.596087545607391,1.6880000000000002
12002,9.781270673681332,2.258238724585577
12003,0.11199999999999974,-2.905999999999999
12004,0.474226100754775,-0.03694893759978193
12005,-8.43,-15.422000000000002
12006,0.2559999999999992,2.2152038508277245
12007,-2.4420875456073916,-19.158533141864172
12008,-0.4240000000000007,11.842488875036475
12009,3.804,22.005999999999997
12010,5.081999999999999,-13.511024817623035
12011,-7.844543074059279,7.281999999999998
12012,-1.256000000000001,-3.172981546723335
12013,-0.1684547692055373,13.462
12014,-5.540000000000001,-24.56548757300962
12015,2.5099999999999993,-33.797761275414416
12016,4.545018453276666,3.336033655595371
12017,1.4242366546318064,14.988
12018,1.2639999999999996,20.064
12019,10.241999999999999,-21.697251368613376
12020,-0.5020000000000013,-12.435761275414423
12021,-4.128,4.376238724585578
12022,6.151999999999999,-13.88562657839257
12023,-11.383763345368191,5.8
12024,-3.378,-5.507966344404626
12025,-6.405999999999999,8.271999999999997
12026,7.478,8.809999999999999
12027,-4.479999999999999,-22.51396634440463
12028,-6.58645476920554,6.975018453276664
12029,4.248,4.148
12030,-3.1517477795953317,6.640067311190743
12031,-6.722645031669233,-7.379878798797236
12032,2.25,1.7859999999999985
12033,-9.382,-7.5519663444046286
12034,-1.5909815467233352,1.5599999999999998
12035,11.392790855814507,11.44248887503647
12036,-1.3272091441854943,-13.641495559190663
12037,-4.492087545607391,-16.80796634440463
12038,-2.5759999999999996,13.207051062400216
12039,-14.323999999999998,-1.7540000000000036
12040,2.636,-0.6380000000000001
12041,11.051999999999998,1.603018453276663
12042,-0.19577389924522529,-4.953999999999999
12043,10.727999999999998,-9.527024817623037
12044,8.733018453276664,-9.381761275414423
12045,-2.4419999999999993,10.43
12046,2.098,10.014
12047,5.389882476617184,-15.480981546723338
12048,11.465882476617185,0.8739999999999997
12049,1.8712202713089137,-7.0020000000000024
12050,0.6059999999999992,16.945999999999998
12051,2.814,16.371999999999996
12052,-2.5280000000000014,-5.119285024208749
12053,-13.235773899245226,12.175999999999997
12054,0.11599999999999966,1.5300336555953713
12055,-0.8960000000000001,0.55
12056,-5.924,19.009999999999998
12057,2.298790855814506,-11.662
12058,2.0517713315492374,8.988000000000001
12059,4.653999999999999,6.984
12060,4.243999999999998,7.163051062400217
12061,-0.9764547692055384,2.5579999999999976
12062,5.348,9.540252220404668
12063,8.179999999999998,15.509999999999996
12064,-0.2180000000000014,3.9679999999999978
12065,8.205018453276665,1.4767486313866214
12066,-13.520000000000001,-7.069626578392567
12067,11.643999999999998,9.034
12068,-0.7299999999999998,-8.00951112496352
12069,4.593882476617185,-23.4865574245867
12070,10.686,-7.123739793414285
12071,-6.426981546723335,-1.950981546723338
12072,-1.132,7.601051062400218
12073,-2.862,-4.677999999999997
12074,-8.04854231481293,2.185999999999999
12075,6.39,11.038
12076,-5.234000000000001,1.7162387245855784
12077,-2.4520000000000004,30.692
12078,6.422,-8.723747779595332
12079,4.0802522204046685,5.434121201202762
12080,-1.4867797286910862,-5.024981546723334
12081,1.7882366546318067,21.682
12082,3.594,14.790000000000003
12083,-5.011296689792887,-19.524
12084,2.276790855814505,-3.085761275414422
12085,9.312,12.279999999999998
12086,-0.7219999999999999,3.4667149757912505
12087,-0.21974777959533115,4.798121201202761
12088,-19.848000000000003,6.700252220404669
12089,7.497999999999999,-3.9620000000000006
12090,-3.0160875456073915,6.890488875036473
12091,8.297018453276664,2.8022387245855773
12092,-0.42000000000000026,14.098121201202762
12093,1.6799999999999997,-3.2375111249635267
12094,4.802,7.797311268985931
12095,12.984,1.6801021248004382
12096,-6.636087545607393,-1.5397477795953307
12097,1.1739999999999995,-18.986981546723335
12098,7.402226100754774,2.998000000000002
12099,-4.286779728691085,13.181999999999999
12100,-9.194454769205539,-6.414762493576902
12101,4.2059999999999995,21.662
12102,-0.6480000000000004,7.010000000000001
12103,-3.823880868751009,17.169999999999998
12104,1.9499999999999997,23.259999999999998
12105,-0.1197738992452253,10.878
12106,1.2039999999999997,1.709999999999998
12107,16.973999999999997,-2.5479304843231176
12108,-4.323209144185493,-2.4000000000000017
12109,-3.786,25.193999999999996
12110,12.871999999999996,-5.972796149172275
12111,4.79579745119913,-3.0340000000000016
12112,5.879999999999998,12.594
12113,1.64,-10.09
12114,5.347999999999999,21.948
12115,3.8920000000000003,24.940000000000005
12116,-1.252779728691087,1.4420000000000015
12117,-7.883209144185495,7.930260206585712
12118,-3.1819999999999995,-10.265626578392567
12119,11.524252220404666,-27.485739793414286
12120,-4.371773899245225,5.008
12121,10.782,-11.187999999999999
12122,-0.2340000000000005,-4.305999999999997
12123,9.487999999999998,-1.3639999999999994
12124,6.5920000000000005,12.803999999999998
12125,6.758,-15.828981546723332
12126,2.7019999999999995,14.129999999999999
12127,3.9179999999999984,-4.081966344404629
12128,5.572000000000001,11.744
12129,-2.6060000000000003,-1.8152850242087495
12130,9.739999999999998,25.330121201202758
12131,5.622000000000001,-19.976
12132,-0.26000000000000123,-13.133511124963528
12133,-0.19200000000000053,2.7347149757912503
12134,-4.5280000000000005,3.2100336555953697
12135,-7.110000000000001,-13.145930484323117
12136,-4.1080000000000005,-24.273999999999994
12137,7.77090092989385,13.12825222040467
12138,5.438000000000001,13.696714975791249
12139,2.082,20.952
12140,6.184,23.031999999999996
12141,4.3999999999999995,-4.432981546723337
12142,5.0699999999999985,-0.6579663444046296
12143,-8.696645031669231,4.332121201202763
12144,3.978,-3.6520000000000024
12145,-0.9709815467233363,17.912
12146,3.440236654631806,-2.340000000000002
12147,3.1499999999999986,7.496488875036474
12148,-1.832,-14.186981546723336
12149,-0.622000000000001,15.536000000000001
12150,-0.6579999999999998,-19.273999999999994
12151,-8.344,-8.643999999999998
12152,-5.217999999999999,-3.61328502420875
12153,10.187882476617185,16.02
12154,0.30199999999999927,-9.641479586828577
12155,1.9582366546318064,-9.175739793414287
12156,2.9200000000000004,2.599999999999998
12157,7.382,4.337999999999999
12158,4.619999999999999,-22.26350106882871
12159,2.019220271308914,18.659999999999997
12160,-6.706454769205538,-1.0835111249635248
12161,6.225999999999999,-3.4179999999999966
12162,-9.662,5.473999999999998
12163,11.873018453276664,-12.850000000000003
12164,-0.29000000000000126,-4.0679663444046295
12165,2.6700000000000004,-0.2559663444046308
12166,-3.167773899245225,-13.466
12167,3.2858824766171844,11.825999999999999
12168,-2.798,9.561018453276663
12169,-7.156000000000001,2.9001212012027615
12170,-6.892779728691087,-19.81894893759978
12171,-4.664,-13.818000000000007
12172,-5.6997738992452245,3.2347490816221858
12173,1.7830184532766644,16.371999999999996
12174,-1.3944547692055385,16.958
12175,-2.952000000000001,21.723999999999997
12176,7.4239999999999995,-1.4260000000000006
12177,3.0900000000000003,-4.125761275414422
12178,3.6079999999999997,9.298
12179,5.022,-16.439966344404628
12180,-2.804867274298478,3.867018453276665
12181,7.1758824766171845,14.646260206585714
12182,5.197999999999999,2.1239999999999997
12183,-13.510000000000002,1.0464888750364758
12184,1.986,-25.183966344404624
12185,2.4982522204046673,0.5564888750364745
12186,-3.0205430740592796,13.956238724585575
12187,-0.5287797286910856,3.6982387245855777
12188,1.714,-3.3910248176230384
12189,2.491018453276664,10.358
12190,-0.4377738992452258,-6.995757597594474
12191,3.966226100754775,-13.521932688809255
12192,6.694,-9.60587879879724
12193,-4.735763345368193,-2.289285024208751
12194,-6.842000000000001,-2.9997612754144227
12195,-10.794,-10.407511124963525
12196,-2.398779728691087,-2.8340000000000005
12197,5.614226100754775,0.0799999999999983
12198,8.477999999999998,-4.155479586828575
12199,-8.361773899245227,13.307999999999998
12200,-1.0580000000000003,30.144
12201,5.69,32.186
12202,6.738226100754774,-3.6718787987972363
12203,-8.706,-5.605999999999999
12204,-1.024779728691086,2.220252220404666
12205,-1.9247797286910866,19.65
12206,1.723999999999999,-14.928981546723339
12207,11.037912454392607,1.518000000000002
12208,0.01199999999999939,-0.07328502420875012
12209,-2.4899999999999993,35.715999999999994
12210,-2.290117523382815,-0.8175111249635257
12211,5.31,4.342
12212,-6.784704703376157,25.944000000000006
12213,9.509545230794462,-2.3655111249635277
12214,0.11425222040466813,-4.616000000000001
12215,-3.8379999999999996,4.762121201202762
12216,-6.698,-7.9329815467233376
12217,1.5079999999999996,32.878
12218,-3.1989815467233345,-0.7450248176230396
12219,-1.054,5.968121201202764
12220,3.655999999999999,6.3100000000000005
12221,-6.190087545607392,20.348
12222,6.8519999999999985,-6.094988594331676
12223,-4.144,-9.287878798797237
12224,10.248,18.438
12225,-5.972,-1.140948937599783
12226,-5.944000000000001,20.701999999999998
12227,3.8679999999999994,-6.539032803804081
12228,-1.1382286684507634,12.145999999999999
12229,-3.173209144185495,20.554000000000002
12230,-0.3680000000000002,-18.66947746936815
12231,1.6280000000000008,-6.7100000000000035
12232,5.037999999999999,9.084488875036474
12233,-5.660000000000001,-2.6517477795953317
12234,-5.704000000000001,24.472
12235,-2.18754779849045,11.533999999999999
12236,7.0699999999999985,11.366
12237,-16.554,-11.523739793414292
12238,3.799794931009793,8.495999999999999
12239,2.7558824766171846,-7.049966344404629
12240,11.475999999999999,-11.48976127541442
12241,3.0239999999999982,6.957999999999997
12242,-2.0680000000000005,-3.5100000000000025
12243,-7.676779728691086,5.495999999999998
12244,10.008,5.978121201202762
12245,1.5219999999999998,-1.3077061378189163
12246,-2.2377738992452265,-1.5878787987972376
12247,8.308,12.652033655595373
12248,2.4339999999999993,10.376748631386622
12249,-2.8740000000000006,11.894000000000002
12250,7.489912454392607,-9.594981546723337
12251,5.352,9.453999999999999
12252,-7.124981546723336,-1.5919663444046293
12253,1.9439999999999995,13.350121201202763
12254,3.222,-16.27
12255,7.266,10.697999999999999
12256,-3.1719999999999997,11.607999999999999
12257,2.34,9.179999999999998
12258,9.797999999999998,-9.84348757300962
12259,6.070252220404668,-23.34874282213776
12260,-1.375999999999999,-18.189747779595333
12261,2.4220000000000006,-9.682710213014204
12262,8.040252220404668,-16.219966344404632
12263,-0.2620000000000006,9.218252220404667
12264,-11.861999999999998,-7.156981546723332
12265,9.040000000000001,13.24071497579125
12266,-6.824,2.267051062400218
12267,3.0178824766171846,-13.937966344404629
12268,1.987912454392608,7.231018453276666
12269,0.9840000000000005,15.37
12270,-0.3240875456073926,13.316714975791248
12271,1.3539999999999996,-2.802981546723333
12272,-0.4739999999999995,23.244
12273,8.679999999999998,-6.072729326318668
12274,-0.5959999999999998,-18.051511124963525
12275,-4.606087545607392,4.3267149757912495
12276,4.280000000000001,16.076
12277,-1.9860000000000002,-12.293999999999999
12278,-10.122,22.46
12279,12.142,-3.293878798797236
12280,0.37399999999999983,12.116
12281,3.432226100754775,9.155999999999999
12282,-0.16599999999999895,6.7639999999999985
12283,12.942000000000002,-2.778981546723336
12284,-4.964,-22.99976127541442
12285,-0.6567797286910864,16.442
12286,2.5779999999999994,19.102
12287,3.6619124543926076,-5.659999999999998
12288,-2.8920000000000003,3.0662522204046687
12289,-10.501999999999999,19.439999999999998
12290,-0.1480000000000004,7.342033655595371
12291,-0.7699999999999999,2.3891396544794263
12292,10.824,22.90203365559537
12293,-7.149763345368191,-5.155477469368155
12294,1.3219124543926086,-10.500981546723336
12295,-1.0360000000000003,-1.8592850242087493
12296,2.70545692594072,-11.472000000000003
12297,6.046,-16.275272400377947
12298,5.766,8.604000000000001
12299,-0.6700000000000017,17.154000000000003
12300,8.259912454392609,1.9502387245855772
12301,-0.7759999999999989,-12.831761275414422
12302,-2.56,-13.929511124963522
12303,6.934252220404669,0.7740336555953717
12304,8.216236654631805,3.238252220404668
12305,-0.6544547692055378,-9.404
12306,4.651999999999999,-10.737511124963524
12307,4.621999999999999,-7.630981546723336
12308,6.510252220404669,4.858069515676884
12309,-5.402000000000001,-10.912000000000003
12310,6.42410857737196,8.808
12311,1.1279999999999994,20.232
12312,5.502,6.539018453276663
12313,-5.0657477795953305,-21.524232465101147
12314,3.539999999999999,7.801999999999997
12315,2.7380000000000004,1.7582522204046676
12316,1.7542261007547748,14.953999999999999
12317,-8.4,5.74
12318,-0.8537633453681936,19.252121201202762
12319,2.134,7.162238724585579
12320,5.901999999999999,21.636000000000003
12321,0.8672202713089133,-4.36928502420875
12322,-1.2940000000000011,7.220121201202763
12323,0.9507908558145054,-8.233761275414421
12324,-7.843773899245226,2.4240000000000004
12325,9.786,5.155999999999999
12326,-3.437773899245225,-5.452
12327,-7.44,-16.537878798797244
12328,7.72225222040467,15.824000000000002
12329,5.929999999999999,-3.2297397934142857
12330,5.12,3.4742602065857113
12331,3.478,11.21471497579125
12332,-32.092,28.580000000000002
12333,4.398236654631806,-1.3800000000000021
12334,11.27,-10.735747779595332
12335,-7.444,10.868260206585711
12336,2.3618093090911705,12.424
12337,7.2620000000000005,9.104
12338,5.015270673681334,-12.126000000000001
12339,1.7175452307944616,2.003999999999999
12340,4.0280000000000005,14.34426020658571
12341,-2.5310690923307275,2.405052108872036
12342,3.679018453276665,15.219999999999999
12343,4.396790855814505,14.37
12344,-4.026000000000001,9.364260206585712
12345,-15.638,10.892
12346,-1.9637477795953306,-6.6039999999999965
12347,15.865999999999996,9.03403365559537
12348,3.859912454392608,8.695999999999998
12349,3.3099999999999996,-12.535999999999998
12350,-5.2299999999999995,24.43
12351,-5.677747779595331,13.0
12352,6.8,9.396488875036471
12353,-8.076087545607392,21.382
12354,4.607220271308913,12.041999999999996
12355,-3.802454769205538,2.641270673681332
12356,-1.252117523382815,4.869051062400216
12357,3.9239999999999995,-17.21138992376076
12358,5.242,-2.008
12359,-9.660117523382814,-12.269930484323117
12360,5.0281191312489915,3.7199999999999998
12361,3.4239999999999986,-14.833618592211526
12362,3.976108577371959,-11.80947746936815
12363,0.047999999999998974,5.369999999999999
12364,1.0563360866089684,15.391999999999996
12365,1.89,15.764488875036474
12366,-0.618205068990207,-20.743739793414285
12367,10.475999999999999,1.9250510624002186
12368,-14.286000000000001,11.894
12369,-21.009999999999998,7.422033655595371
12370,4.1,0.4481212012027612
12371,1.5819999999999996,16.598000000000003
12372,0.40391245439260787,20.886
12373,-3.0832091441854947,9.786067311190745
12374,-8.35008754560739,-11.928000000000003
12375,-7.942779728691086,-2.968
12376,7.258226100754774,18.578
12377,6.5139999999999985,-0.9300000000000012
12378,-7.686000000000002,-20.354981546723337
12379,2.0638824766171853,8.039999999999997
12380,8.592,-8.663966344404626
12381,-4.273209144185494,3.4824888750364735
12382,-7.398117523382815,18.406
12383,10.447999999999997,-14.183511124963527
12384,1.0722387245855778,8.415999999999997
12385,6.057882476617185,-5.34728502420875
12386,-1.300087545607391,5.504238724585578
12387,1.5790184532766633,-10.911747779595336
12388,1.5579999999999994,3.0307149757912506
12389,-4.1400875456073924,15.846488875036476
12390,4.081999999999999,3.836
12391,1.704,-12.33774777959533
12392,3.3352202713089136,8.977999999999998
12393,-0.32600000000000035,-14.057389923760761
12394,-4.340000000000001,3.3939999999999975
12395,2.2899999999999996,27.653999999999996
12396,4.763999999999999,0.7875399374366949
12397,11.316236654631805,-5.309878798797238
12398,5.735999999999999,-0.24599999999999794
12399,3.8119124543926093,2.4170184532766634
12400,-2.6659999999999995,-3.2557612754144216
12401,-6.89554779849045,-18.429739793414285
12402,4.736,-2.459747779595333
12403,-1.5140000000000007,4.8284888750364745
12404,5.8519999999999985,18.17426020658571
12405,7.715999999999999,2.526
12406,-9.174000000000001,9.14
12407,1.9199999999999993,13.86071497579125
12408,1.5420000000000007,15.913999999999998
12409,1.2079999999999995,-26.05174777959533
12410,9.614,-2.79164007421166
12411,9.181882476617185,13.138
12412,-0.44800000000000073,-8.582948937599781
12413,0.08599999999999888,0.4400000000000011
12414,3.7659999999999996,-2.5459326888092555
12415,3.4819999999999993,-10.668
12416,-0.9819999999999991,15.053999999999998
12417,-1.4179999999999997,-4.316948937599781
12418,0.8799999999999993,-5.570948937599781
12419,1.7739999999999998,-1.702000000000001
12420,3.630236654631807,-11.659757597594473
12421,-6.569891422628041,-12.619966344404629
12422,10.33,-17.649046299623173
12423,-8.302779728691087,-20.785509055009754
12424,-1.2400000000000002,23.694
12425,2.438226100754775,15.157999999999998
12426,-6.82,-15.997878798797236
12427,-5.188000000000001,20.966
12428,-4.354,12.079999999999998
12429,0.14591245439260875,12.926121201202765
12430,8.372,-8.656000000000002
12431,4.261999999999999,2.374488875036475
12432,12.258,-3.908
12433,-4.363773899245226,-8.413761275414423
12434,-9.548,8.552033655595372
12435,-10.108087545607392,3.7439999999999998
12436,-1.1000875456073906,-1.2279999999999973
12437,7.744,-11.668536392822126
12438,2.5179999999999993,-2.7815111249635267
12439,-6.360000000000001,-11.013739793414288
12440,-5.2792091441854945,-8.212981546723338
12441,-11.00608754560739,0.04603365559537238
12442,1.9619999999999997,22.826
12443,-2.1220000000000008,26.034
12444,-12.902454769205537,22.562000000000005
12445,5.9399999999999995,3.744000000000001
12446,0.7375452307944625,-5.749285024208753
12447,10.095999999999998,7.395999999999999
12448,15.12,-0.06200000000000046
12449,-6.124,4.843018453276666
12450,-2.6779999999999995,4.973999999999998
12451,6.247999999999999,0.5339999999999983
12452,5.442,31.532
12453,-1.0740000000000003,-10.13728502420875
12454,2.75,-8.374
12455,-3.154000000000001,6.9799999999999995
12456,2.096252220404668,8.832488875036475
12457,-0.9617738992452255,26.059999999999995
12458,-3.082,-5.979511124963525
12459,4.394,13.950238724585578
12460,-7.1961175233828145,4.110033655595371
12461,-25.958,2.901051062400218
12462,-6.65,-9.71938992376076
12463,7.061018453276665,5.928260206585712
12464,-7.752454769205538,-4.418000000000001
12465,-7.681209144185493,6.757999999999998
12466,-7.785999999999999,-8.46772761981905
12467,-1.9644547692055376,-7.926796149172273
12468,0.6672202713089141,-5.617739793414289
12469,-5.546228668450763,23.79026020658571
12470,-3.901999999999999,8.154033655595372
12471,4.356108577371961,1.6019999999999985
12472,3.861999999999999,3.8941212012027626
12473,-0.7804547692055379,14.232
12474,4.668,6.495999999999997
12475,7.091882476617185,-4.172000000000001
12476,0.8559999999999997,11.263999999999998
12477,6.3759999999999994,14.841999999999999
12478,-2.0980000000000003,29.588
12479,1.622790855814506,-12.046981546723336
12480,-0.7239999999999996,-11.441258904558856
12481,-9.67,-10.147966344404628
12482,12.078,4.481051062400218
12483,4.0710430762191745,-14.773511124963523
12484,2.711912454392608,10.061018453276663
12485,-0.20920914418549366,2.276
12486,0.7160000000000004,28.809999999999995
12487,-1.9537633453681935,-4.808000000000002
12488,1.2520000000000002,24.336000000000002
12489,-3.5599999999999996,8.564000000000002
12490,4.33,3.3522387245855776
12491,1.2059999999999995,29.227999999999998
12492,-16.61,-0.07196634440462972
12493,-3.4957477795953302,8.161999999999999
12494,-3.736897252073902,7.182
12495,6.160000000000001,-7.341966344404628
12496,-5.67675544596856,19.516
12497,-4.243835325202722,-21.742688731014066
12498,5.210236654631806,13.205999999999998
12499,1.0199999999999998,5.798260206585711
12500,0.8638824766171851,10.187999999999999
12501,-8.122779728691086,13.779018453276663
12502,8.322,19.550260206585712
12503,2.261999999999999,5.466000000000002
12504,2.766,-15.338
12505,0.5059999999999999,-10.089845143201865
12506,5.909999999999999,6.847999999999997
12507,2.566226100754774,-15.658266570932085
12508,-3.3280000000000007,-1.7779304843231158
12509,-8.454,13.594
12510,5.901018453276665,7.637999999999996
12511,5.442,16.64
12512,8.251999999999999,-7.2110328038040805
12513,10.404236654631806,4.792238724585578
12514,2.739999999999999,0.26917226360298085
12515,-7.2639999999999985,0.374522530631846
12516,-1.1260000000000012,16.857999999999997
12517,0.08991245439260834,-14.79974777959533
12518,-5.011773899245225,-3.6337397934142843
12519,-0.8660000000000003,16.172
12520,13.825999999999999,-0.9689489375997823
12521,-4.068779728691086,14.852488875036475
12522,9.402,9.506000000000004
12523,-4.634779728691088,7.467051062400218
12524,1.9519124543926085,-2.1260000000000012
12525,8.597999999999999,-2.290000000000002
12526,7.235999999999999,10.12505106240022
12527,-0.7339999999999997,-3.2917612754144217
12528,8.280238724585578,11.13105106240022
12529,2.772,8.38612120120276
12530,3.5539999999999994,-19.243511124963526
12531,1.367545230794462,-25.2766550754187
12532,4.6604627553865825,7.217999999999998
12533,1.585912454392608,17.79501845327666
12534,6.010000000000001,-8.182981546723333
12535,2.3482522204046674,14.407999999999998
12536,5.885912454392608,26.47
12537,-8.758,6.656238724585576
12538,2.083999999999999,-1.8457141239999602
12539,6.609999999999999,6.791051062400217
12540,15.190236654631807,3.055084717995591
12541,5.426,6.742260206585714
12542,0.14799999999999933,-19.876696717195113
12543,2.3455452307944626,4.324000000000001
12544,8.093018453276665,4.46471497579125
12545,-0.0912091441854943,6.418000000000001
12546,-11.48245476920554,-5.4780000000000015
12547,-3.5380000000000003,0.5799999999999965
12548,-3.6217738992452255,0.8999999999999986
12549,4.164000000000001,5.574
12550,-7.65974777959533,-16.697761275414422
12551,3.9575452307944614,10.484
12552,-7.8,5.135999999999999
12553,6.903999999999999,8.22803365559537
12554,-0.7920000000000009,-3.8899999999999992
12555,1.1179999999999992,2.864033655595371
12556,4.524226100754776,24.244
12557,-5.348000000000001,4.41671497579125
12558,6.08,8.36
12559,2.2775452307944613,-8.088981546723335
12560,3.085999999999999,-17.12387879879724
12561,-2.1100000000000003,12.789999999999997
12562,2.285882476617185,2.838260206585711
12563,6.554790855814505,8.051999999999998
12564,-4.667747779595331,10.763999999999996
12565,-0.7020000000000003,-2.0857477795953314
12566,-3.9482286684507626,-11.714981546723333
12567,0.2959999999999994,20.822
12568,-3.15,-6.47894893759978
12569,1.768,-9.801761275414421
12570,10.379999999999999,-14.216948937599785
12571,2.615999999999999,11.93403365559537
12572,-4.523747779595332,10.06423872458558
12573,-3.5500000000000007,-21.385747779595327
12574,6.566,-7.717511124963525
12575,-12.774000000000001,4.60223872458558
12576,0.9059999999999995,22.802
12577,7.184252220404668,-6.948000000000002
12578,-0.6199999999999989,-5.836
12579,2.4647908558145057,6.733051062400217
12580,3.878,9.51
12581,4.470000000000001,16.35
12582,-2.3841175233828147,3.1579999999999986
12583,-1.1640000000000001,4.6581212012027615
12584,4.688,0.33025222040466673
12585,-9.580087545607391,10.197999999999999
12586,3.014226100754775,3.0487149757912513
12587,-2.8680000000000008,7.757999999999998
12588,8.622236654631807,-5.321250918377812
12589,-16.301209144185496,15.82905106240022
12590,-7.518087545607392,-11.00886034552057
12591,3.4510184532766637,-0.5229815467233386
12592,-6.023999999999999,-3.67128502420875
12593,1.393999999999999,7.675018453276661
12594,-4.534000000000001,-2.8958787987972356
12595,-14.318000000000001,5.8279999999999985
12596,-9.162,12.27
12597,0.007999999999999475,9.418121201202762
12598,4.438252220404669,5.548238724585578
12599,0.3899999999999995,-6.423845143201865
12600,14.39,-7.096981546723337
12601,-7.946527508286418,14.431999999999999
12602,0.004226100754775253,-9.504721340137625
12603,-1.7440000000000004,7.166000000000001
12604,-5.675773899245225,-6.686981546723336
12605,-5.552,6.8859999999999975
12606,3.6992202713089144,21.471999999999998
12607,-8.867999999999999,5.441051062400218
12608,0.31599999999999967,-8.675878798797239
12609,-7.955763345368195,1.5899999999999987
12610,-13.620000000000001,-5.156
12611,-1.8582050689902072,8.234714975791249
12612,2.172134697021854,-33.59599999999999
12613,-3.784,-4.510881626409038
12614,11.695456925940722,-20.926
12615,2.258226100754775,2.94671497579125
12616,9.819999999999999,9.90026020658571
12617,2.588,-6.332981546723337
12618,2.0720000000000005,4.9182522204046695
12619,9.913999999999998,1.3139999999999994
12620,-1.3213266675683093,6.332033655595371
12621,6.711999999999999,-3.320981546723334
12622,7.946,9.85426020658571
12623,10.134790855814506,5.938
12624,2.3779999999999997,-1.3932509183778126
12625,8.224,21.345999999999997
12626,0.9602522204046686,1.7007149757912514
12627,8.713999999999999,10.962121201202763
12628,-1.9600000000000009,-0.9100000000000023
12629,-0.7632091441854948,-7.738981546723335
12630,3.722,4.578000000000001
12631,-3.2379999999999995,-3.5958787987972363
12632,0.459781885426268,10.967999999999995
12633,-6.814543074059278,6.00012120120276
12634,-5.717999999999999,12.46403365559537
12635,12.446000000000002,11.818
12636,-10.490454769205538,27.236
12637,5.26,9.977999999999998
12638,-0.029999999999999537,12.61648887503647
12639,1.7275452307944625,8.826836176994012
12640,-1.0317477795953311,2.870000000000002
12641,3.4379999999999997,11.13
12642,1.376,-6.270000000000001
12643,-10.309763345368193,3.388033655595373
12644,10.446,8.264238724585578
12645,7.4092202713089135,-6.960000000000003
12646,3.044226100754774,17.422
12647,-26.951999999999998,0.5750521088720347
12648,6.438,17.136
12649,-4.254,25.54
12650,6.557912454392609,9.029051062400217
12651,-2.4320000000000004,7.142033655595368
12652,-3.8659999999999997,7.3802522204046666
12653,11.62,11.26
12654,-4.2219999999999995,0.9307149757912484
12655,3.137545230794462,26.839999999999996
12656,1.4539999999999993,-14.407522550828844
12657,-2.5487797286910867,-10.899739793414287
12658,5.301999999999999,-7.629999999999997
12659,-6.863999999999999,14.557999999999998
12660,8.365018453276665,-0.7240000000000023
12661,2.7359999999999998,-15.069522550828841
12662,-2.346,-9.387747779595333
12663,-5.781296689792886,-16.287509055009753
12664,6.947999999999999,18.232
12665,1.903882476617185,-1.2309815467233356
12666,2.276,-2.545022249927051
12667,-1.182117523382815,31.834000000000003
12668,0.534,-6.327258904558858
12669,-6.066000000000001,-19.009999999999998
12670,-6.794,0.2940000000000019
12671,3.8099999999999996,9.950238724585578
12672,-7.0767797286910845,-11.78504629962317
12673,9.211999999999998,-4.222000000000001
12674,-3.728,10.853999999999997
12675,4.613999999999999,10.472
12676,-3.6060875456073918,-5.079285024208749
12677,-0.6232091441854946,7.623999999999998
12678,5.41,0.146488875036475
12679,-5.750454769205538,22.996
12680,2.0075452307944612,15.106
12681,5.8279999999999985,-10.223999999999998
12682,8.388,-4.1129815467233355
12683,15.675999999999998,-7.422981546723335
12684,-0.5815216788405564,23.177999999999997
12685,5.318,3.0002602065857102
12686,6.173999999999999,20.419999999999998
12687,-0.7421175233828159,5.557999999999998
12688,-0.20008754560739206,16.107999999999997
12689,-5.031999999999999,-8.246
12690,6.279018453276665,5.855999999999999
12691,5.665999999999999,7.871999999999998
12692,1.4620000000000004,20.454
12693,-5.5920000000000005,-20.351999999999997
12694,7.4879999999999995,24.33
12695,-18.200779728691085,-4.794948937599782
12696,-1.11,26.298000000000002
12697,7.752,18.22
12698,-2.0620000000000003,2.5224888750364753
12699,15.184000000000001,-0.037739793414286994
12700,6.143999999999999,-19.037747779595332
12701,-2.0740000000000003,-13.272710213014202
12702,-9.924117523382815,-9.541739793414289
12703,-4.476087545607392,9.716
12704,-4.266454769205538,8.969999999999999
12705,-1.6278508909755849,-9.981163823005987
12706,6.323999999999999,-10.572696717195113
12707,4.589220271308912,20.118
12708,-1.8760000000000012,16.66
12709,2.3220000000000005,-5.054981546723338
12710,-35.14,-6.840000000000001
12711,0.13399999999999893,5.2219999999999995
12712,2.491545230794461,9.990488875036474
12713,0.752226100754774,-4.184981546723338
12714,-12.042000000000002,6.135051062400218
12715,1.4159999999999997,9.248121201202762
12716,-3.1380000000000003,-1.0400000000000034
12717,-1.0380000000000003,9.991999999999999
12718,-7.49,-0.9615111249635234
12719,-4.111999999999999,15.421999999999997
12720,1.5239999999999998,1.0850184532766634
12721,8.41,-7.102000000000001
12722,7.837999999999999,14.437999999999999
12723,-4.882000000000001,1.7640336555953708
12724,7.192,2.013999999999999
12725,5.144,-17.857714123999962
12726,-4.662000000000001,-1.765739793414287
12727,7.43,6.773051062400221
12728,0.6220000000000002,9.969999999999999
12729,-4.254454769205538,9.369999999999997
12730,-1.0860000000000007,-5.477747779595333
12731,2.3980000000000006,-10.717592922797198
12732,-1.7100000000000002,-0.9180000000000007
12733,-0.18600000000000047,-4.24372761981905
12734,7.490252220404669,5.002
12735,1.4700000000000006,-9.389999999999999
12736,5.299999999999999,12.622
12737,7.212236654631806,-16.46528502420875
12738,-4.0440875456073915,4.915999999999996
12739,-4.346,3.8220336555953707
12740,10.765882476617183,35.227999999999994
12741,-0.3409815467233356,-36.09298154672333
12742,0.6910184532766644,11.296000000000001
12743,4.8804627553865805,22.561999999999994
12744,-4.068,-15.947761275414427
12745,-2.268,20.904
12746,4.114,-18.53
12747,0.6992202713089117,-25.185739793414285
12748,4.7162522204046695,12.241999999999997
12749,-5.42,17.484
12750,-19.53,3.3470510624002174
12751,3.193999999999999,14.942000000000002
12752,2.072,10.548121201202761
12753,-7.454779728691086,-22.174860345520575
12754,-4.0859999999999985,12.052
12755,3.5060000000000002,17.924
12756,-4.7299999999999995,-9.718000000000002
12757,1.0012202713089131,14.604033655595373
12758,-0.7681906909088294,26.352000000000004
12759,-4.073747779595331,-16.63325091837781
12760,-18.092000000000002,1.2599999999999987
12761,3.520252220404669,4.81026020658571
12762,4.452,7.478252220404668
12763,5.355999999999999,-7.149640074211658
12764,-16.91,3.6819999999999964
12765,-0.17999999999999972,15.719999999999999
12766,-0.2949815467233357,-0.5857397934142895
12767,-2.464779728691086,10.94
12768,-11.846,-0.4219999999999999
12769,-0.34400000000000064,13.132000000000001
12770,3.3540000000000005,16.21603365559537
12771,-3.088,1.4659999999999982
12772,0.9579999999999995,-16.05176127541442
12773,1.5099999999999998,7.5939999999999985
12774,4.6419999999999995,26.872000000000003
12775,5.49,0.12799999999999906
12776,0.5000000000000002,15.874238724585577
12777,8.193018453276665,-16.526948937599784
12778,-7.5965275082864165,13.166488875036475
12779,-14.30353724461342,14.989999999999998
12780,12.818000000000001,0.6370510624002179
12781,9.065999999999999,17.843999999999998
12782,-8.52374777959533,-6.304948937599781
12783,-1.0639999999999996,1.3242387245855778
12784,-2.1141175233828147,4.9719999999999995
12785,8.846,2.581999999999997
12786,-2.342779728691086,-26.167285024208752
12787,-0.1379999999999999,-3.8800000000000017
12788,-15.063999999999998,2.3381212012027612
12789,4.140236654631807,16.988
12790,-3.121763345368194,-32.86399999999999
12791,0.8279999999999996,1.1400336555953714
12792,3.8977949310097935,-11.882
12793,0.9952202713089129,20.591999999999995
12794,5.49,21.082
12795,-7.616,-8.744
12796,-1.920000000000001,8.34871497579125
12797,-5.4079999999999995,18.52
12798,2.854226100754775,11.443999999999999
12799,8.686,9.714
12800,-5.265511124963524,3.589018453276664
12801,-7.974779728691087,8.764
12802,3.8452551079084714,-3.2967102130142036
12803,-9.292000000000002,-27.18631782801283
12804,11.742,-25.10894893759978
12805,-1.5380000000000014,-15.869878798797236
12806,5.7559999999999985,-5.1689815467233355
12807,9.685545230794459,1.0559999999999987
12808,4.117999999999999,-16.936589011811435
12809,-4.289209144185494,-10.708981546723336
12810,3.952000000000001,-2.136000000000003
12811,4.473999999999999,-2.714
12812,-4.1997633453681935,7.907999999999999
12813,-1.286000000000001,20.302
12814,0.013999999999999301,17.056
12815,-0.8109815467233359,14.215999999999998
12816,6.676252220404669,13.142000000000001
12817,5.95,-18.644266570932086
12818,8.070252220404669,-19.324557424586693
12819,-4.6209815467233355,17.214
12820,3.0678824766171844,0.3422522204046673
12821,2.4847908558145053,8.669999999999998
12822,1.8042261007547746,4.794121201202763
12823,6.2639999999999985,-16.07364007421166
12824,7.316,1.8350184532766634
12825,-0.22600000000000056,-7.205897875199563
12826,-0.34200000000000036,0.024033655595371784
12827,-0.26608754560739245,11.62671497579125
12828,2.441018453276665,-1.6572513686133774
12829,-3.2360000000000007,1.297999999999999
12830,13.014,-22.467747779595328
12831,6.874252220404668,5.509018453276664
12832,4.417999999999999,-15.565999999999999
12833,2.661220271308913,6.5699999999999985
12834,-5.788,22.374000000000002
12835,9.984000000000002,13.192260206585711
12836,8.16,11.553999999999998
12837,-2.2581175233828152,-14.221511124963527
12838,3.492,-2.435878798797237
12839,-3.879209144185494,-8.754000000000001
12840,-4.66654231481293,-8.851999999999999
12841,-19.398779728691085,31.541999999999994
12842,1.4019999999999997,-7.881285024208751
12843,-3.0841175233828144,4.612
12844,8.126,-0.759747779595331
12845,-6.446956923780824,3.0040000000000036
12846,-0.8480875456073896,9.8
12847,2.964,-3.0460000000000007
12848,2.8702522204046694,7.361999999999997
12849,-4.178000000000002,4.308067311190742
12850,1.4979999999999993,11.691999999999997
12851,-3.9477633453681933,2.6564888750364744
12852,-2.7787797286910867,-26.177285024208754
12853,-5.516454769205538,10.245999999999999
12854,10.704,16.248488875036475
12855,4.058252220404668,6.647051062400218
12856,6.853999999999999,11.79603365559537
12857,-6.302,-4.901285024208751
12858,8.931999999999999,1.7701212012027603
12859,6.889018453276664,-5.587999999999999
12860,4.238236654631807,-6.117963093446672
12861,2.1879999999999997,-2.761739793414289
12862,7.651999999999999,-23.281606418616285
12863,0.19999999999999965,13.858
12864,5.884149109024415,-7.49
12865,-6.6579999999999995,-10.274000000000003
12866,5.838,0.16271497579124983
12867,1.732000000000001,4.993018453276664
12868,1.4939999999999993,8.848
12869,0.022252220404668323,-4.0699999999999985
12870,-0.9377612754144218,-7.980981546723337
12871,4.928790855814505,3.967999999999999
12872,11.475999999999999,9.826121201202763
12873,-12.728981546723336,-20.99376127541442
12874,0.44200000000000017,19.544
12875,-1.8220000000000003,13.20871497579125
12876,-3.819999999999999,-6.555501068828709
12877,13.728,7.898000000000001
12878,-15.756,5.4050510624002195
12879,-4.386,10.436121201202763
12880,-2.644087545607391,18.913999999999998
12881,4.347999999999999,12.639999999999997
12882,-4.316000000000001,21.75
12883,-4.468000000000002,4.473303282804887
12884,7.816236654631806,6.6981212012027616
12885,0.18399999999999891,16.942
12886,1.932,9.294
12887,3.2899124543926073,-6.807739793414288
12888,-3.8619999999999997,14.557999999999998
12889,9.216,-17.360981546723337
12890,-1.393209144185494,7.468252220404667
12891,-11.408,3.1360000000000015
12892,1.8755452307944622,-6.4037776958956085
12893,-16.532,5.930033655595372
12894,5.362,-30.732
12895,1.155912454392609,-6.433739793414287
12896,11.202226100754775,-12.36373979341429
12897,-0.28600000000000103,-8.384
12898,4.42,14.5
12899,9.581882476617185,18.512
12900,-5.1000000000000005,-8.919739793414285
12901,2.0497818854262686,-9.838000000000001
12902,2.3839124543926085,-6.818000000000003
12903,-3.738117523382815,12.843018453276661
12904,5.607545230794461,26.791999999999994
12905,11.953999999999999,17.348
12906,10.117999999999999,10.926238724585577
12907,-0.8839999999999992,-3.7217477795953315
12908,-3.400000000000001,0.8021212012027619
12909,-3.269763345368193,22.386
12910,0.9220000000000006,8.033051062400217
12911,-0.8080875456073923,-8.821966344404625
12912,-1.866000000000001,-35.37286034552057
12913,0.5247908558145056,31.212
12914,-3.2520000000000002,-19.998925098420408
12915,-4.884,0.1642522204046685
12916,-3.814,-1.3335111249635268
12917,-1.4968972520739015,-3.4900000000000007
12918,-2.5942025488008693,13.816260206585714
12919,0.37000000000000066,5.153999999999999
12920,2.6720000000000006,-12.435878798797233
12921,-0.3000000000000007,14.489999999999998
12922,3.081018453276665,-23.137999999999998
12923,3.3458824766171844,-14.393511124963528
12924,7.465999999999999,7.252036906553329
12925,-1.2380000000000018,-12.027747779595332
12926,-1.0020000000000011,-17.71950106882871
12927,-9.968,-3.9887213401376242
12928,3.813999999999999,0.3382522204046673
12929,-6.163773899245225,5.028260206585712
12930,-3.5940000000000003,-29.51777769589561
12931,1.2319124543926079,-15.068742822137756
12932,4.112000000000001,-9.266948937599784
12933,0.5502366546318062,8.357999999999999
12934,5.888,6.6580336555953705
12935,-11.462,-11.664000000000001
12936,5.640000000000001,0.9579999999999999
12937,-6.781747779595331,-2.110981546723335
12938,-14.626,2.0599999999999996
12939,4.741999999999999,3.357018453276664
12940,4.594765502103375,1.4267149757912496
12941,0.12399999999999922,-28.84976127541442
12942,1.6419999999999995,7.740238724585576
12943,2.175882476617184,12.711999999999998
12944,8.256,3.1219999999999986
12945,9.916790855814506,-11.854948937599781
12946,-1.4612091441854942,-8.047999999999998
12947,2.5878824766171844,13.918488875036473
12948,-0.43199999999999933,-2.972000000000002
12949,-2.326981546723336,-22.387511124963527
12950,-2.0060000000000007,-24.90102481762304
12951,-0.17600000000000038,1.0015073283131384
12952,2.736,-2.129966344404628
12953,0.9199999999999985,-5.98928502420875
12954,-4.3260875456073915,13.489051062400216
12955,-8.762867274298477,-11.676
12956,2.7299999999999995,6.890488875036472
12957,1.0499999999999985,11.313018453276664
12958,-2.5300000000000007,-10.693999999999999
12959,4.718,11.937999999999999
12960,9.349999999999998,-2.054
12961,3.415999999999999,11.019051062400218
12962,0.2800000000000005,-31.579999999999995
12963,9.601220271308915,0.20599999999999846
12964,0.7687908558145058,7.595999999999998
12965,-1.3037738992452261,11.32812120120276
12966,6.092,12.61412120120276
12967,16.0,5.485018453276662
12968,1.1019999999999992,6.447999999999998
12969,1.121427707411647,1.956033655595371
12970,-3.896000000000001,2.2880000000000003
12971,-4.448,-3.568570048417498
12972,1.7582261007547746,-3.6686967171951124
12973,10.308,-17.681285024208748
12974,1.867018453276664,3.8920000000000003
12975,3.487912454392608,-5.301761275414422
12976,10.474,11.413999999999998
12977,-10.62408754560739,8.308
12978,0.9879999999999989,19.151999999999997
12979,7.436,-12.368981546723333
12980,-0.5900000000000001,16.056
12981,-3.8482181145737315,-10.316981546723337
12982,0.40788247661718435,-4.445966344404629
12983,-1.1040000000000003,18.838
12984,3.444,-3.836000000000001
12985,-0.3800000000000011,7.083999999999999
12986,3.2159999999999997,12.713999999999999
12987,11.411999999999999,11.346
12988,10.530790855814505,13.23505106240022
12989,-0.3141175233828136,-15.509761275414423
12990,-3.598779728691086,2.6661212012027637
12991,-6.372,-3.7959999999999985
12992,7.5200000000000005,-26.302273618540426
12993,2.966236654631807,-13.415511124963524
12994,-14.078,8.096
12995,1.876,1.8199999999999996
12996,3.88124455403144,7.829999999999998
12997,-10.563747779595332,6.120252220404668
12998,4.230236654631807,-3.7029815467233376
12999,-7.361773899245224,13.733999999999998
13000,-0.3119999999999994,26.056
13001,-8.5,18.189999999999998
13002,3.4759124543926077,20.067999999999998
13003,-9.10509594274924,-10.771509055009753
13004,0.5282261007547753,-1.2519663444046287
13005,12.395999999999997,-0.15551112496352743
13006,3.5780000000000003,21.971999999999998
13007,5.5238824766171835,16.23
13008,2.3920000000000003,-20.869522550828844
13009,-0.06298154672333549,-3.287285024208748
13010,-17.020418288370987,-9.562696717195113
13011,-0.0879999999999999,19.718
13012,2.8299124543926086,14.139999999999997
13013,1.69,-6.365966344404628
13014,6.007999999999999,10.966000000000003
13015,16.743999999999996,20.080000000000002
13016,-6.386,1.6280000000000001
13017,-0.48845476920553743,-9.89196634440463
13018,6.7379999999999995,18.252
13019,4.1320000000000014,18.791999999999994
13020,-5.518,0.2019999999999996
13021,0.9787908558145062,10.07
13022,9.548,-11.475511124963527
13023,-14.7,2.3041212012027623
13024,2.7272202713089135,-5.552860345520574
13025,2.6922522204046677,12.016
13026,-2.7080000000000006,13.762121201202763
13027,4.758,-5.714696717195112
13028,1.64,16.005999999999997
13029,10.973999999999998,-9.27374777959533
13030,0.5844888750364756,-4.760000000000003
13031,8.972790855814505,-14.475024817623034
13032,4.450790855814506,-2.95
13033,2.8679999999999994,-3.8059999999999974
13034,4.465999999999999,-11.443747779595332
13035,4.513999999999999,-27.189387853806988
13036,-2.006000000000001,0.7819999999999989
13037,9.822236654631805,1.4081212012027613
13038,-1.295747779595331,9.127051062400218
13039,9.321545230794461,9.692069515676886
13040,-5.5600000000000005,31.397999999999996
13041,2.5667908558145056,-4.471747779595332
13042,4.267999999999999,-10.587163823005985
13043,-2.0599999999999996,8.24003365559537
13044,-11.286000000000001,6.708121201202758
13045,-6.920205068990208,8.063999999999998
13046,2.5019999999999993,-3.903285024208749
13047,13.027999999999997,0.1702602065857107
13048,-8.138454769205538,-6.18528502420875
13049,-11.87277972869109,-0.47600000000000053
13050,3.9795452307944617,30.8
13051,1.2359999999999993,-0.818
13052,4.853999999999999,-11.07925136861338
13053,3.944,11.59271497579125
13054,4.854,10.675999999999998
13055,-1.8299999999999994,-0.17374777959533247
13056,2.8662366546318063,-12.129845143201866
13057,-15.347999999999999,-0.6960000000000003
13058,-1.2419999999999998,-12.303522550828841
13059,2.195999999999999,-14.611747779595333
13060,-10.209234497896624,7.7379999999999995
13061,6.000790855814506,17.881999999999998
13062,15.662,4.163999999999999
13063,-19.370779728691083,12.922252220404667
13064,2.781912454392608,15.425999999999998
13065,2.7527908558145056,3.71
13066,-1.7922025488008693,-8.176
13067,12.244,-2.0540000000000016
13068,-1.364,7.425999999999999
13069,-7.720117523382814,10.036
13070,8.254,4.176714975791251
13071,-21.897773899245227,15.694252220404667
13072,5.202,9.298
13073,6.319999999999999,0.8307149757912489
13074,9.382,-6.7612850242087505
13075,6.271999999999999,-24.156
13076,-2.619511124963524,-3.9509815467233365
13077,2.96,-1.0280000000000005
13078,-3.2619999999999996,1.0260000000000011
13079,3.7079999999999984,9.13612120120276
13080,-1.0157738992452252,-24.047272400377945
13081,6.861999999999999,-8.683727619819049
13082,-1.468000000000001,-3.791966344404629
13083,7.497018453276664,1.9227149757912514
13084,-1.6580000000000013,-8.59728502420875
13085,-4.3,12.335999999999999
13086,4.652236654631805,6.914121201202763
13087,4.869999999999998,-9.002981546723337
13088,2.571220271308913,-26.660742822137756
13089,4.946,17.351051062400217
13090,-0.07200000000000131,-16.210947891127965
13091,-0.05800000000000063,-8.186948937599782
13092,-15.673999999999998,7.334252220404667
13093,-3.7800000000000002,-3.113747779595331
13094,-9.958,1.8701212012027633
13095,3.212226100754775,9.667999999999997
13096,0.33625222040466907,-23.100911602601318
13097,-2.0127797286910867,12.671999999999995
13098,-8.486542314812931,3.7360336555953695
13099,7.385999999999998,-19.66771412399996
13100,-4.590000000000001,8.236488875036475
13101,-13.012,-6.8589489375997825
13102,-5.773999999999999,12.523999999999997
13103,0.2955452307944624,9.195999999999998
13104,-17.997999999999998,25.912
13105,0.49591245439260856,-6.790000000000001
13106,11.117999999999999,-2.65049267168686
13107,9.194252220404667,7.24871497579125
13108,-1.2981175233828162,-15.921999999999997
13109,-6.992087545607392,9.358
13110,-2.506,11.556033655595371
13111,-4.347537244613418,26.856
13112,-10.286454769205537,-11.01376127541442
13113,3.9398824766171847,-0.27800000000000014
13114,13.37,-6.431495559190663
13115,10.953999999999999,11.642033655595371
13116,-2.648000000000001,1.8930184532766632
13117,8.597882476617183,3.1659999999999995
13118,-0.7137633453681926,23.048
13119,-1.0040000000000007,16.716260206585712
13120,-1.816087545607391,-7.275999999999998
13121,-14.963999999999999,3.959999999999998
13122,3.406000000000001,-12.6085700484175
13123,1.7459999999999998,9.142000000000001
13124,1.21,16.577999999999996
13125,2.9819999999999993,-5.3918451432018655
13126,-3.0915372446134186,16.35301845327666
13127,2.9079999999999995,-3.012
13128,4.2442261007547755,-4.166688731014071
13129,-1.3860000000000006,0.9899999999999984
13130,-3.928000000000001,-7.043999999999999
13131,0.4000000000000002,3.612121201202762
13132,-15.177999999999997,9.714000000000002
13133,-0.9877738992452254,-2.9997397934142884
13134,5.314236654631808,22.627999999999997
13135,10.157018453276665,0.9119999999999997
13136,7.691999999999998,8.500488875036474
13137,-6.745763345368192,-11.303522550828845
13138,4.8519999999999985,0.6920000000000002
13139,0.16423665463180637,-15.450947891127964
13140,2.621999999999999,8.545539937436692
13141,4.240790855814505,-18.06725091837781
13142,7.128,-7.583761275414423
13143,0.08013855514738336,-0.9899999999999999
13144,1.939882476617185,-24.719999999999995
13145,-6.619999999999999,-9.349999999999998
13146,-7.296779728691085,3.814
13147,7.767999999999999,1.5720336555953693
13148,2.392252220404669,-1.7530248176230372
13149,10.315999999999999,9.003999999999998
13150,-3.702087545607392,8.178
13151,-8.500087545607391,0.7719999999999978
13152,-6.83454231481293,-7.493878798797239
13153,-3.2059999999999995,-10.263285024208752
13154,0.6242261007547742,-12.713739793414288
13155,3.4099999999999993,3.642238724585577
13156,-5.210000000000001,17.973999999999997
13157,-2.351747779595331,-16.77667655741883
13158,-0.1440000000000005,-11.462687684542251
13159,3.4499999999999993,-4.250000000000002
13160,-0.08600000000000012,-6.969727619819051
13161,3.8659999999999974,0.4199999999999996
13162,1.3739999999999992,5.6579999999999995
13163,0.914,18.68
13164,1.4060000000000001,-36.472457992609534
13165,-2.7098614448526157,9.399999999999999
13166,9.447999999999999,2.017539937436694
13167,-1.897999999999999,-8.54
13168,-4.047747779595329,30.915999999999997
13169,-10.285763345368194,10.076
13170,1.8379999999999987,-4.28
13171,8.620000000000001,3.8440336555953705
13172,5.616252220404668,4.75
13173,0.6515452307944611,-2.1597477795953326
13174,-1.098779728691087,11.152
13175,-4.713209144185494,11.479999999999999
13176,5.150790855814505,12.24012120120276
13177,5.9719999999999995,23.598
13178,-3.6199999999999997,-24.526696717195115
13179,-5.33,12.344
13180,3.2079999999999997,1.7159999999999982
13181,-3.964000000000001,-11.669761275414421
13182,10.47776495323437,11.593051062400217
13183,6.772,4.721051062400218
13184,-4.598000000000001,10.184
13185,-1.75,-5.350000000000001
13186,8.497545230794461,4.124488875036476
13187,-10.174,1.6480673111907436
13188,7.016236654631806,-3.982000000000002
13189,-4.2620000000000005,13.576488875036471
13190,-3.3919999999999995,11.828
13191,2.5,12.905999999999997
13192,3.849999999999999,1.462
13193,-0.909209144185494,-0.3560000000000009
13194,2.3419999999999996,10.761999999999999
13195,0.7802522204046692,4.60223872458558
13196,6.5680000000000005,-7.566948937599781
13197,3.3039999999999994,9.283999999999999
13198,0.6827908558145056,3.089018453276662
13199,-7.597763345368191,27.353999999999996
13200,3.1759999999999997,-17.810710213014204
13201,2.274149109024415,15.232
13202,5.145999999999999,-6.053739793414289
13203,-2.6117633453681934,4.174033655595369
13204,-0.3080000000000013,9.754
13205,4.752252220404668,20.352
13206,-4.892981546723337,4.057999999999999
13207,0.9640000000000001,10.441999999999998
13208,-2.437326667568309,7.707999999999998
13209,-3.8340000000000005,-0.5109815467233364
13210,10.204000000000002,-8.908981546723336
13211,1.9150184532766645,-4.2837397934142905
13212,1.7600000000000002,0.3159999999999982
13213,9.391882476617184,-3.7809489375997813
13214,7.890226100754776,-12.711511124963526
13215,0.9899999999999999,14.835999999999995
13216,-2.95,8.77412120120276
13217,6.264,8.128
13218,-21.287773899245224,17.548000000000002
13219,-0.9629815467233349,10.61
13220,-0.7537738992452251,15.559999999999997
13221,4.334252220404669,-12.08869671719511
13222,-12.506981546723335,14.151999999999997
13223,0.7959999999999997,-0.15098154672333805
13224,6.337220271308913,-9.3345700484175
13225,-8.20798887287658,20.049999999999997
13226,2.114790855814506,-10.86328502420875
13227,-0.63,22.85
13228,2.364,5.339018453276667
13229,13.979018453276666,8.767999999999997
13230,2.8359999999999994,-3.5515111249635263
13231,18.458,9.978000000000002
13232,7.053999999999999,2.392741095441142
13233,-2.5457633453681936,22.44
13234,2.4819999999999993,10.209999999999997
13235,5.39,-2.56
13236,0.0020000000000003127,13.514488875036472
13237,-1.9040875456073922,3.7701212012027634
13238,-5.878000000000001,2.3
13239,5.536,13.774000000000001
13240,7.803999999999999,-6.073932688809256
13241,-1.7680000000000002,-8.805501068828708
13242,5.827999999999999,9.046069515676882
13243,-12.34,-9.61373979341429
13244,-6.397209144185495,-3.1980000000000004
13245,5.740790855814507,-11.226796149172277
13246,-12.661234497896626,8.466
13247,10.907999999999998,-2.458000000000002
13248,4.283018453276665,0.7501212012027629
13249,-8.930779728691087,-0.9709489375997821
13250,1.4319999999999995,-0.27600000000000124
13251,4.445999999999999,15.374121201202763
13252,0.379999999999999,-4.378000000000003
13253,5.740252220404669,7.216033655595372
13254,-0.18200000000000074,5.997999999999999
13255,-2.4145275082864175,8.543051062400217
13256,-2.2780000000000014,6.488488875036474
13257,-2.442,8.992033655595371
13258,-1.0720000000000003,8.897999999999998
13259,-6.628,13.657999999999998
13260,6.258,-12.085747779595332
13261,0.4038824766171853,8.317999999999998
13262,-11.588000000000001,13.034
13263,9.349999999999998,14.813999999999998
13264,5.207999999999998,13.644
13265,8.196,-14.555505377189807
13266,2.7670275104463133,-4.436948937599782
13267,-0.370454769205538,9.23203365559537
13268,5.529999999999999,2.6782387245855785
13269,-5.230981546723337,11.19
13270,1.878226100754775,15.154
13271,-2.3899999999999997,-0.6748603455205725
13272,-5.12,27.612000000000002
13273,13.162226100754774,5.459018453276661
13274,4.403999999999998,1.560000000000001
13275,-8.132117523382815,-4.84128502420875
13276,9.815018453276664,-2.9808603455205764
13277,2.1215452307944624,7.725999999999999
13278,4.2700000000000005,-3.13328502420875
13279,4.402,0.18199999999999933
13280,4.171882476617184,-0.9697397934142884
13281,4.761999999999999,-5.140000000000002
13282,-7.991999999999999,-0.22471021301420394
13283,-4.167209144185494,-8.683258904558858
13284,7.85,21.516260206585713
13285,-2.8460000000000005,-1.7019663444046274
13286,-0.03599999999999994,-20.969240862242998
13287,-12.34,7.9259999999999975
13288,-0.06498154672333581,-17.447129717175052
13289,-5.696000000000001,6.839999999999999
13290,5.636226100754775,6.434
13291,2.8207908558145056,7.7262387245855795
13292,5.260000000000001,6.170121201202762
13293,1.545912454392608,-1.6934875730096182
13294,8.949794931009794,5.928000000000002
13295,9.240790855814506,-8.385930484323117
13296,2.9699999999999998,-2.4634795868285755
13297,2.705882476617184,-15.275845143201867
13298,9.216,24.718
13299,-3.088,-1.0360000000000014
13300,10.423999999999998,-11.385511124963525
13301,0.4750275104463128,9.306000000000001
13302,1.6552202713089137,14.147999999999996
13303,-10.996,14.05
13304,-6.417559457382173,1.7200000000000017
13305,-12.188454769205538,5.465999999999999
13306,-0.38845476920553795,-16.351747779595332
13307,-8.666,-4.24
13308,8.015999999999998,-3.61996634440463
13309,-0.7860000000000007,-30.782533374890573
13310,-2.6060000000000008,-8.563046299623172
13311,0.40000000000000036,13.558033655595375
13312,-4.1128972520739016,12.478
13313,-1.1460000000000008,24.024
13314,-4.862117523382816,8.3
13315,1.4967908558145058,23.988000000000003
13316,4.992252220404668,-9.026
13317,-8.825747779595332,-21.551509055009753
13318,3.464790855814506,-1.6980000000000026
13319,4.911999999999999,21.621999999999996
13320,2.1640000000000006,-1.9255111249635277
13321,-3.500981546723336,-2.1515111249635255
13322,-1.7580000000000005,3.0220336555953695
13323,4.464,25.810000000000002
13324,5.0280000000000005,-19.318450006428492
13325,7.7559999999999985,-7.316
13326,-8.42845476920554,2.97426020658571
13327,-1.8699999999999997,9.108260206585712
13328,2.500000000000001,-7.762948937599781
13329,5.446,13.996121201202763
13330,-1.2,4.563018453276664
13331,3.054,1.0139999999999998
13332,4.327999999999999,-23.27596309344667
13333,-1.4080000000000001,-0.45328502420875055
13334,-1.7020000000000004,-15.378240451282192
13335,2.126,38.902
13336,-0.3539999999999999,5.242238724585578
13337,2.083912454392608,8.099999999999998
13338,-2.5620000000000003,-18.806
13339,0.6002261007547749,13.041999999999998
13340,6.016,-4.077999999999999
13341,-4.292,-16.02738992376076
13342,-4.002,10.358285876000041
13343,0.6820000000000002,7.610714975791249
13344,1.9699999999999989,-5.3998787987972365
13345,-7.9879999999999995,-16.799966344404623
13346,-3.5739999999999994,34.04600000000001
13347,-1.419773899245225,14.367999999999995
13348,1.2479999999999993,-34.508457992609536
13349,0.7697818854262687,5.679051062400217
13350,6.348,-1.3258787987972382
13351,-4.548,-8.903285024208747
13352,-1.77,-18.147024817623034
13353,-2.872,5.9780000000000015
13354,-2.668779728691086,16.221999999999998
13355,5.798,-1.8875111249635246
13356,2.4979999999999993,15.951999999999998
13357,1.4980000000000004,-9.251032803804083
13358,12.935764953234369,10.039999999999997
13359,-8.172,6.2060336555953715
13360,-7.839747779595332,-11.585999999999999
13361,7.831999999999999,13.481018453276661
13362,2.6052202713089123,25.863999999999997
13363,-16.046,10.880714975791253
13364,2.032236654631806,-12.975511124963523
13365,-6.411747779595331,3.546260206585712
13366,4.491999999999999,-3.1739999999999986
13367,1.1640000000000001,-1.349999999999999
13368,12.232,22.454
13369,7.029999999999999,30.824
13370,8.253999999999998,19.356
13371,-6.304527508286418,18.860033655595373
13372,-3.1500000000000004,-7.112000000000002
13373,1.096,8.690000000000001
13374,-4.100087545607392,14.456
13375,-15.776779728691086,10.535999999999998
13376,18.097912454392606,17.069999999999997
13377,-1.6460000000000008,-13.909626578392567
13378,0.699999999999999,5.5939999999999985
13379,-1.998,-24.891461903595292
13380,-0.032000000000000736,22.637999999999998
13381,-15.975999999999999,21.213999999999995
13382,5.988,10.373999999999999
13383,-8.282,5.033999999999998
13384,1.1320000000000001,-4.573878798797239
13385,-6.438000000000001,-7.534948937599781
13386,5.43,14.064260206585715
13387,5.597999999999999,10.989999999999998
13388,-1.9140000000000008,-9.505024817623037
13389,5.714252220404668,1.5759999999999983
13390,6.289999999999999,3.842121201202763
13391,-3.3677738992452264,5.370033655595371
13392,-15.287850890975585,10.088714975791252
13393,0.31799999999999856,-12.181966344404627
13394,2.42,17.221999999999998
13395,2.531824908785217,-8.872981546723336
13396,1.6755452307944623,-6.871845143201865
13397,-1.1780000000000008,16.517999999999997
13398,4.439018453276665,-8.416981546723337
13399,-4.369747779595331,-3.5079999999999982
13400,4.715999999999999,-5.725479586828579
13401,2.778,-1.3569815467233366
13402,-2.614,-0.5418978751995625
13403,-8.126205068990208,6.228033655595373
13404,3.0498824766171855,0.9942522204046675
13405,4.101999999999999,7.176
13406,12.719882476617183,2.396
13407,0.7900000000000006,12.367999999999999
13408,-2.1900000000000004,13.691999999999997
13409,11.247882476617184,16.054000000000002
13410,5.122226100754775,4.607999999999999
13411,1.8219999999999998,8.492121201202762
13412,-0.3520000000000003,-8.99
13413,-2.7977633453681947,-5.376981546723337
13414,6.632,-16.166207842158638
13415,-3.5060000000000002,8.012
13416,-6.882981546723334,4.382260206585713
13417,4.15,10.012121201202763
13418,12.045999999999998,-6.10573979341429
13419,12.474,-18.588
13420,12.77,-26.731999999999992
13421,5.4239999999999995,15.461999999999998
13422,4.0200000000000005,12.382260206585709
13423,7.713999999999999,2.9424888750364757
13424,2.274000000000001,-2.3397612754144204
13425,3.3599999999999994,1.4700000000000017
13426,-7.509761275414422,6.535999999999996
13427,7.783882476617184,-9.170981546723336
13428,9.01,10.952
13429,-1.4852091441854942,9.606252220404667
13430,-16.676000000000002,7.964252220404669
13431,11.191999999999998,19.701999999999998
13432,-7.224000000000001,4.1222387245855785
13433,-1.9599999999999995,-4.513285024208749
13434,-2.01398887287658,-5.033479586828575
13435,-1.1417633453681937,16.23803365559537
13436,14.687999999999999,2.197999999999998
13437,5.417999999999999,-8.450000000000001
13438,3.7039999999999997,9.331999999999999
13439,-6.972000000000001,23.229999999999997
13440,7.489999999999999,1.1312571778622413
13441,7.2219999999999995,-0.5539999999999992
13442,0.8999999999999997,15.15626020658571
13443,0.6090184532766652,1.3290510624002176
13444,14.693999999999999,0.6799999999999983
13445,-2.9619999999999997,-7.560981546723336
13446,0.866,-15.460742822137755
13447,7.730473309263613,18.912
13448,2.5627908558145065,3.6307149757912507
13449,3.403999999999999,-9.402981546723336
13450,1.687912454392609,6.285999999999999
13451,1.9602261007547739,4.034033655595372
13452,-3.9900000000000007,-8.868570048417498
13453,1.319999999999999,22.829999999999995
13454,11.860236654631809,1.5120000000000005
13455,-11.739999999999998,-4.490981546723337
13456,7.471999999999999,5.193999999999998
13457,-3.475773899245225,6.029999999999999
13458,14.003999999999996,19.934
13459,8.972,4.794488875036474
13460,0.9692202713089131,12.444033655595373
13461,-27.292175091214784,5.438252220404668
13462,-11.194779728691085,-9.938000000000002
13463,1.495999999999999,1.579999999999997
13464,1.2719999999999991,-16.96023291533671
13465,-6.7700000000000005,-0.4412850242087501
13466,-0.20400000000000135,-17.69
13467,6.4959124543926094,18.014033655595373
13468,-7.780087545607392,-10.510460062563308
13469,10.645999999999999,27.827999999999996
13470,-4.812000000000002,-5.079747779595332
13471,3.7981385551473834,5.654488875036475
13472,14.307999999999998,13.888
13473,6.506,-15.693727619819052
13474,1.1179999999999992,-3.895285024208751
13475,12.673999999999998,8.02826020658571
13476,-2.252779728691086,-0.8229489375997826
13477,-9.772,3.236488875036474
13478,3.6440000000000006,3.6499999999999986
13479,-7.33,-26.60376127541442
13480,4.0200000000000005,28.052
13481,-2.08,2.8242522204046665
13482,0.8380000000000001,3.1042602065857126
13483,5.743999999999998,1.2104888750364726
13484,0.635999999999999,11.918
13485,-0.5560000000000008,25.624000000000002
13486,-3.344000000000001,15.627999999999997
13487,-5.109763345368193,9.404
13488,-7.790000000000001,0.8939999999999998
13489,-3.3132091441854947,10.586260206585711
13490,4.295999999999999,-8.826881626409037
13491,-4.2780000000000005,-39.897761275414425
13492,11.726,5.039999999999997
13493,-0.9660000000000004,-3.524000000000002
13494,-17.531773899245227,6.3182602065857125
13495,7.285999999999999,0.10400000000000187
13496,3.7059999999999995,6.2459999999999996
13497,4.758000000000001,7.7280000000000015
13498,1.2299999999999989,24.784
13499,-4.102000000000001,-11.385747779595334
13500,-0.3477738992452252,15.219999999999999
13501,7.409999999999999,12.943999999999999
13502,-3.4839999999999995,-8.315761275414424
13503,-0.24800000000000005,-16.112000000000002
13504,-0.9520000000000006,-0.04996634440463055
13505,-1.364,8.379051062400219
13506,-3.2379999999999995,26.862000000000002
13507,-5.3500875456073915,12.636
13508,-2.58,-19.004492671686858
13509,12.51211913124899,3.665733429067913
13510,3.068,-7.895999999999999
13511,-5.151999999999999,11.81223872458558
13512,-3.7659999999999996,5.5811396544794265
13513,0.3158824766171843,4.325999999999998
13514,1.7619999999999993,16.85203365559537
13515,6.850236654631805,-24.19298154672334
13516,-0.28999999999999987,-12.863761275414422
13517,-12.97208754560739,-6.885966344404629
13518,-8.716000000000001,26.064
13519,-4.758000000000001,-16.39494893759978
13520,-5.482,-18.035511124963524
13521,6.831797451199131,0.5261212012027592
13522,-0.9880000000000004,8.957999999999998
13523,5.124,-12.057714123999958
13524,3.9942366546318064,-1.8618787987972394
13525,1.8319999999999994,-19.406
13526,6.6887908558145055,15.471999999999998
13527,-8.360000000000003,-5.723999999999997
13528,3.2939999999999996,22.133999999999997
13529,6.271999999999999,8.857051062400217
13530,-1.2420000000000002,17.310000000000002
13531,-5.988,9.292260206585713
13532,8.017018453276664,4.2202387245855775
13533,-2.038,24.357999999999997
13534,-3.4859999999999998,-5.2175010688287085
13535,-9.860000000000003,-26.93067655741883
13536,6.1659999999999995,-0.25800000000000195
13537,2.3907908558145055,22.148
13538,13.831999999999999,8.189999999999998
13539,-4.030087545607392,-16.705706137818915
13540,8.661545230794463,-1.6040000000000005
13541,-6.9442025488008685,7.442
13542,5.767999999999999,-2.139999999999996
13543,7.151545230794463,-11.415678263918448
13544,3.5082366546318062,19.650000000000002
13545,2.395999999999999,9.252000000000002
13546,1.5939999999999999,12.276
13547,1.8864733092636137,14.381999999999996
13548,-5.278087545607392,-1.0217612754144227
13549,-4.636779728691087,0.5199999999999975
13550,9.826,-3.1608277363970214
13551,3.9959999999999987,14.215999999999998
13552,-17.814117523382816,2.238252220404668
13553,1.8339999999999996,12.106
13554,3.6320000000000006,-6.209285024208751
13555,-15.259209144185494,8.305051062400219
13556,-9.474,-18.25372761981905
13557,-6.340779728691086,-10.95
13558,0.9539999999999988,4.213999999999999
13559,-6.953209144185495,2.556260206585712
13560,-1.8980000000000008,1.0979999999999994
13561,6.926,10.475999999999997
13562,-1.3980000000000012,-0.7120000000000004
13563,7.9,3.907999999999999
13564,13.702000000000002,-21.453739793414286
13565,-6.336,8.638
13566,-7.717763345368192,-23.569637668613854
13567,0.740252220404668,4.0139999999999985
13568,-5.066000000000001,10.675999999999998
13569,12.856252220404667,4.056000000000001
13570,5.453999999999999,8.918000000000001
13571,-7.308000000000002,-15.077163823005986
13572,-10.363773899245226,15.388
13573,-1.0079999999999998,-10.427999999999994
13574,-3.844981546723335,-12.000460062563306
13575,-4.356,-3.872
13576,-11.803999999999998,-7.780915282004409
13577,2.8259124543926086,18.807999999999996
13578,2.357999999999999,12.453999999999999
13579,7.333999999999999,-15.649999999999997
13580,-5.832000000000001,-6.281845143201865
13581,0.16799999999999998,0.1262387245855791
13582,-3.1997633453681944,-20.302
13583,-4.821999999999999,23.881999999999998
13584,-2.6380000000000003,5.388
13585,3.3290184532766647,21.593999999999998
13586,-5.668087545607394,22.678000000000004
13587,-4.2780000000000005,2.544238724585578
13588,4.568,5.589018453276663
13589,6.452,16.368714975791253
13590,-3.6239999999999997,-19.53548757300962
13591,13.36,-9.285511124963525
13592,-10.71398887287658,15.488
13593,-1.5204547692055381,4.203999999999998
13594,3.878236654631806,-11.866688731014069
13595,4.653999999999999,-11.260240451282192
13596,-0.5140000000000007,5.415999999999999
13597,-2.9739999999999993,-5.605878798797237
13598,-13.762,4.154252220404669
13599,1.2139124543926085,17.850121201202764
13600,5.498,8.844
13601,-1.1940000000000006,-9.783366371806855
13602,2.95,-0.32728502420875144
13603,-3.2377477795953324,3.9062522204046672
13604,5.555999999999999,17.924
13605,-1.4900000000000004,-3.652000000000001
13606,8.286,8.576121201202762
13607,13.477999999999998,-2.7197575975944743
13608,-1.938000000000001,4.93003365559537
13609,1.4292202713089135,23.907999999999998
13610,-9.135850890975584,27.553999999999995
13611,4.678,5.7719999999999985
13612,6.321999999999999,20.08
13613,0.5259124543926085,-16.84376127541442
13614,-11.024117523382815,-10.231739793414288
13615,-1.1077477795953317,-6.0692513686133776
13616,5.436000000000001,2.6701212012027633
13617,-1.2780000000000016,15.588488875036472
13618,0.4860000000000003,-11.72504629962317
13619,-5.962981546723336,22.266
13620,-4.384,15.239999999999998
13621,6.7639999999999985,-9.987761275414423
13622,-3.9840000000000004,-0.12399999999999949
13623,-0.49176334536819366,-6.060000000000001
13624,0.9315452307944618,-8.11787879879724
13625,4.143999999999999,-4.7458787987972375
13626,-11.378,2.703999999999995
13627,-2.0180875456073912,-5.060981546723336
13628,2.177545230794462,9.207999999999997
13629,0.3130184532766645,5.526252220404668
13630,5.136236654631807,14.297999999999996
13631,4.529999999999999,8.179278659862376
13632,7.822000000000001,0.686381407788474
13633,-6.688000000000002,21.845999999999997
13634,1.4280000000000002,8.608
13635,-0.7040000000000004,19.116
13636,1.2362261007547748,4.239018453276663
13637,-9.848205068990206,11.062000000000001
13638,-0.7540000000000007,0.6399999999999999
13639,6.208,-25.05702224992705
13640,3.4838824766171848,4.135733429067914
13641,-3.214,14.741999999999999
13642,-7.868779728691086,-1.1637397934142863
13643,-4.8900000000000015,4.322252220404665
13644,-5.656000000000001,-2.087747779595334
13645,-3.3041175233828155,20.571999999999996
13646,-6.501773899245225,-14.455999999999998
13647,9.448,-10.08750106882871
13648,7.5200000000000005,-30.999878798797234
13649,-5.724981546723335,17.458
13650,4.618,29.194
13651,2.1007908558145063,-5.637966344404626
13652,2.6260000000000003,-1.720948937599782
13653,6.953999999999999,7.016000000000001
13654,-4.510000000000001,0.48212120120276225
13655,3.6799999999999997,17.192
13656,0.10600000000000023,9.463999999999999
13657,0.32599999999999907,5.312488875036474
13658,6.83,6.903999999999999
13659,14.145018453276663,17.747999999999998
13660,1.7927908558145063,10.176714975791251
13661,3.3980000000000006,16.442
13662,-2.1460000000000012,-0.9536265783925671
13663,6.647999999999999,3.870373421607431
13664,9.474236654631806,-14.746
13665,5.804,7.383999999999996
13666,9.587882476617185,7.017051062400218
13667,-2.1620000000000004,-9.603878798797236
13668,3.156,4.297999999999998
13669,-5.519747779595332,15.457999999999998
13670,0.2040000000000001,-15.987727619819049
13671,4.527999999999999,9.995999999999999
13672,-4.879234497896624,-15.797509055009755
13673,4.818,-8.801930484323117
13674,-0.5764547692055375,17.76403365559537
13675,-4.371999999999999,7.148488875036475
13676,-6.645999999999999,-35.58738992376076
13677,-3.272,10.352488875036475
13678,6.774000000000001,5.797051062400217
13679,3.2000000000000006,-1.5359999999999991
13680,3.447999999999999,19.616033655595373
13681,2.282,-14.613999999999999
13682,-2.136,2.9359999999999995
13683,-0.6899999999999998,-7.893739793414289
13684,11.151999999999997,2.590488875036475
13685,-2.330000000000001,-18.954981546723335
13686,6.815999999999998,-7.139878798797239
13687,0.7941646747972765,1.6081212012027641
13688,0.8022366546318057,4.921999999999999
13689,-5.318779728691086,1.3283814077884764
13690,8.864226100754774,-2.887626578392568
13691,-4.056087545607392,-17.81376127541442
13692,3.628,-7.510000000000003
13693,0.535912454392608,-28.181727619819053
13694,-3.5477477795953307,12.918252220404668
13695,0.3360000000000004,-4.13
13696,3.7019999999999995,-6.249878798797236
13697,2.588,11.034033655595369
13698,-3.5420000000000016,-19.46350905500975
13699,8.524,0.5362522204046669
13700,0.5179999999999995,-2.7277612754144216
13701,-2.650202548800869,-18.318
13702,-8.04574777959533,0.8140000000000001
13703,1.5659999999999996,9.89003365559537
13704,-4.336729326318666,-5.42928502420875
13705,3.057545230794461,4.700488875036473
13706,-7.090000000000001,8.690252220404666
13707,-1.9439999999999995,-0.24094893759978236
13708,0.9247908558145067,-9.832000000000003
13709,3.964,-5.866
13710,3.733018453276665,-8.179163823005988
13711,8.365999999999998,-7.271024817623038
13712,-7.024897252073903,-6.637878798797239
13713,3.1899999999999995,-6.2952177130180065
13714,5.006,-4.670000000000001
13715,-5.211773899245226,21.056
13716,8.453999999999999,11.847999999999999
13717,9.024,-3.209739793414289
13718,-9.812000000000001,2.9962522204046667
13719,1.9259999999999997,-13.89128502420875
13720,9.387018453276664,5.350252220404668
13721,2.6182261007547742,15.114
13722,7.146000000000001,6.1210184532766645
13723,-4.37,-2.421845143201866
13724,11.437999999999999,2.502
13725,-5.084897252073901,11.34603365559537
13726,-17.97820254880087,-0.965285024208751
13727,-5.854000000000001,4.67
13728,5.921220271308914,7.410714975791249
13729,1.5060000000000002,2.6640336555953694
13730,4.581882476617186,21.72
13731,-1.7998353252027222,-0.790981546723333
13732,-14.594,1.7772706736813337
13733,-6.429763345368191,-19.171272400377944
13734,-5.042454769205539,-2.122
13735,2.7860000000000005,-15.048981546723331
13736,4.781999999999998,-7.304
13737,3.454252220404669,-22.59902224992705
13738,1.3979999999999992,-10.10187879879724
13739,-0.23677972869108627,-1.431966344404629
13740,1.2799999999999994,-2.9392850242087505
13741,-11.270779728691085,4.172121201202763
13742,9.086236654631808,2.1239999999999997
13743,-5.662,9.690714975791249
13744,7.339999999999999,12.534
13745,12.565999999999999,-5.782492671686862
13746,-4.456897252073901,11.959999999999999
13747,7.872,20.330000000000002
13748,-4.758659838195744,6.870000000000002
13749,-3.7392091441854935,-6.523739793414288
13750,4.3340000000000005,7.725018453276664
13751,3.3939999999999984,1.1280000000000026
13752,9.943999999999999,30.967999999999996
13753,-11.776,6.467999999999995
13754,2.5,2.7787149757912504
13755,-0.8380000000000006,23.54
13756,0.8759999999999991,27.305999999999994
13757,5.741882476617185,24.443999999999996
13758,2.593220271308914,14.837051062400217
13759,-2.2757633453681936,-6.211285024208749
13760,0.3639999999999996,4.2700000000000005
13761,-1.5,-4.933878798797238
13762,-4.078,-16.673509055009752
13763,-2.1340000000000003,-9.213747779595332
13764,-5.362,15.200033655595371
13765,-9.804981546723335,12.80901845327666
13766,3.752,-12.761999999999997
13767,1.3335817116290118,13.356
13768,-5.77208754560739,10.859018453276665
13769,-13.475999999999999,3.323999999999998
13770,1.7,26.462
13771,4.709999999999999,11.297999999999998
13772,3.1202522204046685,-1.2752513686133775
13773,-1.1529815467233342,11.835999999999999
13774,-6.706000000000001,-21.371999999999993
13775,1.4340000000000004,1.8249537003768281
13776,-5.654,7.296488875036472
13777,-4.55,8.771999999999997
13778,-3.3500000000000014,-10.50176127541442
13779,1.9380000000000002,15.255999999999997
13780,-10.312553627936312,-0.6896265783925685
13781,3.999999999999999,1.9107149757912503
13782,-0.293747779595331,-2.3015111249635254
13783,5.75,13.556000000000001
13784,-4.346000000000001,-9.990948937599784
13785,3.524000000000001,10.941999999999998
13786,-6.764,-8.733878798797239
13787,3.2867908558145045,-25.83727033042418
13788,2.8095452307944617,5.476
13789,-0.7797738992452257,18.046
13790,2.1679999999999993,-3.7340000000000004
13791,-3.0477633453681934,24.256
13792,1.4479999999999997,1.912121201202762
13793,9.535999999999998,1.996749081622187
13794,6.714236654631807,11.783999999999997
13795,0.15600000000000006,-5.012
13796,-4.862,14.582000000000003
13797,5.8501085773719605,5.708252220404667
13798,2.694,9.851999999999999
13799,-2.3659999999999988,11.01
13800,8.477999999999998,-10.45573979341429
13801,2.7532202713089133,9.266252220404667
13802,1.571255107908471,-14.905966344404629
13803,-9.75,2.3020000000000005
13804,-1.238,-11.497747779595333
13805,1.24,23.346000000000004
13806,3.082,26.967999999999996
13807,0.4440000000000001,0.3767149757912506
13808,1.6982261007547752,2.5047149757912512
13809,2.535220271308912,2.951999999999997
13810,0.6280000000000001,-18.896543928767606
13811,-6.288117523382814,-5.603739793414286
13812,5.395999999999999,-4.053878798797238
13813,1.3322366546318067,23.910000000000004
13814,-4.693763345368194,27.163999999999998
13815,7.637882476617183,0.6
13816,7.5779999999999985,-1.641285024208751
13817,7.0680000000000005,20.9
13818,0.26799999999999996,24.05
13819,-3.689747779595332,-6.100981546723335
13820,-1.7679999999999996,5.805999999999999
13821,0.6539999999999999,16.363999999999997
13822,-6.638454769205538,12.668000000000001
13823,-0.3357633453681929,2.7439999999999984
13824,-1.8760000000000012,-15.193285024208748
13825,4.198236654631807,-3.247761275414421
13826,11.034,-9.096948937599782
13827,16.172,16.747999999999998
13828,10.852,-18.78973979341429
13829,-1.4861175233828146,1.5250510624002196
13830,-4.376,-4.460000000000003
13831,3.889545230794462,5.363999999999997
13832,12.936000000000002,6.842260206585712
13833,5.531244554031439,-7.787966344404628
13834,-6.246779728691086,13.788
13835,-0.12200000000000025,12.655999999999999
13836,-4.196,9.569999999999999
13837,-0.5600875456073922,7.388260206585713
13838,1.9980000000000004,-2.300000000000002
13839,0.8862366546318066,23.716
13840,-2.9200000000000004,5.53203365559537
13841,-2.361747779595331,-10.267258904558856
13842,9.122,-19.637522550828844
13843,-3.1060000000000003,5.9183734216074315
13844,3.361999999999999,4.198121201202761
13845,-7.959747779595332,16.89905106240022
13846,6.094236654631807,20.815999999999995
13847,7.33,15.656
13848,-3.72,29.413999999999994
13849,-5.1237477795953295,8.641018453276667
13850,3.343220271308913,-8.00350106882871
13851,13.154,29.79
13852,-3.71,11.154
13853,2.0459999999999994,14.113018453276663
13854,-0.8500000000000003,19.327999999999996
13855,3.493999999999999,-2.866710213014204
13856,2.9222261007547745,12.839051062400216
13857,8.718,3.3742602065857126
13858,-4.090000000000001,-10.610000000000003
13859,-0.03698154672333485,3.9199999999999995
13860,1.518,-14.14187879879724
13861,8.166,22.98
13862,9.706,-5.1019663444046275
13863,5.582000000000001,-4.413739793414285
13864,-11.69574777959533,-19.672742822137756
13865,-0.7820000000000007,1.474238724585578
13866,-3.0122050689902067,16.091999999999995
13867,-6.028087545607393,-4.718981546723335
13868,-1.5860000000000016,-14.960948937599785
13869,3.558,-1.0802665709320856
13870,-0.575763345368194,4.339999999999999
13871,-4.973999999999999,17.016
13872,-1.8660000000000003,-10.657511124963525
13873,-4.372000000000001,-1.8120000000000005
13874,6.735999999999999,-11.54104629962317
13875,-9.244779728691086,8.854488875036477
13876,-2.062000000000001,-2.018948937599783
13877,-0.9280000000000002,-9.07928502420875
13878,3.762226100754775,14.680000000000001
13879,-4.0920000000000005,-20.034
13880,0.995999999999999,-4.4680000000000035
13881,13.079018453276664,-1.0067961491722741
13882,0.8659999999999993,8.085999999999999
13883,5.192,-7.416492671686862
13884,-2.1260000000000003,-3.475966344404631
13885,-15.357999999999999,8.574033655595368
13886,-17.508,4.600121201202763
13887,-7.538454769205538,-1.463761275414423
13888,-2.9039999999999995,3.956260206585712
13889,-6.196000000000001,5.08505106240022
13890,2.369220271308914,2.554000000000002
13891,-3.464,3.1100000000000008
13892,-4.0760000000000005,30.746
13893,5.6758824766171845,-12.869761275414422
13894,-1.8577738992452246,-8.404981546723338
13895,4.446,18.599999999999998
13896,-6.071878798797236,-22.82964007421166
13897,3.9820000000000007,-15.183640074211661
13898,7.366,14.749999999999996
13899,-18.519773899245227,28.786
13900,-0.7059999999999998,-3.522796149172275
13901,8.772,20.252000000000002
13902,-3.594779728691087,18.746000000000002
13903,19.604000000000003,-9.746
13904,1.9879999999999989,15.712
13905,-3.742,-11.924981546723334
13906,9.044,16.802
13907,-6.106,-0.42298154672333227
13908,14.184000000000001,27.96
13909,4.458,12.428
13910,-8.708,-1.055878798797238
13911,1.7078824766171856,17.308
13912,-8.262553627936311,9.785999999999998
13913,2.1530184532766645,11.302
13914,-2.8440000000000003,7.363051062400215
13915,7.038236654631807,23.50626020658571
13916,-9.812000000000001,-7.719511124963526
13917,0.5295452307944609,8.539999999999997
13918,9.245999999999999,14.047999999999998
13919,9.378,-18.214
13920,2.231545230794461,20.106
13921,2.9739999999999993,7.557999999999998
13922,10.258,-14.617999999999999
13923,-0.1260000000000005,8.701999999999998
13924,1.643999999999999,-13.572000000000003
13925,0.6119999999999998,1.272488875036474
13926,-0.42320914418549355,14.307999999999996
13927,6.468000000000001,-10.265878798797239
13928,5.829999999999999,10.248000000000001
13929,8.440000000000001,-5.312915282004409
13930,4.6819999999999995,-4.969999999999999
13931,-15.888454769205538,1.7790184532766637
13932,-3.6497738992452247,12.021999999999998
13933,-1.5259999999999996,-1.7249489375997826
13934,1.6792551079084723,-2.727999999999999
13935,2.4939999999999993,4.854252220404668
13936,2.7315452307944623,8.774033655595371
13937,4.090478321159445,11.44012120120276
13938,0.3269309076692733,7.752000000000001
13939,4.167999999999999,-17.59874282213776
13940,2.5219999999999994,-7.8898787987972385
13941,2.956236654631806,-6.427878798797238
13942,-2.4460000000000015,11.379999999999999
13943,-1.5797633453681932,-9.713761275414422
13944,6.282000000000001,2.246714975791251
13945,-12.029999999999998,29.554000000000002
13946,-3.643747779595331,5.44603365559537
13947,-10.536,-19.469032803804083
13948,4.687018453276664,-5.124000000000004
13949,3.882,2.5842522204046694
13950,-6.7780000000000005,-10.402
13951,1.5422522204046687,-14.793761275414422
13952,6.598000000000001,-2.4557477795953333
13953,9.320000000000002,9.878121201202763
13954,5.4178824766171845,28.656
13955,2.122108577371959,0.26799999999999746
13956,-6.413848821021813,-1.593878798797238
13957,4.027999999999999,15.892
13958,-2.806000000000001,-11.653250918377813
13959,-4.036,-9.30796634440463
13960,5.510462755386581,-2.896000000000003
13961,-3.036,14.516
13962,9.645999999999997,15.028
13963,10.606,-2.464696717195113
13964,1.0159999999999993,0.10038140778847407
13965,-3.1917738992452254,-1.4095111249635253
13966,-6.115209144185494,-0.9029489375997816
13967,1.5778824766171842,25.824
13968,-2.3187797286910867,12.608260206585713
13969,-8.994,1.6300000000000003
13970,5.386,4.774252220404668
13971,5.4879999999999995,2.6379999999999977
13972,5.083912454392609,28.620000000000005
13973,-1.2037633453681926,3.7880000000000003
13974,-0.08577389924522497,-3.1595111249635264
13975,-12.315999999999999,3.810000000000001
13976,-6.357296689792887,-0.8038787987972384
13977,-1.8359999999999999,21.602
13978,2.436,-2.442696717195114
13979,-9.023773899245224,13.456
13980,3.618,-24.06374777959533
13981,-0.06600000000000036,6.563999999999998
13982,1.3899999999999997,-2.6199999999999997
13983,-1.5359999999999991,5.717999999999999
13984,1.7300000000000009,-3.001999999999999
13985,-7.045521678840558,7.133999999999999
13986,4.111545230794462,1.6870510624002186
13987,-4.308,27.336000000000002
13988,1.3002522204046691,15.96812120120276
13989,11.355545230794462,0.057270673681333054
13990,1.1915452307944627,-20.132796149172275
13991,2.1639999999999997,-0.5051638230059879
13992,-6.779773899245225,13.572000000000003
13993,4.814,19.186
13994,0.14799999999999863,13.303999999999998
13995,6.627220271308913,-1.3866887310140696
13996,0.0020000000000003127,1.3619999999999997
13997,8.700462755386582,12.14071497579125
13998,-8.386,19.044
13999,2.103999999999999,12.712
14000,-1.233747779595331,-11.583747779595333
14001,3.614,-4.287761275414421
14002,-3.752000000000001,16.975999999999996
14003,-1.602000000000001,15.073999999999998
14004,4.434236654631806,4.070260206585711
14005,-1.3207797286910872,7.218488875036475
14006,5.424236654631807,1.6367486313866224
14007,-1.3340000000000003,7.244238724585576
14008,5.501545230794461,-3.1169815467233355
14009,8.87,38.245999999999995
14010,-10.942000000000002,-3.3960000000000035
14011,-9.722779728691089,-0.09599999999999795
14012,3.415018453276665,1.239999999999997
14013,2.8418824766171844,-3.8620000000000005
14014,1.830236654631807,-1.2320000000000007
14015,-0.8640000000000004,0.5790184532766638
14016,7.389999999999999,9.048252220404668
14017,1.5279124543926077,-16.70121726278244
14018,2.1660000000000004,10.251999999999999
14019,1.8519999999999996,15.220000000000002
14020,-2.5180000000000007,-6.313999999999997
14021,-2.1697738992452256,15.182714975791248
14022,0.9419999999999998,-1.2058787987972373
14023,-5.294,16.83
14024,-1.319773899245225,6.341051062400216
14025,-2.78,-24.224
14026,4.32025222040467,-11.549878798797238
14027,4.322360797776628,3.3687149757912493
14028,-0.7672091441854947,-3.3180000000000005
14029,3.20945692594072,-8.055258904558855
14030,15.11,13.456
14031,2.3772202713089134,-11.036860345520571
14032,11.180000000000001,6.710488875036475
14033,-8.817747779595331,16.78423872458557
14034,8.271999999999998,-3.9059663444046278
14035,-4.534000000000001,-10.497999999999998
14036,-0.4520000000000001,16.664033655595368
14037,6.802000000000001,-12.974000000000004
14038,7.455999999999999,0.9299999999999997
14039,3.636,12.461999999999998
14040,6.1259999999999994,-1.0784600625633072
14041,2.0679999999999996,-7.9227428221377565
14042,-0.4338508909755854,0.07399999999999896
14043,-0.9404547692055374,2.870260206585712
14044,1.563999999999999,-1.7397141239999612
14045,13.598000000000003,13.331999999999999
14046,3.492226100754775,1.4830510624002184
14047,-3.8752091441854946,13.394
14048,-4.888087545607391,-13.17773979341429
14049,1.8219999999999992,9.511999999999999
14050,1.998,-25.439739793414283
14051,2.7470184532766653,7.685278659862377
14052,-6.903296689792886,9.928
14053,-0.6900000000000007,14.412121201202762
14054,-1.2880000000000016,9.831999999999999
14055,11.998,2.602238724585579
14056,0.37399999999999967,11.880260206585712
14057,2.9480000000000004,-0.8749489375997804
14058,3.594,4.138
14059,1.9599999999999995,1.0987149757912504
14060,-1.4840000000000002,-4.342948937599779
14061,0.9780000000000001,20.827999999999996
14062,-9.506,-16.824
14063,-1.9280000000000002,10.939999999999998
14064,5.139545230794462,-14.650981546723338
14065,4.066,-3.5779663444046306
14066,3.0160000000000005,-7.842266570932085
14067,-3.224087545607392,-15.333285024208749
14068,2.562,4.55671497579125
14069,-1.9872091441854933,0.11599999999999895
14070,5.8982261007547745,-0.6239999999999994
14071,1.3275452307944617,19.413999999999998
14072,2.5959999999999996,4.832033655595373
14073,4.057220271308914,7.7459999999999996
14074,1.0370184532766658,15.166
14075,-0.42000000000000026,8.312260206585714
14076,9.625481208663246,2.752
14077,1.0457818854262688,28.339999999999996
14078,12.288036906553328,-16.912266570932086
14079,1.3690184532766652,-1.888000000000004
14080,10.563018453276666,15.702000000000002
14081,-10.186,5.959052108872035
14082,4.378,12.79471497579125
14083,3.7880000000000003,-10.988721340137621
14084,2.8939999999999997,30.02
14085,3.643882476617184,-18.18974777959533
14086,1.4682522204046686,5.478
14087,4.897999999999999,-1.173739793414289
14088,-10.882,-10.24574777959533
14089,-3.5038914226280395,19.351999999999997
14090,5.555999999999998,-15.101761275414423
14091,1.183018453276665,-10.047272400377945
14092,5.909999999999999,19.68826020658571
14093,5.984,4.710488875036473
14094,6.237999999999998,-7.263747779595332
14095,-0.7927797286910863,-0.16987879879723736
14096,4.215999999999999,15.707999999999998
14097,3.1079999999999997,6.753999999999998
14098,1.8034576851870703,7.82
14099,-6.322572292588353,4.38871497579125
14100,14.924000000000001,8.723999999999998
14101,2.1415452307944625,2.859999999999998
14102,1.5179999999999993,0.13225222040466916
14103,3.528,7.701051062400216
14104,6.351882476617185,35.05
14105,-9.588000000000001,7.593999999999999
14106,8.399018453276664,-10.355747779595331
14107,-8.94974777959533,13.012
14108,-6.428,28.305999999999994
14109,8.687999999999999,-15.686600138934859
14110,3.1100000000000003,16.253999999999998
14111,-11.112,12.608
14112,3.8920000000000003,1.9382387245855788
14113,1.1022366546318065,7.077999999999998
14114,8.855999999999998,15.703018453276664
14115,5.414,-0.9540000000000027
14116,2.089999999999999,2.3819999999999997
14117,4.827882476617185,16.561999999999998
14118,12.296,-1.0500000000000014
14119,-0.39000000000000024,-10.373497391008764
14120,5.725999999999999,-4.566948937599782
14121,3.3138824766171853,-15.185761275414425
14122,-5.664,0.49671497579125157
14123,6.4842366546318075,2.187018453276663
14124,9.866,8.643999999999998
14125,4.638236654631807,-14.087761275414426
14126,4.316,-8.436
14127,-7.019999999999999,4.9202387245855785
14128,-2.3757477795953315,-9.531747779595333
14129,13.618,1.1462424024055253
14130,7.157018453276663,-16.719511124963525
14131,-7.2072091441854935,-4.231999999999997
14132,-8.678,-1.2115111249635262
14133,2.69,-0.4999663444046291
14134,3.2599999999999993,-9.927739793414286
14135,-6.764000000000001,11.032
14136,3.014236654631807,12.05671497579125
14137,5.790000000000001,13.756238724585577
14138,4.9959999999999996,11.734488875036472
14139,9.256,-1.3392850242087504
14140,1.1660000000000001,11.451999999999998
14141,0.6560000000000002,-3.03996634440463
14142,-3.072,-20.693878798797236
14143,9.704,18.211999999999996
14144,19.753999999999998,0.5990510624002191
14145,4.936,-37.59091528200441
14146,-8.803747779595332,0.5530510624002183
14147,6.126236654631807,-9.301930484323114
14148,1.7599999999999987,-10.657511124963525
14149,-9.232,4.554033655595371
14150,-2.7620000000000005,11.921018453276663
14151,9.232,9.349051062400218
14152,-1.7980000000000005,3.1880336555953703
14153,0.4039999999999992,-13.009999999999996
14154,-17.381999999999998,12.392
14155,-12.278,-0.7139999999999986
14156,6.35,10.099999999999998
14157,-5.480087545607392,11.47003365559537
14158,0.33600000000000063,6.787999999999999
14159,6.215999999999999,19.663999999999998
14160,-7.9818653029781474,-6.785809283120353
14161,2.1830184532766643,7.776000000000001
14162,3.389882476617184,9.548
14163,-6.551999999999998,16.969999999999995
14164,-7.424000000000001,11.169999999999998
14165,-10.023999999999997,0.744
14166,-27.02,-1.210981546723336
14167,4.972,-4.653999999999997
14168,0.9338824766171854,-1.8112850242087473
14169,-4.194,5.119999999999997
14170,-9.570117523382816,1.134000000000001
14171,12.5,6.087999999999998
14172,2.1719999999999997,-3.4856185922115244
14173,13.457999999999998,1.977051062400217
14174,-2.874,6.732252220404668
14175,0.866,-5.417739793414289
14176,-1.1020000000000003,5.983999999999997
14177,-8.218,17.43
14178,-20.314,17.746033655595376
14179,-0.8879999999999981,-21.912981546723337
14180,-4.044000000000001,3.038238724585578
14181,-2.854,-10.687999999999999
14182,-3.816,-1.5672850242087513
14183,-4.05275544596856,7.942
14184,1.3052202713089138,12.921999999999997
14185,-4.002000000000001,-4.407747779595333
14186,8.372,0.5870510624002186
14187,-2.118000000000001,3.8859999999999983
14188,2.9922522204046684,5.239999999999999
14189,1.4739124543926079,-13.317999999999998
14190,-3.375747779595332,7.8710184532766645
14191,-6.788454769205538,7.797999999999999
14192,-2.038,-18.279511124963523
14193,-1.406,5.575999999999998
14194,-4.208,25.85
14195,-8.841861444852617,6.548121201202761
14196,2.830000000000001,10.9
14197,2.2559999999999993,-15.17023396180853
14198,0.5062261007547747,4.704260206585711
14199,6.42,12.96505106240022
14200,0.586,18.317999999999998
14201,6.5699999999999985,-3.9820000000000007
14202,-12.986779728691086,-9.327389923760762
14203,3.5539999999999985,3.1300336555953705
14204,12.024790855814507,-8.183999999999997
14205,2.008,-11.70728502420875
14206,4.06,-0.5139999999999999
14207,-3.0985423148129287,-7.9974875730096215
14208,5.129999999999998,1.6082387245855798
14209,-3.138000000000001,15.059999999999997
14210,-3.032,-29.249999999999993
14211,5.957999999999999,10.691999999999997
14212,3.2062261007547748,1.3279999999999994
14213,1.7939124543926084,-16.14450409755218
14214,-1.78,-7.556
14215,-11.562000000000001,-12.597285024208748
14216,8.973999999999998,-9.092000000000002
14217,-6.4657612754144225,-5.685878798797237
14218,9.772236654631806,14.312000000000001
14219,-7.130779728691086,3.6959999999999993
14220,-2.3520000000000003,-17.88328502420875
14221,3.6707908558145057,2.022
14222,-3.823209144185494,-3.4797612754144227
14223,-4.719999999999999,-16.596796149172278
14224,-7.397999999999999,-8.580000000000002
14225,-7.987747779595333,-15.004947891127964
14226,-0.6837738992452248,17.076
14227,-2.968454769205538,7.536238724585578
14228,1.2379999999999995,-1.1959999999999993
14229,3.6159999999999997,-8.001999999999999
14230,4.426,1.2744888750364751
14231,9.102236654631806,-22.459626578392566
14232,2.041545230794462,2.5072786598623766
14233,-3.6420000000000003,10.746
14234,2.6527908558145055,-23.92092509842041
14235,1.3640000000000003,10.254252220404668
14236,-1.4360000000000004,-17.03116382300599
14237,10.297999999999998,12.89671497579125
14238,7.792,7.939999999999998
14239,-5.242117523382815,-1.2529815467233363
14240,3.5072202713089133,1.0839999999999985
14241,1.0602261007547744,-2.7217612754144214
14242,-2.1004547692055366,-5.3139999999999965
14243,0.748,5.703999999999998
14244,-4.624454769205537,18.64
14245,-0.8957738992452248,6.3603814077884735
14246,-6.552000000000001,-14.895358385625816
14247,1.9827908558145055,2.2699999999999987
14248,4.3599999999999985,17.246000000000002
14249,3.722,-12.883761275414424
14250,-2.5900000000000007,14.919999999999998
14251,-0.36199999999999977,-16.997966344404624
14252,-9.446087545607392,20.182
14253,-13.053999999999998,6.709018453276665
14254,-5.688000000000001,6.198
14255,-6.128,1.2562522204046687
14256,-2.1509815467233353,-12.466266570932083
14257,-1.9480875456073914,6.055999999999999
14258,4.351545230794462,-7.848000000000001
14259,3.1242261007547745,-5.329966344404629
14260,5.523255107908471,-16.026739144317812
14261,6.552900929893849,19.778
14262,2.328,-16.487757597594474
14263,-10.251999999999999,14.655999999999997
14264,-8.592,30.65
14265,-17.92298154672333,16.65426020658571
14266,-5.756454769205538,14.137051062400218
14267,-1.9212091441854944,-8.087285024208748
14268,-3.5759999999999996,6.344714975791251
14269,9.746236654631808,-1.1079999999999983
14270,-13.070000000000002,19.689999999999998
14271,-14.4,34.796
14272,8.640149109024415,12.117999999999999
14273,1.3039999999999998,6.055999999999999
14274,2.6627908558145053,-7.120827736397018
14275,-4.0937738992452255,26.534
14276,6.989999999999999,-0.24399999999999977
14277,-11.306000000000001,23.032
14278,0.8599124543926079,-9.047285024208751
14279,-1.0832091441854945,11.01
14280,-0.8379999999999995,17.395999999999997
14281,-6.70374777959533,-5.479511124963527
14282,3.0975452307944615,13.773999999999997
14283,-4.514,-6.715761275414421
14284,4.337999999999999,-9.899966344404628
14285,-8.332,1.6530510624002175
14286,2.6302366546318066,-0.1297477795953327
14287,-1.6092091441854948,-8.925966344404628
14288,7.416000000000001,24.203999999999997
14289,13.625545230794462,-15.904621620934995
14290,3.016790855814506,6.752121201202762
14291,-5.59808754560739,3.6239999999999988
14292,-2.3800000000000003,15.602
14293,4.405999999999999,23.33
14294,2.3200000000000003,-0.8299999999999997
14295,0.15399999999999991,5.044033655595372
14296,-7.032087545607391,18.898
14297,0.691220271308913,10.982252220404668
14298,-0.5660000000000004,2.53203365559537
14299,-1.3679999999999992,5.497999999999999
14300,7.712000000000001,-1.2355111249635229
14301,-8.011763345368195,20.922033655595374
14302,-1.9779999999999993,0.1621212012027627
14303,6.507999999999998,11.270260206585712
14304,-3.1820875456073905,-17.044
14305,0.19200000000000017,-6.415739793414289
14306,8.76,-5.187999999999997
14307,-1.2381175233828159,30.781999999999993
14308,7.7639999999999985,-5.017251368613378
14309,2.1979999999999995,-7.395747779595334
14310,-2.15,12.408
14311,-0.1744547692055372,13.323999999999998
14312,-8.991999999999999,-13.407930484323117
14313,-1.718000000000001,4.520488875036475
14314,16.327999999999996,11.653999999999998
14315,-13.716,3.9919999999999995
14316,3.3440000000000003,15.83823872458558
14317,-8.799209144185493,9.66003365559537
14318,8.371999999999998,18.86
14319,-3.7427797286910858,0.8461548567981346
14320,6.367999999999999,-7.169761275414425
14321,-4.614,-3.9797612754144227
14322,2.895999999999999,8.152000000000001
14323,0.8379999999999995,-1.9169815467233378
14324,-0.11200000000000046,3.2319999999999993
14325,-2.5180000000000007,0.5713032828048867
14326,1.5119999999999998,16.36
14327,5.286119131248992,15.418000000000001
14328,-1.2702050689902062,9.762
14329,-6.458,12.653999999999998
14330,0.8532202713089131,26.97705106240022
14331,-7.352000000000001,-25.592696717195114
14332,-2.494087545607392,-1.1684926716868589
14333,-0.6334441909511235,-8.885618592211525
14334,3.1759999999999997,5.714488875036473
14335,-14.187999999999999,-15.346
14336,7.912252220404669,-13.651739793414288
14337,-7.9337633453681935,-13.160000000000002
14338,-12.078,9.611999999999998
14339,-2.2520000000000002,14.856
14340,-7.089773899245225,-17.82176127541442
14341,1.012,-18.01376127541442
14342,3.62,-15.474706535194255
14343,-16.69374777959533,17.33
14344,7.279220271308914,0.44400000000000117
14345,-3.8324547692055377,19.44705106240022
14346,-6.118000000000001,5.446238724585577
14347,1.4080000000000001,22.904
14348,4.818,8.095999999999998
14349,0.777999999999999,-8.662925098420407
14350,-6.704000000000001,-7.599761275414423
14351,6.884790855814506,2.7540000000000013
14352,9.166,16.848121201202762
14353,4.154000000000002,20.302
14354,2.656,-14.235747779595329
14355,6.88,3.360033655595372
14356,0.9799999999999995,-1.356
14357,1.2247908558145049,19.887999999999998
14358,2.997018453276665,4.152488875036473
14359,2.087220271308913,-7.219878798797237
14360,1.2218824766171845,-10.813389923760761
14361,11.027882476617183,5.994488875036476
14362,-6.813209144185494,1.8720000000000006
14363,-0.5800000000000007,3.021018453276665
14364,3.9002261007547743,12.379999999999999
14365,0.05223665463180573,5.511999999999998
14366,1.2610430762191749,-0.733966344404628
14367,1.3538824766171842,8.435018453276664
14368,0.15799999999999984,13.394
14369,-1.5380000000000003,35.888
14370,0.9539999999999992,17.659999999999997
14371,6.191999999999998,-5.61373979341429
14372,0.012000000000000455,26.082
14373,8.142236654631805,4.832121201202762
14374,-0.7617738992452256,21.53
14375,5.4399999999999995,-7.7120000000000015
14376,2.3440000000000003,7.83
14377,-2.498779728691087,-8.515285024208751
14378,-5.496779728691086,-11.294860345520572
14379,-6.046454769205538,16.893051062400218
14380,-0.06777389924522481,-13.76
14381,-0.8260000000000005,31.874000000000002
14382,-5.336,7.269999999999999
14383,-16.7,3.892488875036476
14384,-0.5437738992452246,9.69612120120276
14385,0.8858824766171847,13.262252220404667
14386,-4.274779728691087,0.6959999999999986
14387,8.518226100754775,-8.469930484323118
14388,-3.8980000000000006,9.761172263602981
14389,4.126,14.062000000000001
14390,3.4180000000000006,-10.387272400377947
14391,0.5661346970218541,-5.653739793414287
14392,4.62,20.875999999999998
14393,0.188252220404668,5.102488875036475
14394,-2.629773899245225,14.866121201202763
14395,10.408790855814505,6.661999999999997
14396,-0.26000000000000084,-8.61502224992705
14397,1.8982366546318066,8.671999999999999
14398,-2.6560875456073916,2.228252220404668
14399,-4.5280000000000005,14.794
14400,3.717999999999999,14.345999999999998
14401,-2.674000000000001,-4.073739793414289
14402,4.273999999999999,-15.363761275414419
14403,0.22000000000000028,8.046
14404,-1.202000000000001,4.217999999999998
14405,1.256236654631807,2.5907149757912498
14406,4.490226100754775,-1.803285024208749
14407,1.222,7.7
14408,-6.166,15.238
14409,3.9777713315492362,20.29
14410,3.7040000000000006,-4.38573979341429
14411,4.664,-13.778948937599779
14412,-11.72,10.684000000000001
14413,5.535545230794463,-4.537511124963526
14414,1.2410430762191744,-17.915163823005987
14415,-2.770000000000001,9.842121201202762
14416,6.566036906553329,-14.311999999999998
14417,8.576,3.92071497579125
14418,3.816,-10.994981546723338
14419,0.7190184532766635,9.49271497579125
14420,-0.6619999999999997,0.2559999999999988
14421,-5.1352091441854935,12.653999999999998
14422,3.6022522204046687,8.554033655595372
14423,3.6322261007547754,13.028000000000002
14424,-0.984,-13.213999999999999
14425,4.452,6.696238724585578
14426,7.0299999999999985,7.74871497579125
14427,-1.4159999999999997,-21.4383714704841
14428,0.1499999999999991,0.13826020658571264
14429,3.774,-13.765761275414423
14430,-3.444,28.894
14431,3.4799999999999995,-4.9749815467233365
14432,2.147999999999999,-17.44
14433,-2.749999999999999,-3.995761275414421
14434,1.2479999999999993,6.087999999999998
14435,6.278226100754774,-5.147878798797236
14436,1.2739999999999996,-5.776981546723336
14437,-2.1212091441854937,8.914488875036474
14438,3.2198824766171854,-28.315966344404625
14439,5.469999999999999,7.630252220404668
14440,-3.314,17.504
14441,0.8940000000000005,26.565999999999995
14442,2.4060000000000006,-7.517999999999998
14443,-8.093763345368194,4.560260206585712
14444,-11.35,-6.835250918377812
14445,4.497545230794462,17.403999999999996
14446,-8.658,-3.020492671686861
14447,-2.146,10.053051062400218
14448,-4.19,-2.921389923760763
14449,1.953018453276664,12.432488875036473
14450,8.850226100754774,4.117051062400218
14451,7.013220271308913,6.946000000000001
14452,9.190000000000001,1.1384888750364746
14453,1.4082261007547743,7.310033655595373
14454,-1.2040000000000004,-4.146981546723337
14455,3.3919999999999986,-11.38962657839257
14456,-5.360779728691085,-0.7139999999999986
14457,5.252,-2.981966344404629
14458,9.448,17.01105106240022
14459,-1.9060000000000001,7.250260206585712
14460,5.104226100754775,16.351999999999997
14461,1.5750184532766647,-6.012000000000002
14462,0.13199999999999895,4.064
14463,0.6759999999999987,-3.5917397934142885
14464,2.1519999999999997,9.837999999999997
14465,7.120236654631808,8.605999999999998
14466,10.364,10.771018453276662
14467,-3.8339999999999987,2.5640336555953724
14468,6.2,13.333999999999998
14469,-7.041999999999999,-0.9392509183778109
14470,-6.452117523382816,-6.260948937599778
14471,-5.412454769205539,-3.092000000000001
14472,-16.066,-4.229739793414289
14473,0.003999999999999915,-3.0300000000000002
14474,-7.433999999999999,-1.8597612754144222
14475,-0.3179999999999993,-8.617999999999999
14476,-5.884981546723336,22.589999999999996
14477,4.155999999999999,5.568
14478,-1.6409815467233362,12.054488875036473
14479,4.987882476617186,5.585051062400218
14480,-14.606087545607394,-7.989511124963525
14481,-0.11199999999999939,-0.503258904558858
14482,4.546,-18.881163823005988
14483,-0.29200000000000015,-13.986233961808528
14484,3.722,31.976
14485,-6.5200000000000005,0.37648887503647616
14486,10.935999999999998,-16.474981546723335
14487,-8.002,0.5660000000000013
14488,3.71,6.135278659862377
14489,-2.900000000000001,8.825999999999999
14490,4.215999999999999,-5.167747779595332
14491,1.2340000000000002,16.104121201202766
14492,-4.469773899245226,-5.289251368613378
14493,1.287255107908471,10.952714975791249
14494,-9.74,4.996
14495,-1.1607797286910866,22.839999999999996
14496,-0.7239999999999999,8.612
14497,9.662236654631808,-5.56928502420875
14498,6.034,10.547018453276664
14499,-5.460117523382815,17.472
14500,-0.20400000000000035,2.1679999999999993
14501,4.487882476617185,3.2924888750364723
14502,0.45799999999999985,4.782260206585714
14503,-2.678,-5.882
14504,4.027882476617185,7.353999999999999
14505,-13.89,14.868238724585577
14506,-1.7280000000000002,5.917018453276664
14507,-5.089773899245225,11.568033655595372
14508,5.098,13.539999999999997
14509,-2.0719999999999996,13.8
14510,2.8140000000000005,3.0219999999999985
14511,-3.182,17.003999999999998
14512,-1.9657477795953309,-0.8260000000000016
14513,6.599018453276663,-2.219511124963526
14514,1.788226100754774,-8.553739793414287
14515,2.906,16.328260206585714
14516,5.038,-1.1779999999999995
14517,15.145999999999997,-10.835032803804083
14518,1.0879999999999992,20.150033655595372
14519,5.682236654631806,4.869999999999999
14520,-1.5017477795953318,15.320121201202761
14521,4.813999999999998,5.322
14522,-0.7092091441854951,7.081999999999998
14523,-8.144,-4.313479586828576
14524,-1.1580000000000004,-16.670981546723333
14525,5.287545230794461,19.394
14526,-2.316,-5.340981546723334
14527,6.606,20.55471497579125
14528,8.762,5.139999999999996
14529,-1.218000000000001,17.694
14530,-8.866454769205536,4.794512426990383
14531,-1.7240000000000002,4.584238724585579
14532,-7.612,-26.70082773639702
14533,3.2559999999999993,-0.35869671719511376
14534,-3.066000000000001,-7.164000000000003
14535,8.466252220404668,23.080033655595372
14536,-17.089773899245223,1.211999999999998
14537,9.193999999999999,29.266
14538,-0.5740000000000004,-5.423999999999998
14539,-6.189747779595332,10.253999999999998
14540,8.097999999999999,4.682
14541,-0.8527797286910864,7.147311268985931
14542,-15.888000000000002,2.4119999999999986
14543,2.1175452307944616,0.3910510624002182
14544,-7.703999999999999,8.312
14545,7.462000000000001,-28.49664069733732
14546,1.3299999999999992,4.705999999999999
14547,5.128000000000001,-1.0892850242087497
14548,14.156,23.772
14549,-5.239747779595331,25.141999999999996
14550,-3.2357477795953313,20.032
14551,2.7704733092636133,9.056033655595373
14552,-1.0860000000000007,2.56203365559537
14553,0.5522522204046687,6.555999999999997
14554,-3.2019999999999995,23.108
14555,1.5879999999999999,3.068
14556,-0.898,-28.84951112496352
14557,-5.668000000000001,-20.58773979341429
14558,5.1542366546318075,-9.514860345520576
14559,1.1,16.006
14560,-5.404175091214784,1.6232571778622416
14561,1.0487908558145052,21.810000000000002
14562,6.138790855814506,1.6760000000000006
14563,-3.08,9.720000000000002
14564,-1.6527797286910868,6.298
14565,-3.072087545607391,-8.525966344404631
14566,10.137999999999998,-19.905285024208744
14567,3.41,-5.437618592211524
14568,7.782236654631807,9.950033655595373
14569,0.6459999999999999,20.182
14570,4.929999999999999,7.2559999999999985
14571,-3.4220000000000006,-7.955272400377946
14572,2.936,16.753999999999998
14573,0.07600000000000069,13.539999999999997
14574,-4.5059999999999985,-2.1209815467233355
14575,3.1322522204046686,-18.771761275414423
14576,-1.9800000000000015,9.305999999999997
14577,9.127999999999998,-11.877999999999997
14578,1.3619999999999983,6.254749081622187
14579,-6.0200000000000005,-3.592
14580,-8.966,19.076
14581,-6.801763345368192,5.128488875036474
14582,-0.5135831047980535,-5.573739793414288
14583,-1.4967797286910867,-7.0159999999999965
14584,-1.4399999999999997,-15.439739793414287
14585,10.687999999999999,5.912000000000001
14586,1.672,10.346033655595372
14587,3.0799999999999996,-0.2226967171951138
14588,-5.662,-3.645706137818917
14589,12.737999999999998,10.313999999999998
14590,-11.779835325202722,9.34
14591,-7.393999999999998,6.019999999999999
14592,-1.964972489553687,-14.708000000000002
14593,-0.16800000000000068,17.07105106240022
14594,2.7582366546318062,-6.7
14595,8.306000000000001,13.678
14596,-5.366,1.6439999999999997
14597,7.905882476617185,-0.11774777959533225
14598,14.200790855814507,2.380488875036474
14599,-3.524000000000001,7.74
14600,4.514000000000001,3.3247149757912466
14601,-2.672,-1.505932688809257
14602,-6.088,6.348714975791251
14603,-0.3880875456073916,-4.084000000000001
14604,3.5,7.109999999999999
14605,0.9982366546318072,-1.0867961491722746
14606,2.306673332431691,15.388488875036472
14607,2.4880000000000004,-0.41776127541442065
14608,-7.2620000000000005,2.1205204131714255
14609,3.3502261007547736,28.003999999999998
14610,-0.04599999999999973,6.4959999999999996
14611,-6.249999999999998,-6.75772761981905
14612,2.3939999999999984,27.612000000000002
14613,0.796,-2.6480000000000032
14614,-1.5779999999999998,7.233999999999999
14615,-0.5309815467233353,8.476252220404668
14616,5.877999999999999,0.8850184532766624
14617,7.772,24.156
14618,-14.410087545607391,25.984
14619,3.2700000000000005,-18.6945700484175
14620,-5.038,-8.807761275414425
14621,4.1899999999999995,7.847999999999999
14622,4.068252220404669,-10.424860345520575
14623,-2.806,13.32003365559537
14624,0.6279999999999997,16.758000000000003
14625,-7.9662181145737305,-40.17138785380699
14626,5.143999999999999,25.154000000000003
14627,-5.181495559190663,13.913999999999998
14628,7.818,13.140033655595374
14629,-6.6800000000000015,19.134
14630,3.272,3.4539999999999993
14631,0.6380000000000005,13.73
14632,-2.3817477795953317,13.903999999999996
14633,-4.257773899245225,-2.512827736397019
14634,1.2059999999999995,13.459999999999999
14635,2.3587908558145063,-3.3299663444046304
14636,2.6119999999999988,6.1080336555953725
14637,9.213999999999999,-20.520827736397017
14638,5.8740000000000006,-7.569511124963526
14639,5.0901346970218535,2.951999999999999
14640,2.024336086608968,10.452000000000002
14641,2.496252220404669,18.12
14642,8.322,8.08626020658571
14643,-0.13600000000000065,21.545051062400216
14644,-1.7342181145737314,15.517051062400219
14645,-1.445963093446671,-8.985999999999999
14646,11.558,6.403999999999996
14647,-6.202087545607391,19.252
14648,-4.254087545607392,0.6250510624002186
14649,3.7900000000000005,3.648033655595371
14650,1.5562261007547744,-18.491999999999997
14651,7.183999999999999,-4.337285024208749
14652,-4.223999999999999,3.8477334290679144
14653,-3.2060000000000004,6.033999999999997
14654,6.381999999999999,18.332121201202764
14655,1.3539999999999996,-10.186000000000002
14656,-3.2781175233828153,-2.5175111249635256
14657,-0.032000000000000736,-9.855739793414289
14658,4.038790855814506,5.387018453276665
14659,-2.0241175233828153,1.1270184532766643
14660,7.676226100754773,-0.7459663444046299
14661,-0.4260875456073926,11.306000000000001
14662,-6.288779728691087,-2.2604600625633067
14663,6.611999999999999,4.757999999999998
14664,0.35400000000000065,10.144121201202761
14665,-1.0240000000000002,-2.8419304843231172
14666,18.612000000000002,0.9759999999999994
14667,4.572226100754774,-2.7040000000000015
14668,-6.996087545607392,22.932
14669,3.6119999999999983,-8.04528502420875
14670,0.8579124543926084,-1.6158787987972374
14671,4.444,6.717999999999998
14672,1.1698824766171843,-19.836796149172276
14673,4.520007986181043,6.136
14674,5.4270184532766645,-17.74128502420875
14675,4.942236654631806,-4.740721340137624
14676,6.275999999999999,6.185999999999999
14677,-1.1027797286910868,-0.9420000000000002
14678,6.05,13.320121201202761
14679,13.041999999999998,-11.899878798797236
14680,-3.286,9.285999999999998
14681,-0.5780000000000012,1.6720336555953708
14682,2.111999999999999,6.555018453276664
14683,-1.3932091441854944,7.879999999999997
14684,-0.4101175233828151,-20.397522550828842
14685,-11.586,-13.499511124963528
14686,-1.385773899245225,1.379999999999999
14687,-5.142,10.783999999999999
14688,-0.7577738992452254,11.664
14689,5.193999999999999,10.027999999999999
14690,3.3067908558145063,-8.655747779595334
14691,13.793018453276664,3.3619999999999997
14692,4.709999999999999,5.68471497579125
14693,-0.7160000000000007,-7.638000000000001
14694,4.223999999999998,-11.532266570932086
14695,3.0159999999999996,22.782
14696,0.8807908558145062,-7.311747779595334
14697,7.033999999999999,15.189999999999998
14698,-1.7800000000000005,-0.09000000000000216
14699,-4.554000000000003,-0.6317397934142882
14700,-0.41199999999999976,5.786
14701,6.205999999999999,0.7219999999999995
14702,7.498,4.106033655595375
14703,-0.5000875456073913,1.3802387245855776
14704,6.075882476617186,-4.56
14705,-0.13574777959533152,-23.691761275414418
14706,-1.036000000000001,19.594
14707,0.7879999999999991,5.7922387245855775
14708,-0.3300000000000004,13.839999999999998
14709,1.6299999999999997,18.984
14710,0.5820000000000001,1.6259999999999983
14711,0.570000000000001,16.0
14712,3.661270673681334,1.9920336555953704
14713,2.9055452307944623,11.31003365559537
14714,-1.6799999999999997,27.642000000000003
14715,2.603999999999999,1.852238724585576
14716,2.0480000000000005,-2.6137397934142887
14717,18.314,2.117999999999997
14718,-2.2479999999999998,3.284000000000001
14719,-0.007747779595331394,-25.50151112496352
14720,-0.07621811457373066,-2.683032803804079
14721,2.1459124543926085,7.275999999999999
14722,-5.282000000000001,-2.9779999999999993
14723,2.1000000000000005,4.279999999999999
14724,0.643220271308914,-11.773999999999997
14725,5.608000000000001,-31.037761275414418
14726,-3.6359999999999992,-5.427761275414422
14727,-12.324,16.314
14728,6.780000000000001,21.886
14729,9.701999999999998,-6.473878798797239
14730,-2.589763345368194,-11.848
14731,-2.6077477795953317,0.49023872458557916
14732,10.19425222040467,-19.558
14733,-7.017999999999999,-2.7960000000000003
14734,5.152226100754774,6.483999999999999
14735,-6.041747779595331,8.51
14736,-3.198897252073902,10.407999999999998
14737,4.106,8.467999999999998
14738,13.166,4.177999999999999
14739,-1.2184547692055374,-9.342000000000002
14740,7.201999999999998,0.2659999999999997
14741,5.890000000000001,-21.89787879879724
14742,10.288,-16.14776127541442
14743,-1.570000000000001,11.334
14744,-1.299747779595331,7.518238724585579
14745,-0.30376334536819466,-0.6129489375997835
14746,-5.726,-2.464796149172274
14747,-6.128117523382815,-0.07102481762303796
14748,-4.666981546723335,2.1999999999999984
14749,-3.789999999999999,-2.3060000000000027
14750,-0.6060000000000002,7.486154856798135
14751,-12.343999999999998,-5.2164611335519115
14752,1.9160000000000004,-4.380492671686862
14753,-3.218000000000001,-3.3999663444046293
14754,6.8340000000000005,-19.07927240037795
14755,4.344,-26.519878798797244
14756,3.359545230794462,-7.040000000000002
14757,-5.548,13.76403365559537
14758,-0.3357738992452262,7.020000000000001
14759,-10.00608754560739,4.411999999999998
14760,-7.622,2.7770184532766633
14761,-2.8524547692055378,22.433999999999997
14762,3.4059999999999997,7.914
14763,-3.604981546723335,0.31999999999999995
14764,11.241999999999999,-22.387999999999998
14765,-6.689736992691896,-4.96
14766,-2.0140000000000002,8.893051062400218
14767,9.654,25.848000000000003
14768,2.5657974511991313,-4.901999999999998
14769,1.749999999999999,-0.6799999999999983
14770,-0.5079999999999997,15.686000000000002
14771,-5.0605536279363115,-16.547511124963524
14772,0.7119999999999994,3.2520336555953713
14773,-4.622000000000001,17.244
14774,0.2682261007547746,-8.011878798797238
14775,7.169999999999999,5.952121201202763
14776,3.805018453276664,12.224238724585579
14777,-8.508000000000001,-4.27249267168686
14778,-0.6920000000000005,-7.415511124963525
14779,3.338,-13.342492671686859
14780,-4.346087545607392,8.23
14781,2.9600000000000004,20.74
14782,-4.6800000000000015,11.101999999999999
14783,2.4030184532766645,-13.189966344404624
14784,4.922,0.8693112689859319
14785,-10.316454769205539,6.993999999999998
14786,-1.4140000000000001,-5.096
14787,-0.8007797286910868,-18.935012193792232
14788,4.003018453276666,2.332033655595372
14789,7.006,2.008000000000002
14790,-11.120000000000001,21.356
14791,-1.5187448920915279,6.540000000000001
14792,5.688,6.190714975791252
14793,-8.84,-1.5654774693681524
14794,10.288,6.332000000000003
14795,6.724000000000001,-11.649511124963528
14796,-1.5559999999999996,5.697999999999999
14797,1.1639999999999988,-13.481999999999996
14798,6.359999999999999,9.839999999999998
14799,8.008,4.1839999999999975
14800,-1.7559999999999985,2.2039999999999993
14801,1.7462522204046689,14.144
14802,2.7002366546318064,5.725999999999999
14803,3.4300000000000006,15.452000000000002
14804,-0.6579999999999993,10.154714975791249
14805,-4.242087545607392,21.72
14806,-0.2620000000000019,-2.0757477795953307
14807,11.176,0.6522602065857128
14808,0.09399999999999942,1.0899999999999985
14809,-2.372,-13.474860345520572
14810,-17.0,13.160260206585713
14811,-4.904000000000001,-2.6289815467233355
14812,1.746,12.601999999999999
14813,12.876,-6.353966344404628
14814,-5.558117523382815,-5.966000000000002
14815,5.557999999999998,9.71625222040467
14816,-3.417209144185494,7.165018453276664
14817,1.0759999999999998,18.109999999999996
14818,-1.4657477795953315,-5.859999999999998
14819,-3.5212966897928863,-15.18373979341429
14820,1.3240000000000005,-3.5596185922115247
14821,1.6639999999999986,-4.5858787987972365
14822,1.0499999999999985,-3.3797276198190502
14823,-10.08208754560739,5.06
14824,-23.123209144185495,-6.733739793414287
14825,-6.623773899245225,9.209999999999999
14826,2.469999999999999,3.1419999999999972
14827,-6.7701175233828135,28.375999999999998
14828,-5.222454769205537,-13.225999999999999
14829,-9.34,5.106488875036474
14830,4.773999999999999,-2.259739793414289
14831,8.468252220404668,7.554000000000002
14832,-0.11599999999999966,-7.219761275414422
14833,2.4967655021033757,-3.719878798797238
14834,-9.046779728691085,7.203999999999999
14835,1.27,8.991999999999999
14836,10.61,-7.275999999999999
14837,4.892,-1.635999999999997
14838,4.635545230794462,3.814252220404667
14839,3.3519999999999994,29.552
14840,0.7319999999999997,-14.600981546723338
14841,-5.2540000000000004,23.029999999999998
14842,15.768,8.566121201202758
14843,9.014,-1.2699999999999974
14844,-0.20599999999999988,-25.362000000000002
14845,12.001999999999999,2.631999999999998
14846,4.4479999999999995,-23.313739793414285
14847,10.354,13.073051062400214
14848,-17.358,0.39261007623923805
14849,4.001472491713583,15.7
14850,-6.630000000000001,18.668
14851,7.277882476617185,-12.437511124963526
14852,-3.9620000000000006,25.592
14853,-16.028,5.552
14854,4.191018453276665,9.942000000000002
14855,-4.362000000000001,4.679999999999998
14856,-1.5037477795953311,-18.61576127541442
14857,-0.9437477795953313,-9.204000000000002
14858,-2.05,-12.122000000000002
14859,8.838000000000001,-5.648000000000001
14860,-8.344,20.226
14861,-5.764,20.644000000000002
14862,1.523018453276664,14.730260206585712
14863,-5.994981546723336,6.372252220404668
14864,-2.3279999999999994,2.8350510624002188
14865,9.148,3.4447486313866214
14866,-6.712779728691086,9.470252220404667
14867,-0.9519999999999997,5.193999999999999
14868,3.235220271308914,-12.900981546723335
14869,-6.678,12.998
14870,-3.037773899245226,3.9800336555953706
14871,3.1439999999999992,-11.235747779595334
14872,1.4919999999999995,0.36599999999999966
14873,1.2482522204046695,15.646
14874,-5.618779728691086,14.735999999999999
14875,6.3759999999999994,-4.133878798797238
14876,10.172,-0.5072850242087512
14877,2.764,-0.9580000000000013
14878,-1.0700000000000007,7.717999999999999
14879,1.7562522204046682,0.3061212012027646
14880,6.523999999999999,16.160488875036474
14881,7.848252220404669,12.073999999999998
14882,-3.8779999999999992,-11.18997375522282
14883,-3.759999999999999,10.850488875036474
14884,6.902236654631807,-9.23
14885,4.102000000000001,5.164000000000004
14886,-8.406,0.5079999999999967
14887,2.640790855814506,-1.957511124963526
14888,1.7439999999999993,17.662
14889,-12.908000000000001,-3.8471638230059866
14890,-1.6637477795953317,-2.3649815467233366
14891,-1.8699999999999997,-34.00948757300962
14892,2.411912454392609,4.620121201202762
14893,8.58,5.67612120120276
14894,-5.324000000000002,10.51626020658571
14895,8.294,13.922000000000002
14896,-3.1407797286910872,15.594033655595371
14897,5.3039124543926075,2.3330510624002203
14898,-1.6720000000000006,-3.33528502420875
14899,0.7202522204046687,5.1122522204046685
14900,-2.4952091441854947,-4.741706137818915
14901,-1.0229569237808256,22.887999999999998
14902,-0.13999999999999985,-7.075878798797237
14903,4.705016956569281,-15.69976127541442
14904,-2.024779728691087,3.296238724585577
14905,-4.859999999999999,-7.0920000000000005
14906,0.2959999999999994,-10.211250918377813
14907,-11.440087545607392,-18.254981546723336
14908,-1.6720875456073911,-31.035285024208747
14909,0.6280000000000001,3.6561212012027626
14910,15.552000000000001,0.8591722636029809
14911,17.605999999999998,3.2679999999999993
14912,1.4799999999999998,6.997999999999999
14913,-6.0360875456073915,5.770260206585711
14914,5.553999999999999,-11.591761275414424
14915,-1.2160000000000006,23.137999999999998
14916,3.761999999999999,-25.425272400377942
14917,9.808,-2.608981546723335
14918,1.0579999999999998,12.881999999999996
14919,4.239999999999999,16.439999999999998
14920,1.6698824766171847,-8.727046299623172
14921,4.799882476617185,9.551999999999998
14922,1.9752202713089133,-1.6000000000000014
14923,9.854,-24.156981546723337
14924,9.526,8.342000000000002
14925,5.586,4.245999999999998
14926,-0.5500000000000007,-2.977878798797234
14927,8.751999999999999,-6.024000000000003
14928,4.332673332431691,13.059999999999999
14929,-1.0467797286910874,13.988
14930,5.665999999999999,0.42003365559536976
14931,1.4079999999999993,-3.4556185922115255
14932,4.770252220404669,8.178488875036475
14933,-1.6300000000000001,13.319999999999999
14934,-0.5959999999999994,-17.774
14935,-7.816,17.786
14936,8.604,9.857999999999999
14937,-1.432000000000001,4.301999999999997
14938,-8.192956923780827,1.9059999999999988
14939,-11.976000000000003,5.772293862181084
14940,-0.23000000000000115,19.208
14941,7.143999999999998,-15.741272400377948
14942,5.7139999999999995,1.577051062400218
14943,2.7539999999999996,8.092252220404667
14944,3.4238824766171847,0.9664888750364738
14945,9.307999999999998,10.165999999999999
14946,3.0647908558145063,28.856
14947,1.851545230794462,16.588
14948,-4.442779728691088,-8.471511124963524
14949,16.896,17.56625222040467
14950,18.065999999999995,7.027999999999997
14951,0.7722261007547747,-14.877999999999997
14952,13.776,-5.805747779595331
14953,-13.376000000000001,12.200714975791248
14954,4.6,-20.321258904558857
14955,3.037018453276665,-0.9309489375997829
14956,-8.242,-14.388
14957,4.514462755386581,10.533999999999997
14958,-0.2220000000000013,-15.279999999999998
14959,-3.1520000000000006,25.862000000000002
14960,6.831999999999999,-2.4000000000000012
14961,8.620563684071126,0.6104888750364739
14962,-3.5657477795953314,10.376
14963,8.413999999999998,11.420488875036474
14964,0.4260000000000005,11.069999999999997
14965,-11.434218114573728,-23.610471488428622
14966,-3.688874466058759,1.637051062400219
14967,-21.15,12.376238724585575
14968,12.138,1.7561212012027627
14969,-2.038,-3.023163823005987
14970,6.561999999999999,8.617999999999999
14971,4.414,23.084
14972,-5.8759999999999994,8.436252220404668
14973,7.958,-13.750981546723338
14974,-19.358,-20.142426406967935
14975,-15.330000000000002,-1.793739793414289
14976,-1.2840000000000011,1.2819999999999965
14977,3.6999999999999993,18.024121201202764
14978,6.397999999999999,18.43
14979,3.2322366546318064,26.326
14980,3.2379999999999995,0.8642602065857119
14981,-1.8680000000000008,16.876
14982,-20.827209144185492,11.19803365559537
14983,-7.346087545607391,14.097999999999999
14984,1.6467908558145052,-15.919511124963524
14985,8.058236654631807,3.4101548567981346
14986,-0.274,1.5581212012027614
14987,-0.8997738992452256,-16.175522550828845
14988,-1.8320000000000003,-19.773020179973276
14989,4.034226100754775,2.468033655595373
14990,0.7159999999999986,-3.9599999999999964
14991,16.229999999999997,-0.23400000000000248
14992,1.500000000000001,-0.967761275414422
14993,-4.190454769205537,26.227999999999998
14994,3.9219999999999997,15.239999999999998
14995,-1.2392091441854938,5.24905106240022
14996,1.9139999999999986,-3.2977276198190504
14997,-3.6700000000000004,-8.13928502420875
14998,-14.527999999999997,9.078
14999,0.583999999999999,-21.93751112496352
15000,3.358236654631807,4.894238724585579
15001,-3.148000000000001,1.6939999999999995
15002,-13.045773899245228,12.27
15003,1.1979999999999997,4.7622602065857125
15004,-1.4038614448526165,10.511999999999999
15005,3.972790855814506,20.47425222040467
15006,6.213999999999999,7.731018453276664
15007,6.581999999999999,-2.394000000000001
15008,3.7078093090911706,22.753999999999998
15009,3.0220000000000007,10.354
15010,-2.7880000000000003,26.238
15011,5.446,-9.64302481762304
15012,-0.048000000000000397,8.057999999999998
15013,1.0079999999999998,9.229999999999997
15014,11.032,2.468
15015,-1.6260000000000006,-9.43764007421166
15016,3.0722366546318063,2.6801212012027626
15017,-3.8659999999999988,13.934000000000001
15018,2.804,0.29671497579125017
15019,2.1849009298938493,-5.884
15020,8.41,-8.013999999999998
15021,1.128790855814506,12.844260206585712
15022,7.574,15.171999999999997
15023,-4.151521678840557,6.731999999999999
15024,4.778,-0.8919999999999998
15025,8.561018453276663,5.903999999999998
15026,-3.904,-1.4500000000000022
15027,0.12000000000000029,-8.025501068828708
15028,2.8320000000000007,-8.501250918377814
15029,7.221018453276666,-3.7037397934142886
15030,-16.964,-7.6640000000000015
15031,-0.9800000000000001,2.2582602065857116
15032,10.608,2.6079999999999997
15033,-2.136,23.096
15034,-8.246117523382816,9.181999999999999
15035,0.47122027130891314,-7.605285024208749
15036,-2.821773899245225,6.196714975791248
15037,-0.9840000000000003,0.7820000000000021
15038,1.8242522204046687,21.324
15039,-11.828981546723337,7.854714975791251
15040,3.3550184532766645,12.468033655595368
15041,-10.243773899245223,12.139999999999997
15042,-4.888,-0.7395111249635263
15043,8.745882476617187,-10.283285024208752
15044,1.3679999999999999,14.778
15045,-3.5427797286910883,3.5319999999999965
15046,6.7238824766171845,9.675999999999998
15047,-2.549763345368194,17.497999999999998
15048,-0.7659999999999998,-15.607761275414422
15049,4.138,13.363999999999999
15050,1.1400000000000006,-17.656860345520574
15051,3.4760000000000004,12.843051062400217
15052,2.816236654631806,-1.5049489375997822
15053,2.268,17.035999999999998
15054,8.37,13.895999999999997
15055,3.004,1.1327149757912494
15056,4.491220271308913,-14.042492671686862
15057,-5.638000000000001,12.989999999999998
15058,-5.481751458998423,6.758488875036474
15059,7.272,9.312
15060,0.15599999999999953,9.501999999999999
15061,3.5520000000000005,3.7462387245855764
15062,6.372,-11.153761275414421
15063,-3.030117523382816,8.097999999999997
15064,1.0879999999999999,22.63071497579125
15065,4.131882476617186,4.161999999999999
15066,6.803999999999999,10.745999999999999
15067,3.5519999999999987,1.743018453276664
15068,3.2139999999999986,14.419999999999998
15069,-8.132779728691087,-16.533739793414288
15070,4.185999999999998,16.997999999999998
15071,-16.55,-8.726981546723335
15072,-7.925747779595332,3.3040336555953713
15073,2.8820000000000006,-11.730860345520574
15074,-1.2044547692055383,9.501999999999999
15075,-2.3080000000000007,16.816102124800437
15076,1.4479999999999995,17.32225222040467
15077,3.0799999999999996,-14.139747779595329
15078,-6.674981546723336,-8.081285024208748
15079,5.7780000000000005,-0.10200000000000102
15080,5.574,10.645018453276663
15081,14.198000000000002,6.975999999999999
15082,-5.806,6.447051062400218
15083,2.1119999999999997,11.058000000000002
15084,2.592,-3.141747779595332
15085,-3.2960000000000003,-3.1499999999999995
15086,0.7339999999999997,-12.15128502420875
15087,5.1240000000000006,-10.059640074211659
15088,4.848149109024414,-22.09776127541442
15089,-5.644,19.68
15090,0.11800000000000033,20.252
15091,6.234,15.534488875036473
15092,4.315220271308913,-15.295747779595327
15093,3.0742261007547755,4.979999999999999
15094,3.3639999999999994,-8.169511124963526
15095,-4.820000000000001,6.407999999999999
15096,8.604000000000001,-1.785747779595333
15097,-8.706,-7.623024817623036
15098,-2.1657477795953306,0.8519999999999989
15099,1.1080000000000005,11.123999999999999
15100,-2.819209144185493,22.226
15101,4.456790855814505,-11.611258904558856
15102,13.579999999999998,9.027999999999999
15103,-6.315773899245225,0.21849094499024774
15104,2.4857818854262694,-1.1357276198190491
15105,3.6199999999999997,3.879999999999998
15106,-4.612527508286417,9.923999999999996
15107,-11.294,-13.225477469368153
15108,1.6127908558145052,13.352488875036476
15109,-7.917999999999999,16.151999999999997
15110,-1.2959999999999994,-2.780981546723337
15111,-1.4967797286910873,-14.515250918377813
15112,1.8379999999999996,-10.343714123999959
15113,2.596,20.326
15114,1.2599999999999993,-6.388492671686861
15115,1.9379999999999995,-23.027897875199557
15116,-7.446779728691086,0.6239999999999994
15117,4.045912454392608,3.018488875036476
15118,-14.946000000000002,-21.385761275414424
15119,2.6719999999999993,8.451018453276664
15120,-8.829763345368194,-2.3709489375997803
15121,4.086252220404669,7.663999999999997
15122,-0.8480000000000008,4.767999999999998
15123,-1.580779728691087,15.190000000000001
15124,3.2478824766171845,-1.8989489375997821
15125,-8.49976334536819,-2.2537612754144214
15126,-1.3572091441854939,-3.9573899237607613
15127,7.736,-13.988981546723334
15128,3.2202366546318055,5.574033655595373
15129,-3.84,6.002000000000001
15130,4.403999999999999,17.426
15131,-2.5807797286910863,0.4730510624002182
15132,3.5022522204046695,8.184252220404668
15133,4.1,-2.474000000000001
15134,15.428,23.09
15135,1.7259999999999998,-3.867761275414422
15136,-10.084,-11.159511124963522
15137,-0.4719999999999997,-5.337511124963524
15138,5.066,11.582033655595371
15139,11.323999999999998,11.331999999999999
15140,6.9079999999999995,-2.2799999999999985
15141,2.669545230794461,-2.1715090550097544
15142,-1.2799999999999998,-6.0600000000000005
15143,1.984252220404669,1.3262522204046685
15144,-4.85,15.256033655595374
15145,9.749999999999998,7.655999999999999
15146,-4.1061175233828155,23.839999999999996
15147,1.1259124543926085,2.2459999999999996
15148,-20.934,0.945999999999998
15149,-5.600087545607392,11.906121201202765
15150,-10.795436315928871,10.187999999999999
15151,1.5559999999999994,10.345999999999998
15152,-14.112,0.4577660381914697
15153,-2.887999999999999,19.924
15154,6.461545230794462,-13.074000000000002
15155,-1.9640000000000009,7.990121201202763
15156,7.334236654631806,-3.3092509183778143
15157,5.663999999999999,2.3440000000000003
15158,-4.038,-9.186
15159,8.61,-7.38328502420875
15160,12.776108577371959,13.689999999999998
15161,4.477999999999999,10.379999999999999
15162,5.669912454392609,-18.16546190359529
15163,-2.4597477795953315,6.01603365559537
15164,-0.754454769205538,14.078121201202759
15165,-5.098542314812931,5.5121212012027625
15166,-12.506,0.4940000000000008
15167,10.023018453276666,9.384
15168,-7.943537244613419,19.887999999999998
15169,11.207999999999998,-9.461747779595331
15170,11.080236654631808,7.93931126898593
15171,2.645882476617185,14.583999999999998
15172,7.016,23.208
15173,8.082,3.3750521088720347
15174,-1.600000000000001,20.832
15175,4.521999999999999,-10.2747102130142
15176,-4.934,8.703999999999999
15177,-6.423747779595331,0.8242387245855796
15178,-2.274,5.293999999999999
15179,10.817912454392609,-8.158721340137623
15180,-10.32174777959533,5.047999999999999
15181,-1.7680000000000007,-19.83771412399996
15182,-2.577763345368194,-15.95373979341429
15183,6.222226100754775,-0.39072932631866736
15184,6.562,8.844
15185,-8.937999999999999,35.135999999999996
15186,-0.6381175233828149,-17.919761275414423
15187,12.741999999999999,0.6699999999999996
15188,0.6718824766171843,14.456
15189,7.320238724585577,2.8259999999999996
15190,4.595018453276665,20.82
15191,14.717999999999998,-2.0577477795953314
15192,-0.6787293263186669,5.88003365559537
15193,-4.569773899245225,-1.212000000000002
15194,-1.9862900944082604,1.062
15195,0.7779999999999998,5.1739999999999995
15196,-0.9299999999999997,18.482
15197,-14.77608754560739,2.1287490816221863
15198,3.8279999999999994,-0.23551112496352572
15199,4.053999999999999,-18.582266570932084
15200,-0.8539999999999998,6.949999999999998
15201,-7.5857738992452255,1.6759999999999997
15202,0.021220271308913397,4.352000000000001
15203,1.7899999999999998,26.71
15204,3.750790855814506,-2.2120000000000015
15205,-14.646,7.816000000000001
15206,-7.116,30.98
15207,-0.24774777959533054,6.506714975791249
15208,2.192226100754774,1.2287149757912494
15209,2.430236654631807,25.476
15210,-0.262087545607392,-0.15000000000000072
15211,10.648,8.760381407788476
15212,0.3878824766171851,-19.09526234424313
15213,-1.618779728691086,8.402121201202762
15214,7.922,-12.59902224992705
15215,-5.284000000000001,19.146260206585712
15216,-1.9279999999999995,-15.909511124963524
15217,4.456,3.313999999999999
15218,5.9762366546318075,3.819999999999999
15219,8.224,-3.5346081251159043
15220,-0.6939999999999997,18.224
15221,-3.0317477795953307,-8.461285024208747
15222,4.566,-3.584721340137624
15223,-3.6540000000000012,38.017999999999994
15224,-9.829773899245225,5.457018453276664
15225,-5.688981546723335,20.502
15226,-0.48343631592887293,-1.225999999999999
15227,3.192252220404668,7.711999999999999
15228,-5.126418288370988,-11.018
15229,0.8899999999999993,13.829999999999998
15230,2.4690184532766652,-0.8266887310140681
15231,-1.1817738992452251,-18.462
15232,-1.768,23.731999999999996
15233,0.8059999999999995,-15.489963093446672
15234,-3.240779728691087,-0.9695111249635261
15235,-10.502553627936312,-6.316000000000001
15236,-0.575172237632164,2.4482602065857124
15237,-1.6520000000000004,7.857999999999999
15238,7.109018453276664,-2.681999999999999
15239,3.3039999999999994,-4.470948937599779
15240,1.2762366546318078,-0.06176127541442398
15241,-3.1080875456073933,-17.504
15242,6.935999999999998,-7.866000000000002
15243,-1.1917477795953313,5.245999999999998
15244,0.4458824766171844,0.27999999999999686
15245,-10.50808754560739,14.199999999999998
15246,1.0922366546318059,7.350714975791249
15247,1.3698824766171847,10.266000000000002
15248,-11.567747779595333,-5.390948937599782
15249,5.578252220404668,3.362714975791249
15250,6.795999999999999,-17.287761275414418
15251,-4.600779728691087,-3.4715225508288428
15252,2.6759999999999984,-8.70996634440463
15253,-1.67,-12.291511124963527
15254,0.1919999999999998,7.369999999999999
15255,-0.3480000000000004,-6.5237477795953325
15256,10.601999999999999,-3.7219663444046276
15257,-6.196175091214785,10.702
15258,-7.571747779595332,12.15
15259,6.309882476617185,9.29223872458558
15260,8.266,-14.823258904558859
15261,-2.1661175233828143,6.257999999999999
15262,-9.39,26.747999999999998
15263,1.3354569259407194,-2.46
15264,0.9400000000000006,-21.65466306159974
15265,-3.320779728691086,2.139999999999998
15266,1.9239999999999988,-16.84550905500975
15267,3.6599999999999993,-7.472981546723337
15268,1.8399999999999992,16.728
15269,11.328,4.6099999999999985
15270,1.0219999999999996,-0.6129489375997821
15271,-1.7697738992452248,1.925999999999998
15272,6.276,-4.816000000000001
15273,-0.5940875456073919,0.022238724585577074
15274,-12.104972489553688,3.7359999999999998
15275,-9.401761275414422,24.779999999999998
15276,5.548,10.075999999999997
15277,3.0160000000000005,18.27071497579125
15278,2.655882476617184,13.595999999999998
15279,0.8599124543926088,24.098
15280,0.6942366546318064,13.680252220404668
15281,-5.558,9.27
15282,-1.592,23.169999999999995
15283,-3.0377633453681936,-12.443511124963527
15284,7.040252220404668,5.073999999999999
15285,2.5959999999999996,5.444121201202764
15286,-0.9660000000000004,20.362000000000002
15287,-2.9099999999999993,-10.13973979341429
15288,0.7720000000000008,10.216
15289,0.1539999999999992,21.568
15290,3.3119124543926075,-17.985747779595332
15291,-0.7420000000000001,11.183018453276665
15292,3.428,13.016238724585577
15293,1.0539999999999998,-12.14376127541442
15294,-1.5900000000000003,5.007018453276665
15295,-2.948,18.582
15296,-5.313999999999999,10.755999999999997
15297,-1.496,4.023018453276663
15298,5.950790855814506,17.355999999999998
15299,-3.304454769205539,-10.839739793414285
15300,0.32599999999999946,0.266714975791251
15301,1.4900000000000002,-9.95091528200441
15302,-1.416,2.1850510624002184
15303,0.8078824766171856,15.135018453276661
15304,8.756,-2.398000000000002
15305,-3.1420000000000017,4.653051062400218
15306,0.0859124543926086,9.467018453276665
15307,-4.264,-6.0177141239999585
15308,-1.0059999999999996,18.32
15309,0.7420000000000002,-1.009032803804081
15310,-2.6584547692055374,8.322121201202762
15311,-7.294000000000001,-4.37
15312,-1.9664182883709878,-5.494000000000002
15313,-5.225296689792886,3.392260206585712
15314,5.355999999999999,15.106
15315,8.4,2.3290510624002176
15316,8.1,10.294
15317,4.446,19.221999999999998
15318,4.72,4.090238724585579
15319,-3.158000000000001,16.264
15320,2.3279999999999994,-4.055272400377946
15321,1.4539999999999993,16.509999999999998
15322,-7.386000000000001,-1.2209815467233363
15323,-1.5660000000000014,5.076033655595372
15324,2.6379999999999995,15.224
15325,-0.5160000000000012,-15.863511124963527
15326,3.250000000000001,-0.8220000000000013
15327,-4.816000000000001,19.182
15328,15.097999999999995,-4.180948937599783
15329,-1.024000000000001,-1.5872850242087502
15330,1.0580000000000003,1.148000000000002
15331,2.2719999999999994,12.648121201202763
15332,0.8927908558145058,5.798714975791251
15333,-5.289835325202722,-4.793285024208752
15334,2.7860000000000005,-6.623487573009621
15335,11.49,-20.018027846346506
15336,-0.27600000000000086,5.155051062400217
15337,-1.715234497896624,25.252
15338,14.413999999999998,6.571999999999997
15339,-10.474981546723336,-1.4217397934142881
15340,-6.422779728691087,-5.22376127541442
15341,-3.5239999999999996,9.38705106240022
15342,2.905018453276665,12.907999999999998
15343,-1.084,8.416
15344,-7.883850890975586,0.08012120120276264
15345,1.5682366546318067,14.895999999999997
15346,9.727999999999998,5.662121201202763
15347,-2.190000000000001,3.310238724585578
15348,-5.164454769205538,-13.219999999999999
15349,-10.45,6.859999999999999
15350,-4.878087545607393,8.636
15351,9.234,17.064
15352,-3.5500000000000007,14.367999999999999
15353,3.062790855814506,7.598238724585579
15354,-5.430087545607392,10.935999999999998
15355,-2.1660875456073923,-1.990000000000002
15356,7.357999999999999,8.590488875036474
15357,2.078,22.484
15358,4.278,17.544
15359,-3.327209144185494,0.22305106240021785
15360,-0.01677972869108544,-18.491389923760764
15361,-17.505773899245224,-20.53649060173309
15362,-3.2079999999999997,16.066
15363,6.158252220404669,-18.43547746936816
15364,-2.8899999999999997,6.281311268985931
15365,7.5939999999999985,20.285999999999998
15366,-5.8420875456073915,2.7159999999999975
15367,-12.704000000000002,21.133999999999997
15368,-2.7359999999999998,18.6
15369,-4.384,-5.839999999999999
15370,1.134226100754774,6.695999999999998
15371,1.4122261007547752,21.212488875036474
15372,7.8420000000000005,22.796
15373,-11.825999999999999,11.84671497579125
15374,5.761545230794462,-1.2312850242087514
15375,5.194,7.967999999999999
15376,-6.428,-1.1737397934142888
15377,1.9038824766171842,1.9300000000000004
15378,-1.7400000000000007,-3.434
15379,5.169018453276665,-1.5520000000000018
15380,-5.154454769205538,16.401999999999997
15381,7.51,16.904
15382,6.359912454392608,1.2640000000000005
15383,3.2600000000000002,-1.303761275414422
15384,7.109882476617185,-3.9564600625633064
15385,-13.054779728691084,20.45003365559537
15386,3.4559999999999986,35.582
15387,10.117999999999999,-10.40928502420875
15388,1.2019999999999997,9.637018453276664
15389,1.576236654631807,30.084000000000003
15390,1.889545230794461,20.80426020658571
15391,0.8818824766171851,0.7881212012027632
15392,-4.298,-3.498000000000001
15393,1.616,10.251999999999999
15394,4.33,3.665999999999999
15395,-3.6759999999999997,3.1270184532766634
15396,-3.923747779595331,2.5179999999999976
15397,0.14399999999999835,-4.757999999999999
15398,-1.090117523382815,-8.635739793414285
15399,-11.908981546723336,-6.130000000000002
15400,-7.464779728691087,2.4882522204046675
15401,13.690236654631807,34.44199999999999
15402,-0.8719999999999999,6.718238724585578
15403,-1.1760000000000002,-15.559509055009755
15404,-14.10608754560739,-4.1278978751995625
15405,-2.603999999999999,5.952
15406,-2.6900000000000004,27.25
15407,7.414,-12.779761275414423
15408,-10.585999999999999,3.3752571778622418
15409,1.192,-6.637739793414289
15410,12.111999999999998,-1.879999999999999
15411,1.9659124543926079,13.059051062400215
15412,7.8519999999999985,5.839999999999999
15413,4.074,5.127051062400218
15414,2.6575452307944625,-2.7177612754144223
15415,-3.5357738992452257,16.748
15416,6.003545230794462,-0.1337397934142885
15417,3.45,24.246
15418,-7.024000000000001,12.366
15419,-1.738,-1.9900000000000007
15420,-2.074454769205538,3.7962602065857114
15421,3.244236654631807,10.215999999999996
15422,6.154000000000001,8.713051062400215
15423,1.4580000000000002,-0.9440000000000026
15424,4.969882476617185,-9.583511124963527
15425,-0.9100000000000007,5.854121201202762
15426,7.614,-1.1840000000000028
15427,-3.920087545607392,27.319999999999993
15428,10.679999999999998,-1.8939999999999988
15429,-7.22353724461342,11.379999999999999
15430,-3.5720000000000005,-29.447761275414422
15431,8.139999999999999,8.914488875036472
15432,4.702,2.1459999999999995
15433,0.24799999999999942,-15.383714123999956
15434,0.7302261007547741,3.9979999999999976
15435,-11.745865302978146,23.336000000000002
15436,3.4159999999999995,7.967051062400219
15437,-7.474000000000001,11.998260206585712
15438,-2.402,35.108
15439,8.618,-10.319999999999999
15440,-5.867999999999999,18.152488875036475
15441,-2.7232966897928854,-7.277461903595291
15442,-3.425209144185493,11.753999999999996
15443,-3.52174777959533,4.256238724585579
15444,9.206,17.31603365559537
15445,2.4579999999999993,9.979999999999999
15446,0.9062522204046684,23.959999999999997
15447,-2.5220000000000002,1.5682387245855764
15448,2.9400000000000004,-7.723285024208749
15449,5.576236654631806,-1.681999999999998
15450,4.955882476617185,6.7440000000000015
15451,-1.638,-12.540915282004411
15452,0.10932884868087349,-21.569501068828707
15453,-0.01974777959533114,-9.85728502420875
15454,-0.5980875456073906,-6.005757597594475
15455,10.169999999999998,-3.5867213401376232
15456,7.110226100754775,8.173999999999998
15457,-0.1280000000000001,17.704
15458,5.493999999999999,-11.801999999999998
15459,0.7257818854262691,-14.288
15460,-4.417773899245226,3.2140336555953715
15461,-0.78,30.012
15462,8.755999999999998,-16.692915282004407
15463,1.6960000000000008,8.236
15464,-1.2780000000000007,-14.038145369729325
15465,6.493999999999998,9.122238724585578
15466,9.968,-4.1049815467233355
15467,-3.344,-11.309999999999995
15468,-6.353747779595332,-10.570915282004412
15469,3.0222261007547755,6.974121201202763
15470,9.815912454392608,0.5519999999999989
15471,7.208,-17.6645700484175
15472,2.79,5.070252220404669
15473,-0.1360000000000003,27.394
15474,4.726252220404669,13.590238724585578
15475,3.474000000000001,-0.20525136861337784
15476,-20.260454769205538,-22.967761275414414
15477,-4.601209144185494,20.964
15478,0.7802522204046696,-12.483258904558856
15479,6.039999999999998,-0.7337612754144217
15480,-0.41920914418549415,-10.96128502420875
15481,-3.9519999999999995,3.055018453276662
15482,3.645882476617185,-1.6769489375997828
15483,0.7804888750364753,-4.011747779595332
15484,3.227999999999999,-11.819757597594474
15485,0.37199999999999916,22.872
15486,11.395999999999999,-19.822000000000003
15487,2.2992202713089136,-1.3917397934142883
15488,8.922790855814505,5.455999999999999
15489,1.4619999999999984,-1.6339663444046288
15490,-3.9699999999999998,0.8319999999999972
15491,8.170790855814504,17.50425222040467
15492,8.430000000000001,-11.434000000000001
15493,19.892,17.592
15494,5.187882476617185,23.203999999999997
15495,-1.5257477795953323,10.776033655595372
15496,2.5802261007547744,12.568
15497,0.8779999999999998,6.004
15498,-9.398087545607392,14.181999999999999
15499,-4.480867274298478,7.169999999999999
15500,9.394,-18.11309651181524
15501,3.5540000000000007,16.674
15502,-0.03200000000000056,3.4940000000000007
15503,2.6802366546318073,10.050121201202762
15504,10.588,9.681999999999999
15505,-1.4134955591906622,3.228033655595371
15506,3.518790855814506,-19.6
15507,6.895999999999999,9.179999999999998
15508,3.9141191312489916,12.086
15509,-6.445747779595331,8.032
15510,1.7010184532766643,8.305018453276663
15511,-8.790956923780826,-2.6442339618085318
15512,9.434000000000001,5.678033655595371
15513,4.999882476617185,6.268488875036477
15514,-4.341747779595332,-10.45173979341429
15515,1.2860000000000003,21.541999999999994
15516,1.0947908558145063,5.161051062400219
15517,-4.625861444852616,14.144
15518,10.108236654631806,-23.172710213014206
15519,3.9727908558145053,-28.723285024208746
15520,-4.171209144185494,-0.35494893759978224
15521,-0.7420000000000009,1.3040369065533284
15522,-0.23200000000000073,-5.186000000000002
15523,2.3599999999999994,-3.042981546723335
15524,7.659999999999999,-19.367012193792238
15525,-5.096000000000001,14.291999999999998
15526,3.778,-10.729761275414422
15527,1.2060000000000006,3.3299999999999983
15528,-1.3820000000000001,1.2359999999999993
15529,5.278236654631806,11.196000000000002
15530,3.3680000000000008,0.4823814077884741
15531,-0.3200000000000003,28.683999999999997
15532,-2.047234497896624,-4.056000000000001
15533,14.115018453276662,16.52
15534,-2.2447797286910864,-18.525272400377943
15535,1.4459999999999986,-8.72528502420875
15536,3.2980000000000005,-0.2378787987972375
15537,-3.6955216788405565,7.16225222040467
15538,-8.256,-13.581878798797238
15539,-2.364,7.073999999999998
15540,6.082,25.232
15541,7.3340000000000005,-4.055878798797236
15542,4.93991245439261,9.999999999999998
15543,12.144,8.797999999999998
15544,-16.247209144185497,5.132
15545,-1.019044469388217,17.517999999999997
15546,8.116790855814505,9.884488875036475
15547,-0.6909815467233354,10.266238724585577
15548,10.102226100754775,9.177999999999999
15549,3.8260000000000005,-14.123501068828707
15550,-1.3639999999999997,-6.753878798797238
15551,4.022,25.071999999999996
15552,-4.035663913391032,-6.087966344404633
15553,4.176,-20.213518873008894
15554,9.802,-3.7239999999999993
15555,15.529999999999998,-15.279747779595331
15556,-6.006000000000002,-5.3589489375997825
15557,-10.522,23.528
15558,2.8982522204046695,2.4741212012027622
15559,-4.127559457382174,-19.035973755222816
15560,-1.3100000000000005,-7.774000000000003
15561,7.522,26.395999999999997
15562,6.806,2.7440673111907428
15563,-0.09408754560739255,-2.2640000000000016
15564,-5.052779728691087,-15.211761275414426
15565,-12.649999999999999,4.343051062400218
15566,6.3759999999999994,25.372000000000003
15567,6.955781885426269,4.991999999999997
15568,7.765018453276665,-6.2729815467233365
15569,0.6939999999999991,2.752714975791251
15570,7.295999999999999,-14.435999999999998
15571,-6.909999999999999,13.722
15572,3.4299999999999997,-0.31294893759978065
15573,10.812,6.7244888750364735
15574,7.706,-5.865046299623172
15575,5.378,-15.17419985597759
15576,0.7839999999999996,2.412714975791249
15577,-5.151999999999999,-0.660948937599781
15578,0.03000000000000016,-12.389981741403862
15579,0.5439999999999999,-8.276000000000002
15580,6.056,-21.641747779595327
15581,12.749999999999998,2.451052108872035
15582,-8.874,17.375999999999998
15583,2.943999999999999,25.499999999999996
15584,1.8119999999999998,-27.793258904558854
15585,6.956,16.494
15586,9.297999999999998,9.08426020658571
15587,10.583999999999998,10.547999999999998
15588,6.214,12.706033655595371
15589,8.495999999999999,11.302000000000001
15590,0.3299999999999983,16.282000000000004
15591,4.519882476617184,4.0699999999999985
15592,-11.658,-6.466000000000001
15593,-4.162087545607391,-25.197761275414425
15594,-2.716087545607391,-4.3470328038040815
15595,2.9630184532766646,18.637999999999998
15596,-8.544,-24.043163823005983
15597,-5.985999999999999,20.186
15598,4.330000000000001,14.181999999999999
15599,-4.958087545607393,-1.6389489375997826
15600,3.472,-13.657999999999998
15601,-0.8337477795953312,20.9
15602,-9.378000000000002,5.886238724585577
15603,-4.953436315928872,-1.1537477795953337
15604,-9.210779728691087,12.957999999999998
15605,-5.500000000000002,20.926
15606,-1.036,-18.742948937599778
15607,-2.2880000000000003,-5.6108277363970185
15608,7.128,-15.273714123999957
15609,3.2080000000000006,12.407999999999998
15610,6.020000000000001,-4.167739793414288
15611,-2.6037738992452253,-1.5659999999999996
15612,3.2640000000000002,-1.080948937599782
15613,-4.926117523382816,10.419999999999998
15614,0.4760000000000012,-4.408
15615,2.598,7.061999999999998
15616,8.236,-15.091999999999999
15617,6.022,8.743999999999998
15618,3.158236654631806,-8.620000000000001
15619,5.111472491713583,-9.389511124963525
15620,17.288,-11.306000000000001
15621,2.5261346970218543,-1.2159999999999997
15622,-1.2077738992452243,-11.257761275414424
15623,2.2219999999999995,-6.370696717195112
15624,-1.6709815467233355,-1.072000000000001
15625,9.708000000000002,15.298000000000002
15626,9.638,2.938
15627,3.0102366546318065,-12.34748757300962
15628,3.8120000000000003,7.7695399374366945
15629,12.434000000000001,8.36671497579125
15630,-1.9860000000000007,-20.865285024208752
15631,5.060134697021852,16.864
15632,-4.127999999999998,0.8520336555953719
15633,5.18645220150955,7.956
15634,2.598,-9.089706137818917
15635,13.797999999999998,3.868
15636,6.336,-19.108460062563307
15637,0.004236654631805692,-10.453250918377815
15638,2.6459999999999995,5.113999999999997
15639,2.748,-31.153878798797233
15640,0.23791245439260802,-8.85
15641,0.5859999999999997,4.099999999999999
15642,5.577999999999999,-10.322000000000001
15643,6.965999999999998,-1.0820000000000014
15644,0.3240000000000002,-0.9099999999999998
15645,4.470790855814505,-13.594981546723337
15646,-21.951773899245225,20.256
15647,-0.33000000000000024,-3.392981546723336
15648,-19.743763345368194,30.976
15649,-2.2112091441854935,17.282
15650,2.2060000000000004,14.556000000000001
15651,7.075999999999999,-3.3576400742116577
15652,6.659999999999999,-3.3495111249635263
15653,0.2919999999999995,7.847999999999997
15654,-1.0260000000000005,12.686033655595368
15655,7.58,22.072
15656,-5.192779728691086,21.940714975791252
15657,7.767999999999999,-17.092000000000006
15658,-8.302000000000001,1.2961212012027612
15659,-3.1340875456073922,2.620714975791251
15660,5.228,2.7580000000000005
15661,-4.376,-14.915999999999997
15662,-1.1045423148129299,-3.804000000000002
15663,5.804,10.732
15664,5.343999999999999,16.586260206585713
15665,-8.437999999999999,3.678
15666,4.6259999999999994,11.510000000000002
15667,-1.7100000000000002,5.051999999999998
15668,7.945999999999998,-12.028
15669,-8.392000000000001,-15.241501068828708
15670,3.0459124543926093,-7.764000000000001
15671,-1.527773899245225,27.421999999999997
15672,4.164134697021853,-6.579999999999998
15673,10.23,6.674488875036474
15674,-1.1417633453681935,14.859999999999996
15675,-7.210779728691087,-4.973878798797239
15676,0.45000000000000073,3.6447149757912505
15677,-6.232,2.6879999999999997
15678,-1.3140000000000005,8.864033655595371
15679,3.6175452307944624,-8.769285024208749
15680,0.6259999999999998,17.389999999999997
15681,-2.8397477795953328,22.659999999999997
15682,4.272,-8.605747779595331
15683,0.4132202713089132,8.51
15684,2.2659999999999996,-9.605761275414421
15685,-1.3539999999999999,-4.2317612754144225
15686,-4.99,-2.18572761981905
15687,14.516,-15.51894893759978
15688,-4.894,5.712488875036473
15689,0.4499999999999993,13.718033655595372
15690,-8.912779728691087,22.37003365559537
15691,10.293999999999999,5.144252220404669
15692,10.841999999999999,10.848121201202764
15693,1.5472202713089132,-2.2839999999999976
15694,-0.8580000000000002,12.603999999999997
15695,-5.452000000000001,-7.747999999999999
15696,-0.5879999999999995,-24.421747779595332
15697,-2.815495559190663,1.470033655595372
15698,-3.2752344978966237,1.9327149757912507
15699,1.4092202713089133,-0.2435111249635268
15700,-4.996,-11.831511124963523
15701,0.7999124543926086,25.406
15702,0.9599999999999994,13.27803365559537
15703,2.3999999999999995,23.773999999999997
15704,1.733882476617185,-5.89587879879724
15705,8.48,5.011999999999998
15706,-6.586000000000001,-10.433878798797238
15707,7.590000000000001,0.11599999999999895
15708,-2.0961175233828153,-0.3259999999999998
15709,3.6440000000000006,2.854
15710,-8.382,15.195051062400216
15711,-0.966,-4.101511124963527
15712,-2.794,8.325999999999999
15713,3.4350184532766654,-13.980460062563305
15714,4.266,8.505999999999998
15715,4.249999999999998,-18.812266570932085
15716,1.0119999999999993,8.808033655595372
15717,-12.489999999999998,-16.45573979341429
15718,1.1379999999999995,2.2162387245855784
15719,-1.6580000000000006,-10.13891528200441
15720,5.975999999999999,7.660000000000001
15721,-1.4760875456073916,4.653051062400218
15722,7.034000000000001,12.709999999999999
15723,0.49399999999999994,-5.315878798797237
15724,4.854000000000001,5.29905106240022
15725,-5.376,1.5290184532766624
15726,-2.374,9.930260206585713
15727,4.692252220404669,-15.607761275414422
15728,-8.492454769205537,19.205018453276665
15729,1.706,-20.81894893759978
15730,1.0839999999999996,-8.74728502420875
15731,0.34799999999999986,11.841018453276662
15732,3.5759999999999983,15.232
15733,4.117912454392608,-7.862
15734,-0.6200000000000017,17.803018453276664
15735,2.234164674797277,25.741999999999997
15736,-5.2120000000000015,10.096
15737,5.252,-7.018948937599781
15738,-0.9979999999999997,-5.713878798797239
15739,-8.668779728691087,13.398
15740,-6.107999999999999,11.116
15741,3.779999999999999,-1.4477477795953326
15742,3.1978824766171843,-25.24278609303746
15743,2.345999999999999,-0.6517061378189171
15744,4.071912454392607,12.333999999999998
15745,-1.5027554459685608,6.573999999999998
15746,3.601999999999999,10.626
15747,10.318000000000001,-4.814696717195114
15748,-4.116000000000001,-2.2139663444046276
15749,-14.105999999999998,13.499051062400218
15750,10.928,19.758000000000003
15751,-1.5239999999999996,-2.088948937599781
15752,4.416226100754774,-8.136981546723337
15753,3.8995452307944616,4.962252220404667
15754,0.28800000000000026,8.143018453276664
15755,2.916,18.894
15756,-8.742,9.607999999999999
15757,-1.741209144185494,-3.270000000000002
15758,5.446,-9.457761275414425
15759,12.85411913124899,-26.405389923760758
15760,1.8979999999999997,-5.608
15761,1.9779999999999993,-5.767511124963525
15762,4.802,-5.784000000000001
15763,5.1338824766171856,17.626260206585716
15764,-3.056,2.346000000000001
15765,10.892236654631805,25.879999999999995
15766,11.111999999999998,8.871051062400216
15767,-9.952000000000002,25.096
15768,15.339999999999998,22.912
15769,7.94,13.406
15770,1.3530184532766647,-14.25
15771,-6.6098614448526165,16.44905106240022
15772,0.3118824766171846,-3.8980000000000006
15773,-1.1179999999999999,18.321999999999996
15774,-5.581999999999999,-2.2140000000000013
15775,3.3379999999999987,-2.751511124963526
15776,5.181912454392608,-2.6700000000000026
15777,-0.39211752338281514,-5.085761275414422
15778,5.888,-1.3568603455205726
15779,-1.8921175233828147,16.56
15780,-4.022779728691086,1.920238724585579
15781,7.695545230794461,-30.18147539941438
15782,-5.294,-12.297966344404626
15783,-1.0116274325564816,7.618
15784,-0.6587797286910864,-7.2559663444046265
15785,6.760000000000001,29.738
15786,-2.823773899245226,22.651051062400217
15787,5.541999999999999,-18.146000000000004
15788,7.646790855814506,4.672238724585578
15789,10.254,23.634
15790,12.545999999999998,-5.666000000000001
15791,8.783999999999997,-5.034710213014202
15792,-1.8784547692055373,9.081999999999999
15793,2.0058824766171846,-10.738
15794,-8.943999999999999,-6.65374777959533
15795,12.668,-19.143747779595333
15796,-0.6765275082864178,-2.772000000000002
15797,6.75,3.4139999999999993
15798,1.0980000000000003,0.38803365559537184
15799,13.494,30.363999999999997
15800,4.76,3.0682602065857116
15801,1.5767908558145045,22.296
15802,0.4559999999999995,0.09428587600003979
15803,-2.729747779595331,6.458
15804,0.5640000000000001,1.1539999999999992
15805,-3.0260000000000007,-1.6177397934142874
15806,4.196488875036475,-0.06800000000000068
15807,-2.404,2.491999999999998
15808,14.412,-6.42773979341429
15809,5.739018453276665,22.465999999999998
15810,-0.945209144185494,-0.7577612754144226
15811,1.876,20.272
15812,-0.17200000000000024,5.279051062400218
15813,4.756,25.595999999999997
15814,3.064000000000001,13.69648887503647
15815,1.0539999999999996,10.477051062400218
15816,1.8530184532766651,2.217999999999999
15817,-0.12200000000000025,0.44800000000000184
15818,16.819882476617188,20.274121201202764
15819,4.9399999999999995,-7.823250918377814
15820,-5.025747779595331,-4.511999999999999
15821,2.628,7.413051062400219
15822,7.325999999999999,9.813999999999997
15823,-1.596,-4.759747779595331
15824,1.318,-10.448981546723335
15825,1.5067908558145056,-7.206
15826,-5.904000000000001,4.195999999999996
15827,5.468000000000001,10.175999999999998
15828,-0.2560000000000008,-6.7458787987972375
15829,2.56,-10.307761275414423
15830,-10.527747779595332,-4.6812850242087505
15831,-1.1404547692055378,-4.242000000000002
15832,14.303999999999998,-26.485878798797234
15833,2.1499999999999995,-0.46776127541442314
15834,4.670790855814507,22.63
15835,0.26822610075477477,-5.987761275414424
15836,9.642,4.572000000000003
15837,8.049220271308913,-0.6740000000000024
15838,4.781882476617184,4.1630510624002195
15839,-4.996779728691086,6.054121201202763
15840,-4.206087545607391,3.3919999999999986
15841,4.01,-6.4515010688287076
15842,-2.3617738992452253,15.52471497579125
15843,1.874,11.526
15844,4.154,-14.776
15845,7.086,-4.535511124963527
15846,-11.560779728691085,0.664
15847,1.5219999999999998,4.661999999999998
15848,1.8399999999999994,2.193999999999999
15849,2.682,7.035999999999999
15850,5.024,5.257999999999997
15851,-0.6239999999999997,15.545999999999998
15852,-12.544981546723337,-7.260000000000001
15853,4.9399999999999995,-16.769258904558857
15854,6.2379999999999995,-7.0498787987972396
15855,9.824000000000002,0.7042387245855778
15856,0.3535452307944622,-6.330000000000001
15857,-5.709999999999999,20.438
15858,-11.124,15.261999999999997
15859,-19.714,-17.691285024208746
15860,-0.9380000000000006,27.688
15861,2.0370184532766644,-0.7280000000000036
15862,3.822,7.048121201202764
15863,0.12391245439260752,7.172
15864,7.068,-10.55374777959533
15865,0.20822610075477446,8.540000000000001
15866,6.938119131248991,9.702000000000002
15867,-0.22598282636096095,-0.9600000000000015
15868,0.5519999999999996,14.341999999999999
15869,-13.498000000000001,-16.835672482223544
15870,9.236,3.961999999999999
15871,3.975999999999999,3.1800336555953703
15872,9.849912454392607,4.1740336555953705
15873,1.495999999999999,3.8484888750364723
15874,6.579545230794461,-10.160000000000002
15875,-0.2880000000000006,6.797999999999999
15876,-8.492,7.4159999999999995
15877,4.176252220404669,16.942
15878,0.593018453276665,3.359999999999997
15879,-6.034000000000001,14.418000000000001
15880,0.14777133154923697,9.030741095441142
15881,-9.821209144185493,-16.629640074211657
15882,7.027999999999997,-14.42223396180853
15883,6.664,-10.36728502420875
15884,11.554,-13.778621620934993
15885,-5.3260875456073915,12.621999999999996
15886,5.523999999999999,-9.132860345520575
15887,-1.5000000000000002,-0.8612177130180058
15888,-2.9220000000000006,28.571999999999996
15889,-3.2467797286910867,-0.4969815467233367
15890,1.3012445540314395,-5.387511124963526
15891,0.8914277074116466,3.063999999999999
15892,-2.4620000000000006,0.7210510624002175
15893,0.42000000000000026,-1.3589489375997823
15894,3.0722261007547753,-4.395966344404629
15895,8.528252220404667,-12.609511124963522
15896,5.8999999999999995,11.855999999999998
15897,6.784226100754775,-4.564981546723336
15898,3.968,25.061999999999998
15899,4.895545230794462,16.874000000000002
15900,-12.281763345368194,5.614033655595372
15901,16.79,6.752252220404668
15902,3.3239999999999994,7.161999999999999
15903,-5.192,12.023999999999997
15904,9.152,-18.227747779595337
15905,-6.336,6.570000000000002
15906,0.5039999999999999,-15.504948937599782
15907,4.7750184532766635,-9.085032803804081
15908,0.46901845327666447,-5.5760000000000005
15909,10.335882476617183,5.927999999999999
15910,0.2022366546318068,0.4099999999999994
15911,-4.98,16.956
15912,-1.5060000000000002,-1.5209815467233363
15913,-4.375209144185493,8.052
15914,-0.435773899245226,-4.362
15915,0.7139999999999993,-14.149477469368154
15916,-2.218000000000001,9.099999999999998
15917,-2.1867797286910866,18.71
15918,-0.3897477795953314,11.401999999999997
15919,3.6819999999999995,15.034
15920,7.241999999999999,7.641999999999999
15921,2.375999999999999,2.1340000000000017
15922,-2.4620000000000006,5.521018453276663
15923,1.3570184532766647,-0.6389489375997812
15924,8.053999999999998,-15.205163823005986
15925,-2.236,-25.566729326318665
15926,9.017999999999997,-12.359747779595335
15927,1.1298093090911714,-15.295640074211656
15928,0.9099999999999986,-5.911250918377814
15929,-1.3789815467233353,-6.804000000000002
15930,3.4159999999999995,13.862033655595368
15931,6.239882476617185,7.068
15932,5.832000000000001,12.71
15933,2.737999999999999,14.913999999999998
15934,-28.798454769205534,-7.8277397934142865
15935,3.853545230794463,12.891999999999996
15936,4.318,10.55
15937,-9.02,18.0
15938,7.764,-0.7620000000000005
15939,7.35,0.159999999999998
15940,1.5540000000000007,26.55
15941,8.094000000000001,7.08012120120276
15942,-2.8519999999999994,-1.6680000000000017
15943,-2.368,17.404
15944,-7.64774777959533,8.047999999999998
15945,6.593018453276665,11.089018453276662
15946,-4.966000000000001,6.657999999999999
15947,-15.614981546723337,-21.346000000000004
15948,-4.070981546723336,-4.0817397934142905
15949,-4.42,-4.043999999999998
15950,-1.459436315928873,0.21901845327666206
15951,4.694,29.686
15952,4.358,-4.2
15953,-6.24,-6.093691759737538
15954,-9.986779728691086,-8.738000000000003
15955,-4.409999999999999,2.4090510624002177
15956,0.9820000000000002,6.468121201202763
15957,-1.679861444852617,-38.14098154672333
15958,0.7839999999999983,-30.297248848424044
15959,2.538,19.967999999999996
15960,-2.820087545607392,10.863999999999997
15961,-3.7079999999999997,7.637999999999998
15962,-4.8865275082864175,-11.309501068828709
15963,3.500000000000001,11.642033655595371
15964,3.2339999999999995,8.487018453276665
15965,-4.998,-10.339389923760761
15966,-1.422000000000001,10.56425222040467
15967,-1.9279999999999995,-14.05704629962317
15968,0.7642261007547748,-30.977761275414416
15969,-7.2388972520739,-31.062709166542383
15970,9.416,19.25
15971,7.287018453276663,13.254
15972,-6.650779728691086,-24.532770029522382
15973,-9.60608754560739,-1.4177612754144193
15974,-1.496087545607391,-14.102000000000004
15975,-2.3659999999999988,2.7719999999999994
15976,-7.908000000000001,4.780252220404668
15977,-2.8017633453681947,-16.23060013893486
15978,9.244236654631807,13.533018453276663
15979,0.9312202713089128,2.455999999999998
15980,0.21901845327666508,3.089999999999998
15981,12.365999999999998,3.1979999999999995
15982,-6.498,-13.268981546723335
15983,0.29999999999999966,-0.5019663444046282
15984,-3.425747779595331,19.85612120120276
15985,-4.979436315928874,5.02271497579125
15986,1.1619999999999993,-2.5019663444046274
15987,2.654252220404669,6.074
15988,-4.892454769205537,-1.5830222499270505
15989,-9.339676980764988,20.386000000000003
15990,-7.772553627936313,-25.258
15991,-3.000000000000001,0.6907149757912506
15992,-2.450000000000001,-13.288
15993,-4.5360875456073915,-21.924827736397017
15994,0.43999999999999967,0.9230510624002186
15995,10.782,18.49
15996,-1.9440000000000004,9.535999999999998
15997,-4.840000000000002,3.5325124269903796
15998,-1.1220000000000003,16.50505106240022
15999,-14.192000000000002,-20.399757597594473
16000,5.011220271308913,-11.464000000000002
16001,-11.946087545607392,-0.3560000000000033
16002,-1.07,22.448
16003,8.302000000000001,-18.16698154672334
16004,-2.4,2.8639999999999994
16005,-13.672000000000002,-0.23973979341428944
16006,13.085999999999999,-17.652608125115904
16007,2.632,6.585139654479425
16008,-3.9989815467233347,-32.00576127541443
16009,4.244236654631806,18.904
16010,-4.112,11.218252220404668
16011,3.2639999999999985,9.065999999999999
16012,-0.17200000000000132,-17.098575515992348
16013,-7.436,3.7161212012027613
16014,4.7780000000000005,-2.3098451432018656
16015,12.27,-28.947511124963523
16016,-3.042000000000001,10.433999999999997
16017,13.463999999999999,-14.294
16018,12.190000000000001,-9.934
16019,1.941999999999998,25.976
16020,-3.2900000000000005,1.2287149757912499
16021,-2.804,-2.1900000000000004
16022,1.2567908558145064,-8.259999999999996
16023,-5.096000000000001,21.631999999999998
16024,3.3479124543926075,-0.7378787987972381
16025,12.231999999999998,-7.407999999999999
16026,10.335882476617183,-0.7409489375997836
16027,7.439912454392608,12.132
16028,8.039882476617185,8.167051062400217
16029,14.033882476617185,-4.748000000000001
16030,-7.702,4.230252220404668
16031,7.208790855814506,21.263999999999996
16032,4.007999999999998,4.097999999999999
16033,-3.882,-7.759747779595334
16034,-2.9419999999999993,19.654
16035,-3.3180000000000005,18.982
16036,0.32223665463180556,0.9359999999999993
16037,-0.689773899245225,0.8002602065857118
16038,17.038,-2.8437477795953328
16039,-0.39320914418549435,15.71901845327666
16040,6.256,13.586000000000002
16041,6.454000000000001,-50.55776127541442
16042,2.652673332431691,-5.044000000000001
16043,-0.8399920138189566,9.542488875036474
16044,2.8435452307944624,9.366488875036476
16045,7.756,-6.817761275414422
16046,7.651999999999998,15.56905106240022
16047,2.551545230794462,-30.25
16048,-3.1800000000000006,14.677999999999997
16049,3.691545230794462,0.40901845327666386
16050,-3.6980875456073905,4.459999999999997
16051,0.079999999999999,-19.893487573009615
16052,0.5692202713089138,21.381999999999994
16053,-6.148744892091528,-16.191285024208746
16054,5.040000000000001,13.330238724585575
16055,10.838,2.336238724585577
16056,5.220000000000001,7.326252220404669
16057,-3.6340000000000003,12.563999999999998
16058,4.072000000000001,2.058488875036474
16059,-1.3097738992452246,-9.873966344404627
16060,-5.232000000000001,6.382488875036474
16061,2.0219999999999994,-22.662
16062,1.361999999999999,4.670121201202763
16063,6.696000000000001,-8.453747779595332
16064,2.0899999999999994,11.828260206585714
16065,6.349999999999999,-19.83298154672334
16066,1.4302366546318064,10.703999999999999
16067,7.982000000000002,12.501999999999997
16068,-13.785209144185496,7.595999999999999
16069,-3.5620875456073917,-6.305878798797238
16070,6.205882476617186,-15.753739793414288
16071,-5.685999999999999,15.815999999999999
16072,5.022563684071127,20.954488875036468
16073,-4.7219999999999995,-10.850557424586695
16074,4.367999999999999,-43.388
16075,-3.527209144185494,8.923018453276663
16076,0.7039999999999998,-8.786266570932087
16077,-0.01799999999999997,18.188
16078,0.6239124543926078,4.694238724585577
16079,4.183999999999999,-2.075999999999999
16080,1.6415452307944622,-4.990981546723336
16081,5.977882476617184,-22.603739793414285
16082,1.2580000000000005,-11.309285024208751
16083,-4.72998887287658,-12.505932688809255
16084,5.081794931009793,19.529999999999998
16085,-7.196779728691086,-14.348232915336713
16086,-3.1320000000000006,8.42825222040467
16087,-5.708779728691086,3.620836176994014
16088,-4.806,-13.771966344404628
16089,13.40391245439261,0.5860336555953708
16090,0.44199999999999984,9.682714975791251
16091,0.10622610075477468,-14.11176127541442
16092,-1.3184182883709887,-16.309761275414424
16093,-8.342000000000002,13.552238724585578
16094,3.1407908558145055,16.986121201202764
16095,-2.313773899245225,-12.585285024208751
16096,-0.34698154672333564,5.480252220404668
16097,4.449545230794462,0.18599999999999922
16098,-3.389747779595331,-12.573878798797239
16099,5.2379999999999995,-8.603878798797236
16100,0.7554277074116473,17.368
16101,-14.204000000000002,13.232
16102,2.47,2.008000000000002
16103,-9.612,2.804260206585711
16104,6.9079999999999995,6.783999999999999
16105,-1.5177633453681936,5.8759999999999994
16106,6.677999999999999,11.6
16107,1.677999999999999,-19.593878798797235
16108,-0.2980000000000018,15.256238724585577
16109,1.3661191312489922,8.130252220404667
16110,2.5779999999999994,2.814488875036473
16111,7.713999999999999,2.1399999999999992
16112,14.646,26.241999999999997
16113,8.684000000000001,-0.22000000000000028
16114,1.169018453276664,20.704
16115,-7.678117523382814,33.8
16116,0.28222610075477556,5.3679999999999986
16117,-1.346,14.996260206585713
16118,-4.115747779595331,12.312238724585578
16119,0.6679999999999999,1.8824888750364739
16120,-3.154000000000001,8.824
16121,6.209999999999999,21.133999999999997
16122,-0.15199999999999889,-9.574998697973145
16123,5.749999999999998,-0.6340000000000003
16124,-11.37174777959533,-14.862
16125,3.0862261007547755,13.896
16126,-4.08275544596856,9.25603365559537
16127,5.367999999999999,14.68203365559537
16128,0.34522027130891286,31.008
16129,2.5378824766171846,5.643999999999998
16130,2.4819999999999998,8.690714975791249
16131,2.484236654631806,-1.279511124963527
16132,4.175999999999999,25.338
16133,0.5819999999999993,1.161999999999999
16134,8.209999999999999,-9.20694893759978
16135,-1.0339999999999994,1.446000000000001
16136,-6.208704703376156,-8.206947891127964
16137,-0.19898154672333543,18.8
16138,3.411999999999999,15.01
16139,3.371999999999999,-4.5337141239999585
16140,5.583882476617185,-3.9982665709320857
16141,0.7279999999999995,18.56612120120276
16142,-6.006,8.168000000000001
16143,-1.888000000000001,9.851999999999999
16144,-9.28,2.6410184532766636
16145,-4.084301407531643,3.9142522204046677
16146,4.255220271308914,14.122
16147,-5.392779728691087,-26.985511124963523
16148,-5.686000000000001,4.480000000000001
16149,7.698790855814505,-12.225747779595332
16150,0.10525361120108752,6.981999999999999
16151,4.388,-14.061511124963525
16152,4.617999999999999,-17.656266570932086
16153,1.1639999999999995,3.87
16154,-4.312779728691088,8.253999999999998
16155,7.441999999999998,-27.109999999999996
16156,-15.636,-8.549511124963526
16157,6.708011127123418,5.5699999999999985
16158,0.2619999999999994,-5.619932688809255
16159,5.686,-1.7455111249635267
16160,-0.3124547692055373,9.807999999999996
16161,-1.2457633453681944,-23.857761275414425
16162,3.6399999999999997,-30.700000000000006
16163,2.250790855814506,-1.0057612754144216
16164,-22.506087545607393,-7.178981546723337
16165,1.605220271308914,11.079051062400218
16166,5.9079999999999995,15.654000000000002
16167,10.516,12.601999999999997
16168,3.377809309091171,-3.821511124963527
16169,-12.458,4.099999999999999
16170,-0.6519999999999999,9.402238724585576
16171,8.782,-5.077285024208748
16172,-4.3517633453681945,-3.92449267168686
16173,11.245018453276664,-10.345511124963526
16174,4.901999999999999,7.484
16175,3.791999999999999,3.3819999999999992
16176,-0.9940000000000007,-4.967878798797238
16177,-3.2524547692055377,-10.759739793414287
16178,5.0742366546318065,5.067018453276664
16179,-6.772553627936313,29.504
16180,-2.540779728691086,21.09
16181,-3.766117523382815,-6.569739793414286
16182,-19.416000000000004,-2.7929489375997827
16183,8.6,-0.9478787987972368
16184,-2.894087545607393,-6.103966344404629
16185,-5.7619888728765805,16.65
16186,11.489999999999998,2.6579999999999986
16187,-7.482000000000001,11.778488875036475
16188,0.4639124543926081,10.262488875036475
16189,-7.1800000000000015,8.306121201202762
16190,10.538,0.9642387245855776
16191,2.8279999999999994,11.006000000000002
16192,4.516,-14.983511124963522
16193,7.789999999999999,-3.5335111249635256
16194,2.459999999999999,-14.897739793414285
16195,-7.928,17.30203365559537
16196,0.38701845327666434,-13.876000000000001
16197,1.4122366546318066,-0.6439999999999984
16198,-9.48,-9.097966344404629
16199,-2.797209144185495,1.2850184532766633
16200,-2.0717738992452253,1.4660336555953712
16201,8.126000000000001,17.116
16202,5.64,9.262714975791251
16203,0.5918824766171845,-7.440000000000002
16204,10.622,-10.745024817623039
16205,-4.188000000000001,9.283999999999999
16206,-3.8584547692055366,0.7570184532766632
16207,-16.461999999999996,0.10999999999999872
16208,-0.8680000000000014,5.992488875036473
16209,1.6659124543926083,5.0059999999999985
16210,7.9879999999999995,-6.947511124963522
16211,-0.008000000000000363,17.472
16212,-4.614000000000002,15.73
16213,12.148,-4.90596634440463
16214,-0.44800000000000073,-12.751691759737538
16215,16.284,3.0979999999999994
16216,8.472000000000001,19.739051062400222
16217,-18.52774777959533,27.189999999999998
16218,8.056000000000001,5.671018453276664
16219,4.438,2.231999999999999
16220,7.4399999999999995,6.688252220404668
16221,4.266236654631806,-28.206232915336717
16222,-1.9219999999999993,-9.4628266899252
16223,-2.3857477795953317,1.1662522204046681
16224,4.8740000000000006,-0.645747779595333
16225,-10.520981546723334,6.08071497579125
16226,-11.150779728691086,11.829999999999998
16227,6.539999999999999,-20.637511124963527
16228,-8.893773899245224,-4.06094893759978
16229,3.0864888750364754,-29.467999999999996
16230,-7.806,3.200000000000003
16231,5.2219999999999995,13.687999999999999
16232,-1.2781175233828157,-25.852915282004414
16233,-0.026000000000000512,-6.200000000000003
16234,4.6659999999999995,20.427999999999997
16235,-18.238,-6.609999999999999
16236,2.258,-24.203511124963523
16237,10.178462755386581,1.3219999999999992
16238,-0.5317738992452258,0.8344888750364738
16239,-0.502,-26.840796149172274
16240,-1.61,-19.02
16241,5.004790855814505,23.554000000000002
16242,3.4579999999999997,-10.657487573009618
16243,-1.9452966897928856,-7.939878798797237
16244,2.933999999999999,16.094714975791252
16245,-6.516,-6.759285024208753
16246,-14.816454769205539,3.405999999999999
16247,-1.448000000000001,-3.082981546723339
16248,10.0,-10.946000000000002
16249,-3.7781175233828153,8.038121201202763
16250,1.8715452307944616,-0.5920000000000016
16251,-3.401763345368194,-2.641511124963526
16252,-4.954454769205538,-2.992
16253,-10.114087545607392,4.598490944990246
16254,5.585018453276664,2.124488875036474
16255,3.7982366546318063,8.509999999999998
16256,4.138,-13.38103280380408
16257,-3.2980000000000005,4.269018453276664
16258,-3.228,9.48228587600004
16259,3.1345636840711273,19.406
16260,2.6959999999999997,5.256488875036474
16261,2.9742261007547746,-2.156
16262,-2.0127797286910862,17.274260206585712
16263,3.234226100754775,4.500714975791249
16264,3.4159999999999995,-5.083999999999999
16265,2.6879999999999997,2.2959999999999994
16266,-1.1520000000000006,5.2459999999999996
16267,3.2960000000000003,-8.840981546723338
16268,8.806790855814507,-11.653285024208747
16269,-3.731747779595331,-4.414688731014069
16270,-1.026117523382816,3.834714975791249
16271,3.1499999999999995,-21.291495559190665
16272,2.626,10.123999999999997
16273,13.488226100754776,19.782
16274,-3.9440000000000013,19.582
16275,7.531999999999999,19.978260206585713
16276,-1.3545430740592805,10.178
16277,-1.3740000000000003,6.229051062400218
16278,-8.156,17.358
16279,-3.788000000000001,6.277999999999997
16280,7.892119131248992,-14.787761275414422
16281,-6.254087545607391,-1.6699999999999995
16282,-8.478,-4.933999999999999
16283,8.67,-5.955966344404629
16284,-24.740000000000002,-2.6587213401376237
16285,1.1179999999999994,-3.2120000000000006
16286,2.909999999999999,-10.121747779595333
16287,-1.9802286684507628,17.311999999999998
16288,-1.1257738992452258,-2.6559663444046286
16289,-1.2877477795953314,26.962
16290,0.7279124543926077,16.383999999999997
16291,1.666000000000001,0.7397334290679141
16292,0.9798824766171848,-1.7292850242087503
16293,-1.826553627936311,1.3099999999999983
16294,8.782,-7.625878798797238
16295,2.85064797872056,-21.204981546723335
16296,3.0322261007547753,13.074714975791249
16297,-3.5060000000000002,16.904000000000003
16298,0.4972202713089132,-4.884000000000001
16299,-2.689763345368193,-3.715032803804081
16300,5.376,3.442285876000041
16301,3.222,13.232
16302,-13.88574777959533,2.520000000000001
16303,-5.905773899245224,13.358260206585712
16304,6.444,9.103999999999996
16305,-2.192,-24.288459016091487
16306,-0.42400000000000093,21.932
16307,-6.7639999999999985,-10.418742822137757
16308,-10.665559457382173,-1.999182899408312
16309,-0.02811752338281437,-2.017999999999999
16310,9.509999999999998,14.059999999999999
16311,-2.776,-4.103761275414423
16312,-6.262867274298479,1.9379999999999984
16313,-19.93,-10.76176127541442
16314,-1.7977477795953312,-3.9819999999999993
16315,-2.7237477795953318,12.372
16316,-5.753559457382174,7.988000000000001
16317,1.9940000000000004,-7.390460062563308
16318,5.101999999999999,-3.8075111249635256
16319,-7.52020254880087,15.103999999999996
16320,-8.756,-21.704948937599784
16321,-4.109747779595331,-5.898000000000001
16322,8.819999999999999,16.009999999999998
16323,1.2915452307944622,-11.625999999999998
16324,1.808790855814506,19.99
16325,2.15172176348378,6.690033655595371
16326,4.786,7.7207149757912505
16327,3.5439999999999996,4.174033655595369
16328,-2.352117523382816,15.516
16329,2.1559999999999997,-6.841999999999999
16330,-6.724454769205538,3.5
16331,6.952236654631808,-28.07376127541442
16332,9.738,18.477999999999998
16333,-10.539999999999997,11.16
16334,1.3719999999999992,8.69
16335,6.535999999999999,3.3844888750364746
16336,3.464336086608968,-6.399747779595334
16337,-4.95,-1.445878798797238
16338,2.304,1.343051062400218
16339,-1.8419999999999992,-7.337285024208748
16340,-7.4320875456073905,-6.677251368613376
16341,0.8527908558145061,5.079999999999998
16342,1.3795817116290119,-13.607285024208746
16343,-0.006087545607390865,6.4381212012027635
16344,-0.6240000000000009,-15.243739793414289
16345,-6.596000000000001,-1.8709815467233362
16346,8.290000000000001,6.380033655595372
16347,1.2499124543926083,0.15399999999999814
16348,-16.354000000000003,14.674000000000001
16349,-14.553999999999998,-1.6160000000000028
16350,4.551999999999999,15.026
16351,8.582,7.076121201202763
16352,-2.3508972520739015,15.431999999999999
16353,1.4679999999999995,-6.390000000000003
16354,-9.712,9.495999999999999
16355,-3.9979999999999998,-33.045272400377954
16356,4.258000000000001,14.781999999999996
16357,12.248,30.389999999999997
16358,-2.940000000000001,8.272260206585713
16359,-4.38873082302605,6.262488875036475
16360,0.5642261007547752,22.367999999999995
16361,11.658,4.581999999999999
16362,2.325999999999999,-17.99762657839257
16363,-4.239999999999999,1.18671497579125
16364,3.4720000000000004,6.1970510624002175
16365,6.321999999999999,4.710975182376961
16366,-4.512087545607392,-5.303272400377946
16367,-0.3924547692055378,13.474033655595372
16368,-4.67654231481293,-6.371739793414287
16369,4.445090461588924,10.291999999999998
16370,1.7035452307944632,5.606285876000041
16371,10.521999999999998,9.952488875036476
16372,-5.178,16.966260206585712
16373,10.238,24.42
16374,-9.9,-25.330000000000005
16375,-5.200000000000001,-10.449285024208752
16376,11.034,12.959999999999997
16377,-3.6653111438586428,9.90871497579125
16378,6.81,-5.36494893759978
16379,9.823018453276665,-7.735747779595333
16380,7.019018453276665,-10.331477469368153
16381,2.918,6.432252220404669
16382,-9.903763345368192,-13.112
16383,-0.718,-8.542000000000002
16384,-6.833583104798054,-7.121626578392568
16385,4.331999999999999,9.626000000000001
16386,-5.712000000000001,17.675999999999995
16387,1.1279999999999994,-0.014000000000001478
16388,-0.4739999999999995,9.131999999999998
16389,-6.033763345368195,2.6727486313866224
16390,-2.855999999999999,-1.097878798797236
16391,6.9,22.764
16392,-2.177999999999999,11.817999999999998
16393,-5.574117523382815,15.302000000000001
16394,1.5537949310097938,10.655999999999999
16395,8.069912454392608,18.007051062400215
16396,-7.078000000000001,7.4239999999999995
16397,-7.514,16.735999999999997
16398,-8.492454769205539,11.478
16399,-1.5639999999999994,12.877999999999997
16400,-4.448897252073902,14.374
16401,-0.7177738992452258,1.1662602065857117
16402,3.7060000000000004,-4.246
16403,4.612673332431691,-3.8991638230059857
16404,-2.9027797286910872,10.845999999999998
16405,1.05,15.382
16406,3.786,-5.109897875199562
16407,3.2619999999999996,-3.385761275414422
16408,6.044,-1.5170248176230374
16409,1.0102522204046678,-5.065761275414422
16410,-0.7840000000000005,-16.869878798797235
16411,-1.212000000000002,4.827051062400217
16412,0.7542261007547755,-9.06574777959533
16413,8.521999999999998,-17.255626578392572
16414,-2.092000000000001,-7.719878798797238
16415,6.561999999999999,0.384714975791249
16416,-0.5060000000000006,16.077999999999996
16417,10.585999999999999,0.6301212012027608
16418,1.020790855814505,-2.8558787987972396
16419,2.8319999999999994,7.6279999999999974
16420,-7.886,6.794
16421,8.195999999999998,-0.8278787987972379
16422,-1.592505833978379,-0.09128502420874955
16423,-0.3149815467233349,-5.672948937599782
16424,3.023912454392608,8.351999999999999
16425,1.0260000000000002,6.760238724585577
16426,-4.138,8.526260206585713
16427,8.507018453276665,-28.550200306213156
16428,6.041244554031441,11.417999999999997
16429,-0.29411752338281544,-13.155285024208752
16430,-2.518,-26.047020179973277
16431,6.282252220404668,-6.486460062563306
16432,2.2622261007547744,26.041999999999994
16433,6.012226100754775,8.463999999999999
16434,5.710000000000001,1.3600336555953703
16435,-3.1099999999999994,8.395999999999997
16436,4.92,9.975999999999999
16437,3.178236654631806,-7.11972761981905
16438,13.853999999999996,2.3681212012027606
16439,-16.123763345368197,-7.549511124963526
16440,2.841018453276665,-7.7020000000000035
16441,7.55,-17.481714123999957
16442,-2.0740000000000003,11.262033655595372
16443,3.4199999999999995,-8.437511124963525
16444,-10.914779728691085,34.422
16445,0.5700000000000003,-6.038796149172274
16446,5.528,8.541999999999996
16447,-4.419773899245226,0.7619999999999983
16448,-6.246,16.595999999999997
16449,3.758,-11.262710213014204
16450,-1.4220000000000002,14.725999999999999
16451,4.491999999999999,16.806
16452,5.262,1.2460000000000016
16453,-1.2987797286910863,-1.5149489375997809
16454,0.9018824766171851,-3.208000000000003
16455,4.444,9.872
16456,7.853882476617184,10.197999999999999
16457,1.6519124543926083,-2.2255111249635253
16458,6.669999999999999,-21.387761275414427
16459,0.8300000000000001,2.3602387245855803
16460,1.284,7.153999999999999
16461,-4.42,15.779999999999998
16462,1.842236654631807,-15.662
16463,9.536000000000001,14.474
16464,-4.034000000000001,-1.4460000000000002
16465,0.16399999999999934,3.6567149757912487
16466,10.52,-13.862721340137622
16467,-2.4179999999999993,14.526
16468,-11.686000000000002,-5.620948937599781
16469,7.900790855814504,-1.7238787987972377
16470,-14.248981546723334,15.691999999999997
16471,-17.774981546723335,-3.980000000000004
16472,10.23354523079446,9.716
16473,-0.3699999999999992,-21.50694893759978
16474,16.598,12.862
16475,4.622252220404668,-18.180000000000003
16476,-2.940000000000001,12.04
16477,-13.476779728691088,2.184714975791249
16478,-1.6919999999999995,2.2919999999999994
16479,-6.150000000000001,-0.45976127541442224
16480,7.929999999999998,-2.7378787987972375
16481,-0.8180000000000007,-7.184
16482,-0.43000000000000027,6.39671497579125
16483,1.552,-7.743511124963524
16484,0.4038824766171853,10.146260206585712
16485,0.764238724585578,-11.198000000000002
16486,-1.244087545607392,11.447999999999999
16487,1.829999999999999,1.6267149757912498
16488,-2.7320000000000015,2.357999999999999
16489,1.1280000000000001,-2.747999999999999
16490,0.41199999999999903,17.327018453276665
16491,8.074,5.674260206585712
16492,1.4782366546318066,5.326
16493,8.178900929893848,-4.568
16494,6.984790855814505,-0.20373979341428877
16495,-2.387773899245225,-7.367999999999998
16496,-5.3999999999999995,-2.849999999999999
16497,0.7061346970218534,16.735999999999997
16498,-3.8280000000000016,6.575172263602982
16499,-4.298,-16.87774777959533
16500,11.404236654631806,3.693999999999999
16501,15.083999999999998,-0.6578787987972372
16502,6.859999999999999,10.394
16503,4.141999999999999,10.516488875036474
16504,10.809999999999999,15.49203365559537
16505,5.037999999999999,8.603999999999997
16506,0.4599124543926081,-15.341477469368153
16507,-2.8139999999999996,8.426488875036478
16508,-3.022,-6.709285024208749
16509,-5.832,-2.663747779595331
16510,0.03754523079446148,-1.0259999999999994
16511,4.386,2.4584888750364726
16512,5.768,-2.4160000000000004
16513,-1.433773899245225,24.81
16514,-12.482,10.100238724585576
16515,7.305999999999999,3.8939999999999992
16516,-4.02,10.080000000000002
16517,8.844,21.131999999999998
16518,11.877999999999998,4.78003365559537
16519,5.025545230794462,4.265018453276663
16520,4.320462755386582,6.822260206585712
16521,-11.175999999999998,5.678260206585712
16522,3.9519999999999995,9.733999999999998
16523,10.4,12.067999999999998
16524,-1.034,-4.952948937599783
16525,3.6595452307944627,-8.152981546723336
16526,-7.9064547692055385,3.9002424024055236
16527,3.1519999999999997,-20.565999999999995
16528,-4.996981546723336,-4.375626578392569
16529,-4.464,11.001999999999999
16530,2.693912454392608,9.144522530631848
16531,-5.481747779595332,16.053999999999995
16532,-4.066000000000001,-19.16751112496352
16533,-2.4877477795953316,7.719999999999999
16534,-4.724000000000002,0.3939999999999991
16535,2.7979999999999996,-11.55973979341429
16536,-2.22,9.498000000000001
16537,-4.184779728691086,-20.424
16538,-5.429773899245225,10.606488875036474
16539,-2.7199999999999998,-0.25962657839256875
16540,-4.601511124963524,-6.56528502420875
16541,-0.20400000000000135,4.921999999999999
16542,-2.11,11.0
16543,-6.556087545607395,2.670260206585712
16544,6.650790855814504,-4.673747779595332
16545,4.405999999999999,0.563999999999998
16546,8.718790855814508,17.996000000000002
16547,0.19799999999999968,12.49105106240022
16548,1.961999999999999,-15.09748757300962
16549,5.133999999999999,6.66003365559537
16550,13.957999999999998,6.9300000000000015
16551,-4.425209144185494,-11.519163823005986
16552,6.648000000000001,-18.230860345520576
16553,-2.399773899245226,19.410000000000004
16554,3.237220271308913,0.2799999999999997
16555,-7.596000000000001,7.8282602065857105
16556,2.104,20.974
16557,7.248790855814507,36.142
16558,-3.1760000000000006,1.6442602065857101
16559,1.1499999999999992,19.387999999999998
16560,-3.5041175233828157,-11.043727619819052
16561,-0.8900000000000006,8.78203365559537
16562,2.3880000000000003,4.896000000000003
16563,-0.6440000000000002,5.028260206585712
16564,-7.386000000000001,-0.588000000000001
16565,-1.7080875456073912,-14.76964007421166
16566,-5.952000000000001,-22.72576127541442
16567,-1.1760000000000015,4.506714975791249
16568,9.166,-6.378
16569,8.923771331549236,-18.480860345520576
16570,2.6879999999999997,-7.159878798797237
16571,-2.792000000000001,0.5087149757912485
16572,10.558,-1.6200000000000014
16573,8.886,17.194
16574,-2.963763345368193,11.559999999999999
16575,-4.813663913391031,0.8687149757912493
16576,6.1480000000000015,10.219999999999999
16577,-3.5260000000000007,-2.65294893759978
16578,4.807999999999998,6.629999999999998
16579,-2.114981546723336,-6.858000000000004
16580,-15.443999999999999,8.957018453276664
16581,0.8467908558145064,-1.7597612754144212
16582,15.180000000000001,18.226
16583,-8.810000000000002,-21.324266570932085
16584,4.384252220404669,-11.680000000000001
16585,0.4292202713089136,-7.130000000000001
16586,0.9522261007547754,31.095999999999997
16587,2.001999999999999,-2.5109815467233374
16588,6.273999999999999,-12.309739793414286
16589,-12.222000000000001,16.19105106240022
16590,5.659999999999999,12.099999999999998
16591,13.095999999999998,-0.9139999999999986
16592,-8.823763345368192,-2.6170462996231705
16593,-5.316981546723335,4.463311268985929
16594,13.30754523079446,-8.193999999999997
16595,-0.46576334536819386,20.07003365559537
16596,-1.5201175233828152,9.276
16597,-8.185773899245225,1.9850184532766648
16598,15.994236654631806,11.37
16599,4.113999999999999,-23.031999999999996
16600,3.432,17.483051062400214
16601,5.513999999999998,6.880000000000001
16602,4.351882476617186,3.1999999999999984
16603,-1.4589815467233358,-9.393761275414423
16604,0.16199999999999948,-12.48512971717505
16605,-6.152897252073902,6.435999999999998
16606,-4.326454769205538,-1.4280000000000022
16607,6.779999999999999,-7.229999999999999
16608,-0.4080000000000009,22.412033655595373
16609,-2.3984547692055367,11.709999999999999
16610,-8.030000000000001,-7.295739793414287
16611,-1.7580875456073906,8.303999999999998
16612,-6.795747779595331,7.655999999999999
16613,0.7399999999999991,-0.7437477795953313
16614,-8.534454769205539,1.7159999999999982
16615,-1.98,-14.722687684542251
16616,6.1019999999999985,6.459999999999996
16617,5.531999999999998,-3.253739793414289
16618,1.9520000000000004,-17.960253947101286
16619,5.408,6.116000000000001
16620,6.354000000000001,2.5447490816221867
16621,-19.85654231481293,9.415999999999999
16622,9.30525510790847,-8.91167826391845
16623,0.7559999999999981,38.586
16624,1.5839999999999992,-8.061878798797236
16625,0.43200000000000005,2.314033655595371
16626,7.605999999999999,-1.7300000000000018
16627,5.175999999999999,21.088
16628,13.15,17.375999999999998
16629,4.356,-7.186948937599782
16630,6.061999999999999,5.1899999999999995
16631,5.432236654631806,0.23799999999999955
16632,6.9159999999999995,6.097999999999999
16633,5.605545230794463,18.922
16634,5.760000000000001,-0.71376127541442
16635,2.9859999999999998,-2.4500000000000006
16636,-0.5467797286910866,-3.5257477795953323
16637,1.8717949310097937,2.617270673681334
16638,-4.184228668450762,9.477999999999998
16639,-3.7121175233828154,33.217999999999996
16640,4.061545230794462,20.591018453276664
16641,-20.63923449789662,-2.1709815467233384
16642,8.425999999999998,5.879999999999999
16643,2.255999999999998,2.0722522204046667
16644,1.3098824766171844,8.096
16645,1.8575452307944622,-19.373258904558856
16646,2.3702366546318068,18.791999999999998
16647,4.498,5.54625222040467
16648,-11.812,-23.461640074211658
16649,-1.7759999999999998,2.6681212012027604
16650,4.4622261007547745,-8.629761275414424
16651,-2.9139999999999997,-6.851999999999999
16652,12.296000000000001,2.092
16653,-10.102,17.25226020658571
16654,1.267999999999999,24.202
16655,4.6659999999999995,0.9439999999999997
16656,-2.1119999999999997,-13.005272400377947
16657,3.411999999999999,-8.803258904558858
16658,1.0862522204046685,-19.33
16659,-8.934000000000001,20.669999999999998
16660,6.870226100754775,23.064
16661,3.3015452307944626,16.21
16662,5.034000000000001,10.373999999999999
16663,-15.146454769205537,-5.236981546723337
16664,4.732790855814505,6.489999999999999
16665,-0.34400000000000047,-22.181479586828573
16666,-1.2320000000000015,-1.6317612754144222
16667,6.283999999999998,-21.534006364346375
16668,1.751999999999999,-5.038000000000002
16669,0.6710169565692808,7.8519999999999985
16670,2.932226100754775,22.084000000000003
16671,-8.748779728691085,-4.699747779595333
16672,-3.5479999999999996,27.496
16673,-3.760454769205539,-31.771988230877525
16674,-9.833773899245225,-22.657966344404628
16675,-0.32698154672333574,-0.19799999999999898
16676,2.676,2.5307149757912484
16677,-4.287999999999999,27.192
16678,-0.5857738992452264,12.442
16679,-7.116779728691087,-6.29468873101407
16680,-6.516000000000001,12.979999999999995
16681,0.79,17.863999999999997
16682,1.7519124543926092,-14.605747779595328
16683,10.927999999999999,9.048121201202765
16684,7.713999999999999,0.6420336555953696
16685,10.185545230794462,14.64871497579125
16686,-5.296,-0.26200000000000045
16687,-0.07199999999999954,14.088
16688,11.207999999999998,-2.7459999999999978
16689,5.976226100754774,4.311999999999999
16690,1.2060000000000002,27.824
16691,-3.456000000000001,19.37012120120276
16692,7.2442366546318055,-7.369999999999999
16693,-1.5537477795953318,6.538121201202761
16694,7.473999999999999,2.456036906553328
16695,12.677999999999999,9.443999999999999
16696,-5.585209144185495,-32.19776127541442
16697,6.334,30.065999999999995
16698,5.524,-19.423645654794893
16699,1.4939999999999998,12.120238724585578
16700,12.272252220404667,-6.711999999999998
16701,-3.508779728691087,8.482252220404668
16702,-7.123763345368194,-11.638000000000002
16703,-3.839999999999999,15.012
16704,-2.520000000000002,4.258000000000001
16705,0.2179999999999998,1.543999999999997
16706,-5.556000000000002,6.089018453276664
16707,-4.724897252073902,-1.0000000000000013
16708,-15.734553627936311,5.561766038191469
16709,-5.068779728691086,-6.487706137818916
16710,1.7559999999999998,-5.48171412399996
16711,-0.12611752338281548,16.89271497579125
16712,-3.120000000000002,-2.897999999999999
16713,3.046790855814506,-5.406000000000001
16714,3.9459999999999993,13.203999999999999
16715,6.485882476617183,-0.8837612754144203
16716,-2.782,-6.712575515992349
16717,-5.984,-10.07498154672334
16718,-5.189234497896624,0.04425222040466679
16719,-10.822,-7.13528502420875
16720,11.541999999999998,12.094121201202762
16721,6.104,-7.227618592211523
16722,8.190236654631807,17.727999999999998
16723,1.1678093090911719,-2.662710213014204
16724,4.573255107908471,-1.8319663444046284
16725,13.388,2.7862387245855773
16726,-2.8864547692055385,20.824
16727,-6.4207797286910875,-8.017761275414422
16728,1.8079999999999992,-9.499511124963526
16729,-0.29200000000000054,26.246
16730,0.23199999999999932,-2.744981546723338
16731,0.8535452307944617,21.113999999999997
16732,-1.9900000000000007,17.779999999999998
16733,17.140252220404665,-6.911745086772056
16734,1.7060000000000006,0.979999999999999
16735,-9.06509907010615,-8.878
16736,4.06,13.776
16737,9.797999999999998,17.409999999999997
16738,4.631220271308913,0.028252220404667128
16739,-1.794087545607392,-6.948000000000002
16740,2.7872706736813333,8.691999999999998
16741,-2.939999999999999,17.744
16742,-1.4240000000000002,17.112
16743,6.629912454392607,-10.557626578392572
16744,-6.630779728691087,-12.792981546723334
16745,6.165999999999999,-30.099747779595326
16746,-4.694000000000001,8.907999999999998
16747,-10.4,-26.995761275414417
16748,-0.5300875456073909,5.5379999999999985
16749,-2.3500000000000005,14.452000000000002
16750,7.424226100754774,-6.514000000000001
16751,-7.874779728691086,13.328033655595371
16752,4.933545230794462,4.444121201202761
16753,-9.782779728691088,-21.92872663349539
16754,4.546236654631807,13.260033655595374
16755,-5.2540000000000004,11.075999999999999
16756,9.629999999999999,-7.19
16757,-19.713773899245226,2.531999999999999
16758,3.8939999999999997,16.866
16759,4.292134697021853,18.288
16760,8.66,14.514
16761,3.173018453276665,-2.517258904558856
16762,-1.3739999999999994,5.1410510624002175
16763,3.065999999999999,-4.152
16764,-5.2200000000000015,-0.39328502420874845
16765,-1.5240000000000005,21.080033655595372
16766,-5.029999999999999,-3.687235352604951
16767,-6.400000000000001,-7.173747779595331
16768,-11.836000000000002,-5.2039630934466725
16769,-2.2620000000000005,6.5522602065857125
16770,7.646790855814506,7.29905106240022
16771,0.5642261007547742,-9.304
16772,-0.16400000000000076,-2.8877612754144217
16773,12.148,-4.56973979341429
16774,4.438790855814505,18.75
16775,8.795999999999998,11.081999999999997
16776,6.720000000000001,16.201999999999995
16777,-3.2140000000000013,-12.902710213014199
16778,2.841999999999999,5.364260206585713
16779,6.715999999999999,-7.466000000000001
16780,2.992,21.144
16781,2.1279999999999992,-17.55196634440463
16782,8.064000000000002,1.668
16783,-6.120087545607392,22.733999999999998
16784,7.145999999999999,-12.976948937599781
16785,-3.248,-2.004000000000005
16786,-9.377763345368193,-7.061999999999998
16787,-18.842,-1.014
16788,-1.572000000000001,4.682121201202762
16789,-21.018,-9.005878798797237
16790,10.325999999999999,-6.201878798797237
16791,1.4679999999999989,-13.919878798797237
16792,1.922,-26.272000000000002
16793,1.6619999999999995,-4.280000000000001
16794,4.554,3.0759999999999983
16795,9.338,1.3381212012027632
16796,-2.7049815467233347,33.696
16797,3.8839999999999995,8.697999999999999
16798,3.6879999999999997,3.094260206585713
16799,0.6335452307944613,-0.25600000000000234
16800,-8.856,-12.732000000000001
16801,-4.292,27.962
16802,-0.41077972869108664,19.72
16803,-4.961773899245226,1.308000000000002
16804,-0.2100000000000005,-7.035747779595333
16805,-2.462,3.6940000000000013
16806,-4.286000000000001,6.598000000000001
16807,-8.570000000000002,-10.175761275414423
16808,1.1090184532766656,0.31999999999999884
16809,0.909999999999999,-1.322000000000002
16810,-0.5132344978966241,0.1480000000000011
16811,0.7899999999999998,7.720000000000001
16812,1.7122366546318069,-16.568
16813,4.917999999999999,-28.23658901181144
16814,-2.186000000000001,0.42848887503647576
16815,-0.9159999999999993,10.668252220404668
16816,-0.004000000000001336,13.934121201202762
16817,-5.166000000000001,-4.7375111249635244
16818,-6.984,2.5619999999999976
16819,7.7330184532766655,-4.561747779595331
16820,-6.4864547692055385,2.455139654479428
16821,-5.405999999999999,2.4239999999999995
16822,-3.1180875456073904,31.310000000000002
16823,7.51,14.187999999999997
16824,3.7762522204046673,11.153999999999998
16825,11.699882476617184,9.431999999999999
16826,-12.53376127541442,-26.740000000000002
16827,8.488000000000001,-5.276000000000002
16828,-5.454000000000001,4.661999999999997
16829,2.04,17.282
16830,0.5382366546318054,-3.9602665709320872
16831,1.423545230794462,10.084714975791252
16832,-7.922175091214783,20.534
16833,-0.6701175233828146,-10.712000000000003
16834,1.5101385551473836,5.72
16835,-3.5949815467233366,14.780000000000001
16836,1.747220271308914,5.62
16837,2.619999999999999,10.284
16838,1.4031027479260982,4.985051062400219
16839,-1.004000000000001,-4.593511124963524
16840,1.7980000000000012,-4.814721340137624
16841,-0.760205068990207,12.922488875036475
16842,10.129999999999999,-2.2360000000000015
16843,1.013255107908471,-10.054783525341472
16844,0.19399999999999906,-11.91823396180853
16845,0.48200000000000076,-19.48704629962317
16846,-7.019747779595332,8.236
16847,1.673882476617185,3.764252220404668
16848,-4.830087545607392,-18.18094893759978
16849,0.8375452307944625,13.750488875036472
16850,-9.878,22.282
16851,1.928790855814506,3.3440336555953714
16852,-4.615747779595331,-7.121761275414423
16853,-12.159999999999998,10.308
16854,-5.254087545607392,9.01505106240022
16855,-0.37011752338281595,-7.3175090550097535
16856,0.7580000000000006,6.952000000000001
16857,3.4562261007547748,-2.7209489375997817
16858,-5.664,2.8642602065857106
16859,3.8839999999999995,-0.6158787987972377
16860,-0.08200000000000074,0.23812120120276176
16861,6.337882476617184,4.134
16862,-7.81208754560739,18.796
16863,14.761882476617183,-17.55
16864,0.44600000000000006,-3.8749489375997825
16865,-7.457747779595332,12.927999999999997
16866,-13.660000000000002,-18.434948937599778
16867,-7.164,-17.614981546723335
16868,-3.8424547692055375,12.857051062400217
16869,7.621882476617185,27.859999999999996
16870,0.887220271308913,-18.274710213014203
16871,-0.8518508909755852,-5.986947891127966
16872,1.5879999999999985,-0.7397397934142887
16873,-21.890779728691086,2.9767149757912508
16874,-12.636000000000001,4.425999999999999
16875,4.018,22.536
16876,-2.373763345368194,3.821999999999997
16877,-6.460202548800869,-5.933739793414288
16878,2.451912454392607,-17.03174777959533
16879,-0.09399999999999994,2.4502602065857113
16880,6.802,12.432488875036473
16881,6.641999999999999,-9.904000000000002
16882,-4.906087545607392,10.98
16883,3.6130184532766663,3.1622522204046675
16884,1.9319999999999997,23.584
16885,8.583545230794462,15.188121201202762
16886,-5.684779728691086,11.15203365559537
16887,-7.230553627936311,-25.333878798797237
16888,6.791999999999999,-8.546696717195113
16889,3.47,-6.057999999999998
16890,8.068000000000001,15.11423872458558
16891,7.766,6.356260206585711
16892,-0.8220000000000003,-24.095511124963522
16893,3.026,7.386252220404667
16894,-5.40396309344667,27.9
16895,6.837999999999999,-7.12
16896,4.484,4.10003365559537
16897,-7.727763345368193,25.448
16898,-4.102,7.172252220404668
16899,-17.768,-8.54
16900,10.072,-37.34176127541442
16901,0.2800000000000001,12.172260206585714
16902,3.220236654631806,11.428
16903,1.2899999999999996,-13.659966344404628
16904,-3.0620000000000003,5.4140000000000015
16905,3.476,-2.9967428221377572
16906,0.5350184532766651,16.306
16907,-8.358,-22.23704629962317
16908,-0.42600000000000016,1.8430510624002188
16909,11.868,-1.32728502420875
16910,8.783999999999997,11.717999999999998
16911,-3.5940000000000003,-5.377878798797238
16912,9.629882476617185,-11.027878798797236
16913,4.720000000000001,-5.6819999999999995
16914,-4.93,3.682260206585712
16915,-4.419773899245226,5.17505106240022
16916,10.338,3.303018453276664
16917,-2.6860000000000004,14.197999999999999
16918,5.0120000000000005,-7.638
16919,-2.065999999999999,-6.62504629962317
16920,-29.992779728691083,2.8639999999999994
16921,4.763999999999999,-16.112
16922,2.8619999999999997,4.990000000000003
16923,3.9779999999999993,11.977999999999998
16924,-0.9659999999999996,-1.217878798797237
16925,10.027999999999999,0.14471497579124842
16926,0.0259999999999998,-1.7549815467233358
16927,-0.17445476920553843,10.485999999999995
16928,-9.170779728691086,-7.753761275414422
16929,-10.428,10.320000000000002
16930,-6.470000000000001,23.86
16931,0.6619999999999997,4.985999999999999
16932,-7.9799999999999995,6.298
16933,-4.950671151319126,3.29471497579125
16934,1.596,-11.133511124963526
16935,-2.177747779595332,11.267999999999997
16936,12.866,-1.3409489375997807
16937,1.4659999999999989,-0.8907961491722759
16938,7.411999999999999,9.074
16939,0.44479085581450517,-4.407739793414287
16940,12.386,-3.8818787987972363
16941,0.8819999999999997,-10.517878798797238
16942,-0.029999999999999714,16.727999999999998
16943,-20.39389142262804,29.309999999999995
16944,7.6807908558145055,6.486121201202764
16945,0.45199999999999996,7.358033655595371
16946,1.5999999999999992,10.830488875036476
16947,5.111999999999999,2.975051062400216
16948,3.7979999999999996,16.563018453276662
16949,12.41,1.4870510624002193
16950,-0.8720000000000013,4.127051062400218
16951,2.6120000000000005,14.063999999999998
16952,-8.883999999999999,0.9587490816221873
16953,0.7279999999999994,-11.843739793414288
16954,6.831999999999999,1.7379999999999973
16955,-1.7240000000000002,11.566000000000003
16956,2.192,-7.566000000000001
16957,-12.226981546723334,5.275999999999999
16958,1.3379999999999992,-0.09187879879723866
16959,-2.8920000000000003,-11.81750106882871
16960,0.5180000000000007,3.184
16961,2.55,-23.375809283120354
16962,7.286,7.611018453276664
16963,-2.4042908536546115,3.7142602065857098
16964,-5.1160000000000005,-10.19376127541442
16965,6.261999999999999,-10.084000000000001
16966,-6.418000000000001,4.645999999999999
16967,4.7,-14.397999999999996
16968,4.18,25.881999999999998
16969,2.683999999999999,-18.516477105914
16970,-6.956,-5.079999999999999
16971,3.589882476617185,1.4205204131714253
16972,5.959999999999999,12.474
16973,7.093999999999999,-5.555739793414288
16974,-1.1280000000000003,-17.9587102130142
16975,3.6190184532766643,2.75705106240022
16976,-8.686000000000002,13.985999999999999
16977,-5.064,5.397999999999998
16978,0.9679999999999996,-11.575606418616285
16979,1.8750904615889248,-0.8717612754144227
16980,0.4295452307944624,10.988
16981,4.078790855814505,8.891018453276663
16982,12.016000000000002,28.022
16983,-13.413999999999998,-18.46974777959533
16984,9.597999999999999,19.813999999999997
16985,8.180000000000001,5.803172263602983
16986,-4.086190690908829,5.565018453276662
16987,-4.548000000000001,-21.63776127541442
16988,-14.335999999999999,5.327999999999999
16989,0.9239999999999995,-5.536981546723338
16990,10.868790855814506,1.8607149757912502
16991,-2.8407797286910856,12.496
16992,7.9719999999999995,7.633999999999999
16993,-5.828117523382815,-3.0819663444046297
16994,13.611018453276666,-6.270827736397019
16995,0.7179999999999993,9.105999999999998
16996,4.548,-6.781999999999999
16997,13.283999999999997,4.3750510624002175
16998,0.36588247661718504,30.904000000000003
16999,4.275545230794464,-22.796621620934996
17000,5.4561085773719595,-15.37976127541442
17001,-4.0120000000000005,-15.510000000000002
17002,-12.096,1.930000000000001
17003,-0.08252934521378527,-0.9937612754144229
17004,8.170252220404668,-6.554
17005,2.0459999999999985,-17.169999999999998
17006,7.711999999999999,1.704000000000002
17007,-8.919999999999998,1.011051062400218
17008,2.752,9.404
17009,-3.1487797286910864,-18.593761275414423
17010,8.724,-15.662460062563307
17011,0.6700000000000004,8.060033655595372
17012,5.297999999999999,4.931999999999998
17013,3.0999999999999996,16.817999999999998
17014,3.7767908558145065,-4.898981546723339
17015,-1.9939999999999993,-10.515966344404626
17016,-7.944,4.633051062400218
17017,2.2279999999999993,-30.791285024208747
17018,-2.2540000000000004,8.904121201202763
17019,-2.732,-8.366948937599782
17020,7.272,10.47
17021,5.697999999999999,11.786260206585709
17022,1.3375452307944617,0.7179999999999982
17023,-2.6189815467233366,4.65203365559537
17024,5.789999999999999,-2.469640074211659
17025,1.8444733092636127,-12.857511124963523
17026,2.124,14.47825222040467
17027,1.6379999999999995,5.673999999999999
17028,-1.3760000000000008,10.51905106240022
17029,7.465999999999999,3.528714975791252
17030,-3.508,-5.900000000000001
17031,-0.15600000000000164,27.038
17032,-0.24000000000000093,2.2050510624002184
17033,-10.144,-7.769747779595332
17034,-0.3719999999999999,-2.51928502420875
17035,0.9067908558145051,17.30203365559537
17036,-11.048000000000002,-6.60373979341429
17037,-0.7717738992452254,3.8780336555953725
17038,-8.430000000000001,-10.059932688809257
17039,-6.208,17.258000000000003
17040,3.8859999999999992,0.29425222040466714
17041,10.495999999999999,12.418
17042,-4.820729326318666,13.892
17043,2.0482261007547753,2.592
17044,5.039999999999999,-0.9717477795953322
17045,-0.5980000000000001,-7.273897875199561
17046,-5.8523056601811225,4.193999999999997
17047,5.105882476617185,11.817999999999998
17048,1.278790855814506,-2.0857612754144212
17049,11.263882476617185,-8.20376127541442
17050,-12.384,-0.46000000000000013
17051,-0.6667797286910883,-0.07272932631866844
17052,-7.601747779595331,3.860488875036475
17053,-0.5444547692055378,-25.353761275414424
17054,8.703999999999999,-3.697878798797236
17055,12.113999999999997,13.600033655595373
17056,-15.052000000000003,22.496252220404664
17057,4.467545230794462,-7.287878798797237
17058,-10.36,-9.241999999999997
17059,-0.41254307405927976,-12.903495559190663
17060,5.897018453276663,14.423999999999998
17061,-2.2800000000000002,-13.544721340137624
17062,3.4639999999999995,5.296000000000001
17063,-1.933763345368193,20.066238724585578
17064,10.546226100754776,-18.92082773639702
17065,-10.422981546723333,-4.645757597594475
17066,4.012,-12.017258904558858
17067,-2.8180000000000005,20.506
17068,3.039545230794462,-2.9652850242087494
17069,-5.154000000000001,-2.4357397934142875
17070,-1.1227448920915282,31.393999999999995
17071,4.201882476617184,15.401999999999997
17072,5.182236654631806,10.456
17073,2.3560000000000003,22.758
17074,-1.0332966897928855,-25.07174777959533
17075,-5.656972489553688,-13.442000000000002
17076,-2.450117523382816,13.494
17077,-4.681761275414422,-0.4440000000000019
17078,6.044252220404667,-4.890000000000002
17079,13.679882476617184,4.0379999999999985
17080,-0.523763345368194,-0.7900000000000013
17081,1.5798824766171848,-3.3720000000000026
17082,-1.1460000000000008,-4.987761275414423
17083,-7.394000000000001,-8.960000000000003
17084,7.897999999999999,3.6219999999999977
17085,7.004452201509549,-19.754014350527417
17086,1.9259999999999997,-4.73128502420875
17087,5.229999999999999,-18.62587879879724
17088,9.588236654631807,-2.0660000000000003
17089,-8.268,10.250260206585713
17090,7.5699999999999985,26.615999999999996
17091,-7.366000000000001,-1.4960000000000022
17092,12.81954523079446,5.458121201202761
17093,-6.166779728691086,-2.283747779595333
17094,-1.7020875456073916,5.735999999999997
17095,4.933545230794462,-31.95552255082884
17096,-11.424000000000003,-12.062000000000001
17097,-1.814,-31.196459016091485
17098,2.261545230794462,-11.174948937599783
17099,6.031999999999999,14.0
17100,6.55,-3.5740000000000007
17101,5.2940000000000005,34.068
17102,0.6772551079084714,5.959999999999999
17103,-4.569747779595332,2.355051062400218
17104,3.2979999999999996,-7.289046299623171
17105,3.372,14.359999999999996
17106,6.1899999999999995,8.433999999999997
17107,-5.628000000000001,21.076
17108,1.1640000000000004,6.8890184532766625
17109,-3.604278236516221,8.054000000000002
17110,8.547999999999998,-8.434948937599781
17111,-3.6660875456073923,-5.547477469368153
17112,5.733999999999999,3.3719999999999986
17113,-3.0724547692055366,9.489999999999998
17114,1.6980000000000004,23.272
17115,-8.190000000000001,-0.05672932631866843
17116,-11.46,8.924
17117,7.095999999999999,9.344260206585712
17118,-5.784000000000001,11.429018453276665
17119,-0.6379999999999995,-2.2429815467233363
17120,4.140790855814506,10.928
17121,-5.178000000000001,-0.240000000000002
17122,2.333999999999999,4.639999999999995
17123,-1.2724547692055381,-13.962
17124,6.423999999999998,2.8642522204046674
17125,9.148,20.270000000000003
17126,7.6819999999999995,4.4610184532766635
17127,-7.911999999999999,-13.631511124963527
17128,-0.21176334536819344,3.890238724585578
17129,1.9130184532766648,8.52871497579125
17130,-4.539537244613419,-8.614947891127965
17131,1.6419999999999995,13.866
17132,2.4619999999999993,-1.7220000000000013
17133,8.940000000000001,15.835999999999995
17134,-9.86008754560739,18.814
17135,-16.180117523382812,-17.793747779595332
17136,6.872,-3.4677141239999605
17137,15.2,14.498
17138,-14.846,12.681999999999997
17139,-2.859747779595331,24.389999999999997
17140,7.816,-5.214233961808531
17141,-1.6879999999999995,11.915999999999997
17142,-3.5020875456073908,-14.309626578392571
17143,-2.907747779595331,-5.655999999999999
17144,0.23799999999999955,-0.11094789112796448
17145,-4.723156637938118,35.146
17146,-2.806000000000002,-1.9879663444046316
17147,-2.670000000000001,5.841999999999998
17148,-11.167209144185495,-9.595999999999998
17149,6.177999999999999,9.538
17150,-4.412981546723335,-5.593511124963524
17151,10.106,-9.36468873101407
17152,1.7412202713089138,-2.338688731014069
17153,0.4160000000000002,-11.769966344404631
17154,-13.591999999999999,2.1841212012027618
17155,5.444,26.022
17156,-5.305761275414421,-18.4507102130142
17157,4.629999999999999,2.1919999999999975
17158,3.1659999999999995,2.38731126898593
17159,-0.06045476920553785,15.131051062400218
17160,-3.263521678840557,-1.7259999999999995
17161,0.26999999999999924,14.645999999999997
17162,-0.6680000000000014,10.324
17163,-0.45041828837098913,2.6802522204046695
17164,6.128000000000001,6.333999999999999
17165,3.0987908558145065,9.586000000000002
17166,5.358790855814505,10.164
17167,9.877999999999997,28.085999999999995
17168,0.37079085581450605,-1.6012850242087509
17169,-2.3167797286910865,0.49399999999999944
17170,0.4011327257015207,2.3679999999999986
17171,-13.750981546723335,-17.87376127541442
17172,7.572,0.3192706736813335
17173,6.67,21.66
17174,0.08800000000000026,12.728260206585713
17175,2.8870184532766645,5.213999999999999
17176,3.5235452307944612,-4.106827736397017
17177,-0.9852344978966237,6.2379999999999995
17178,-6.324,9.396
17179,0.8070184532766639,12.974
17180,-3.4787293263186663,7.5570184532766635
17181,-5.795763345368193,1.3721212012027628
17182,-8.795747779595333,13.197999999999997
17183,3.8840000000000003,14.523999999999996
17184,-3.048000000000001,-5.27964007421166
17185,6.938,22.997999999999998
17186,-3.344000000000001,5.848260206585712
17187,-5.260454769205538,-11.862948937599782
17188,-3.342000000000001,19.177999999999997
17189,-14.338,27.077999999999996
17190,7.209882476617183,14.549999999999997
17191,-4.162000000000001,7.281051062400219
17192,-1.8719999999999994,7.839999999999999
17193,-3.0300000000000002,-23.576
17194,-5.811747779595332,-10.997285024208752
17195,-4.404,-5.915999999999999
17196,-0.5419999999999996,1.8307149757912484
17197,-0.057209144185494235,2.1679999999999993
17198,1.9100000000000001,-19.225999999999996
17199,0.5379999999999996,-9.279511124963525
17200,-18.41,13.48
17201,-0.36177389924522496,3.88
17202,-2.6264547692055378,10.499999999999998
17203,-18.71,4.42
17204,4.587912454392609,-7.035999999999999
17205,0.8920000000000001,-2.5519999999999996
17206,0.17599999999999943,9.811999999999998
17207,2.829545230794462,3.8362602065857123
17208,-4.637537244613419,11.736
17209,3.5079999999999982,-0.011999999999997613
17210,3.646,-10.88
17211,-14.040000000000001,-6.421999999999997
17212,-0.6159999999999999,2.115999999999998
17213,-15.91174777959533,-11.247747779595333
17214,12.126,-4.401714123999961
17215,-1.4702050689902062,3.2682602065857096
17216,4.910236654631807,15.921018453276664
17217,1.8572202713089134,14.109999999999996
17218,3.2422366546318075,3.7000000000000015
17219,5.855999999999999,-16.261511124963526
17220,0.27591245439260736,7.15
17221,9.051999999999998,-4.127511124963528
17222,2.568226100754775,18.135051062400215
17223,7.902000000000001,12.959999999999999
17224,-2.98,-5.487747779595333
17225,0.7880000000000003,6.4264888750364735
17226,4.933999999999999,9.001999999999999
17227,-2.568,13.544
17228,-10.621747779595331,2.3522522204046696
17229,-2.1260000000000017,1.731051062400219
17230,6.524000000000001,-1.0160000000000025
17231,3.462252220404668,19.118000000000002
17232,-9.173521678840558,18.212033655595366
17233,5.532,-16.701739793414287
17234,4.091545230794463,-0.5660000000000018
17235,2.711882476617184,6.758121201202762
17236,6.202,6.462000000000001
17237,-4.378087545607391,20.080260206585713
17238,5.334000000000001,21.768
17239,7.684,8.453018453276664
17240,3.3280000000000003,5.060067311190743
17241,0.4182522204046684,-2.2440000000000007
17242,9.73754523079446,2.5899999999999994
17243,-21.840000000000003,3.488488875036476
17244,-1.7640000000000007,-12.228981546723336
17245,9.218,-8.719878798797236
17246,-4.962981546723336,1.5579999999999992
17247,5.704000000000001,-4.693761275414423
17248,-3.718000000000001,14.934000000000001
17249,-3.9965275082864182,4.336
17250,-0.49999999999999983,27.589999999999996
17251,-0.5060000000000004,-6.951999999999998
17252,0.19800000000000004,-8.434000000000001
17253,6.294,17.230252220404665
17254,-4.064,8.578067311190745
17255,6.9,31.433999999999997
17256,2.3095452307944617,-2.5697612754144226
17257,6.543999999999999,-6.1315225508288425
17258,-18.366,7.735999999999999
17259,-0.4120000000000001,3.6562387245855774
17260,4.763999999999999,22.942488875036474
17261,5.470000000000001,8.224
17262,-11.754981546723334,10.51
17263,5.311999999999999,-10.051747779595333
17264,5.507018453276664,-18.05694893759978
17265,2.1434277074116475,5.518488875036476
17266,12.629270673681333,-10.416
17267,-1.508981546723335,8.7
17268,-5.405209144185494,5.126238724585578
17269,-1.4340000000000006,-7.841761275414423
17270,15.799912454392608,-0.20898154672333505
17271,1.6399124543926091,-8.48362657839257
17272,12.856790855814506,-9.849999999999998
17273,5.600252220404668,16.934
17274,-5.990779728691086,-9.207878798797235
17275,8.016000000000002,-17.657747779595333
17276,0.8155452307944614,-18.63
17277,0.49199999999999927,-5.339285024208751
17278,6.719882476617185,-8.794988594331677
17279,-2.3460000000000005,-17.779487573009618
17280,1.5774277074116463,-13.336948937599777
17281,6.427999999999999,3.1199999999999997
17282,2.2979999999999996,-6.560981546723336
17283,-2.1599999999999993,16.936
17284,1.053999999999999,-21.298000000000002
17285,-1.2997738992452246,-3.993511124963527
17286,8.104,9.905999999999999
17287,18.27,-1.1717477795953328
17288,-1.94,23.746
17289,0.8019999999999996,12.808000000000002
17290,3.0259124543926093,3.1381212012027624
17291,5.376236654631805,-2.2395111249635264
17292,1.7239999999999998,-9.937999999999999
17293,17.098,14.114260206585708
17294,-8.180779728691087,11.274
17295,10.442790855814506,-27.64193048432312
17296,-1.464454769205539,9.059999999999999
17297,3.6802366546318064,4.652
17298,-5.1995477984904515,8.004714975791252
17299,-3.601747779595331,15.77
17300,13.474473309263612,-14.924000000000001
17301,-5.786983043430719,7.010714975791251
17302,-1.9540000000000006,3.4819999999999993
17303,8.643882476617184,8.384260206585711
17304,-19.058,-4.8837397934142865
17305,-4.1800000000000015,6.465999999999998
17306,2.5719999999999996,-8.081251368613378
17307,3.0919999999999996,5.4000336555953705
17308,-6.666000000000001,2.497172263602981
17309,-3.356087545607391,4.01425222040467
17310,10.682790855814506,8.230714975791248
17311,-6.683521678840554,11.346252220404669
17312,-21.430087545607392,14.305999999999997
17313,8.82,17.854
17314,0.6639999999999995,-31.972807575037592
17315,3.599999999999999,-5.2040000000000015
17316,-5.561999999999999,6.813999999999998
17317,15.479999999999999,8.248
17318,13.568000000000001,6.5830510624002185
17319,-7.626,4.925999999999999
17320,2.0059999999999993,3.9260000000000006
17321,-3.3017633453681925,9.186488875036472
17322,2.629999999999999,-16.177509055009757
17323,-3.854087545607393,9.677999999999997
17324,1.2579999999999998,8.801999999999998
17325,7.132,-3.8269815467233386
17326,13.716,20.734
17327,7.022,7.502260206585713
17328,3.304,-14.941389923760758
17329,3.3639999999999994,0.9442602065857117
17330,-29.36808754560739,10.999999999999996
17331,5.129999999999999,0.9621212012027627
17332,-1.8569815467233362,17.310000000000002
17333,3.1319999999999992,24.272
17334,3.1690184532766645,-6.34
17335,13.668000000000001,9.714
17336,1.0418824766171846,17.822
17337,-5.866,33.586
17338,-17.294,-38.27199999999999
17339,-5.626,-4.996000000000003
17340,0.21599999999999894,10.465999999999998
17341,6.524000000000001,-3.4572850242087476
17342,-2.1567797286910873,5.960000000000001
17343,-8.724,-4.593511124963526
17344,4.798226100754775,21.227999999999998
17345,0.8599124543926078,18.922
17346,2.7139999999999995,-20.627999999999997
17347,-4.232,-28.76738992376076
17348,-6.982000000000001,-1.6420000000000035
17349,-10.084,8.570121201202761
17350,7.072,-23.235409000163084
17351,2.464,-15.744000000000003
17352,3.9142261007547754,10.15271497579125
17353,3.781999999999999,33.358000000000004
17354,6.1160000000000005,7.944
17355,2.3399124543926084,0.09200000000000016
17356,-8.691234497896625,-5.099761275414421
17357,-5.534,15.505051062400218
17358,-12.404087545607391,31.830000000000002
17359,4.588,-11.964696717195112
17360,-1.4609815467233358,12.790000000000001
17361,-8.593747779595333,-0.8652850242087494
17362,-1.8679999999999999,-2.0120000000000022
17363,-0.30976334536819367,-6.880981546723336
17364,4.226,-9.125999999999998
17365,1.8587908558145059,10.962
17366,-3.5360000000000014,10.526260206585713
17367,-5.487234497896624,7.867999999999998
17368,9.276,7.488000000000001
17369,10.765999999999998,13.08671497579125
17370,1.6319999999999992,-14.348742822137757
17371,-7.581999999999999,9.229999999999999
17372,-4.714,-3.361761275414422
17373,8.755999999999997,21.843999999999998
17374,-2.4329815467233344,13.672
17375,-3.7137738992452247,-10.005285024208751
17376,-0.07400000000000091,10.667051062400215
17377,2.0362522204046676,10.142
17378,-7.096454769205539,1.4247149757912467
17379,-3.9720000000000004,8.065999999999999
17380,-17.718,3.042121201202762
17381,2.0079999999999987,3.524520413171423
17382,-0.4600000000000012,9.836
17383,5.017999999999999,-14.269747779595331
17384,-0.7700000000000007,31.389999999999997
17385,0.41599999999999876,-16.986948937599777
17386,-3.0460875456073913,2.1602522204046677
17387,1.1040000000000005,24.436
17388,4.608,11.567999999999998
17389,-8.10245476920554,-2.2399663444046296
17390,-5.116000000000001,16.822000000000003
17391,5.04,-12.141761275414424
17392,1.8540000000000003,-18.922
17393,0.8279999999999997,-10.859747779595333
17394,1.4578824766171834,-5.165761275414423
17395,9.307545230794462,-7.009878798797237
17396,-5.296000000000001,18.22803365559537
17397,-4.252,26.038
17398,2.0400111271234187,6.9719999999999995
17399,2.024,-5.674981546723337
17400,0.9739124543926089,-1.0000000000000013
17401,9.406,0.0901212012027635
17402,1.3340000000000003,-24.65068873101407
17403,4.746236654631806,-22.865739793414285
17404,6.601999999999999,-4.843747779595334
17405,9.38554523079446,5.231999999999999
17406,3.4559999999999986,-6.572014350527418
17407,-6.045773899245225,-3.1240000000000023
17408,0.31542770741164683,-10.271747779595334
17409,-5.769773899245225,6.040033655595371
17410,-5.248779728691085,0.6117660381914689
17411,-6.92608754560739,-8.224981546723336
17412,-1.1319999999999992,5.048
17413,9.356,11.047999999999996
17414,-5.184,-7.065511124963526
17415,-5.374000000000001,-3.206000000000003
17416,-1.966981546723335,-2.182000000000002
17417,-0.3400000000000006,3.8779999999999992
17418,2.642,15.690000000000001
17419,6.354,11.985999999999999
17420,-15.107099070106148,-15.367999999999999
17421,1.8979999999999997,2.9490184532766626
17422,3.7079999999999997,2.6220000000000008
17423,10.505999999999997,-18.529511124963527
17424,2.7830184532766653,-19.85974777959533
17425,-9.118779728691088,10.987999999999996
17426,4.088236654631808,7.51
17427,9.322,16.072
17428,-1.06,20.644
17429,11.593999999999998,-14.798000000000002
17430,-8.097999999999999,24.871999999999996
17431,12.098,-4.122796149172274
17432,2.304,-5.833999999999998
17433,0.306236654631806,14.745999999999999
17434,1.278000000000001,-6.9277397934142915
17435,6.570236654631808,1.4540336555953721
17436,3.1459999999999995,10.342252220404669
17437,11.532000000000002,12.894
17438,14.648,16.985999999999997
17439,-7.750000000000002,1.1204888750364745
17440,-12.136779728691085,25.827999999999996
17441,-0.04800000000000075,-16.157618592211524
17442,0.7559999999999991,-18.334000000000003
17443,14.361999999999998,20.259999999999998
17444,8.993999999999998,-2.3000000000000043
17445,1.75,9.462
17446,0.5335452307944617,-16.59286034552057
17447,3.637999999999999,2.8290510624002194
17448,-4.038,10.605999999999998
17449,-2.3459999999999996,-18.31976127541442
17450,5.925018453276666,-2.1658787987972374
17451,3.930236654631807,-9.565878798797238
17452,-2.197537244613418,-6.537747779595331
17453,-4.808,0.16200000000000186
17454,-4.188262636822174,-7.13104629962317
17455,5.045999999999998,-7.522000000000003
17456,3.4219999999999997,2.9559999999999973
17457,1.9419999999999997,13.087018453276661
17458,4.633999999999999,8.286252220404666
17459,2.5599999999999996,2.4539999999999993
17460,3.758790855814506,-7.265966344404629
17461,6.288252220404667,-0.6169815467233366
17462,-0.46408754560739174,-12.857747779595332
17463,-4.695209144185494,5.820252220404667
17464,16.383882476617185,14.193999999999999
17465,-0.06599999999999895,1.9399999999999977
17466,-12.401747779595334,-1.676948937599781
17467,-16.22645476920554,-14.231761275414422
17468,-2.9259999999999997,5.997999999999999
17469,3.8099999999999996,12.204238724585577
17470,11.123999999999999,-22.773739793414286
17471,-12.167999999999997,5.310033655595372
17472,-2.968,11.923051062400218
17473,4.303018453276666,-5.1280000000000046
17474,-0.5737477795953317,14.894
17475,8.648,-1.0740000000000016
17476,-5.692087545607392,-15.509285024208754
17477,-3.646087545607391,9.508
17478,0.5859999999999989,-2.988948937599781
17479,7.6259999999999994,33.093999999999994
17480,16.669999999999998,16.20626020658571
17481,6.086790855814506,-13.705250918377814
17482,3.141999999999999,3.1490510624002184
17483,9.098,22.65
17484,2.9619124543926083,28.016
17485,1.376,-23.13928502420875
17486,-11.138000000000002,-8.243999999999996
17487,6.759027510446313,10.433999999999997
17488,1.7097818854262694,-3.654
17489,0.5859999999999992,-0.4732850242087504
17490,-0.32877972869108696,-3.7900000000000005
17491,5.271102747926099,-16.129739793414288
17492,-3.925747779595332,-10.045761275414424
17493,-3.2699999999999996,-28.205272400377947
17494,4.646,15.123999999999995
17495,0.1322261007547752,6.711999999999999
17496,-2.3040000000000007,8.604252220404668
17497,-1.1839999999999993,-7.419878798797237
17498,-3.043209144185495,-8.985618592211527
17499,5.663999999999999,4.243999999999997
17500,8.139999999999999,-3.139966344404629
17501,3.1582261007547747,-14.835761275414422
17502,-1.0464547692055384,-18.399981741403863
17503,1.3279999999999998,5.430238724585578
17504,-0.16677972869108756,32.762
17505,-13.651999999999997,23.548000000000002
17506,0.23122027130891354,12.276121201202763
17507,4.231220271308913,-2.317999999999999
17508,11.124,7.845999999999998
17509,0.8520000000000001,30.637999999999998
17510,-16.67,-6.604000000000001
17511,-2.520000000000001,6.164121201202763
17512,18.509999999999998,8.812000000000001
17513,5.1579999999999995,1.615311268985932
17514,2.09,4.882714975791249
17515,-6.0524547692055375,10.40628587600004
17516,-1.9897477795953311,-31.182100136774967
17517,6.674790855814505,6.944121201202764
17518,12.189999999999998,3.482238724585579
17519,-7.080000000000001,19.068
17520,-10.452000000000002,18.631999999999998
17521,-9.437999999999999,3.5450184532766627
17522,-4.8277738992452255,-8.575761275414422
17523,-3.274,8.341999999999999
17524,3.2699999999999987,-0.4558787987972373
17525,3.3959999999999995,-9.537747779595332
17526,-4.3020000000000005,30.585999999999995
17527,-2.2719999999999994,-1.1620000000000004
17528,-1.6517633453681924,2.3121212012027628
17529,9.28,16.592
17530,6.485244554031439,27.183999999999997
17531,-4.07,15.943999999999999
17532,3.6719999999999997,-14.552764611037327
17533,10.376,-5.95482773639702
17534,-17.165773899245224,-2.4599999999999995
17535,8.866,-6.959999999999999
17536,-0.13600000000000065,14.805999999999997
17537,2.3400000000000003,15.338
17538,0.28122027130891264,-12.133999999999999
17539,10.751999999999999,-11.827706137818913
17540,-2.6041175233828158,9.273018453276663
17541,5.6130184532766645,-10.594981546723336
17542,8.661999999999997,17.494252220404668
17543,1.7359999999999993,4.813999999999997
17544,-2.2247797286910864,4.666488875036474
17545,0.25025222040466844,18.407999999999998
17546,0.6737949310097935,-16.681418057332735
17547,-0.9080000000000009,-3.772000000000002
17548,7.5680000000000005,10.322
17549,12.755999999999998,25.519999999999996
17550,4.4302261007547745,-3.878000000000001
17551,-1.9928972520739012,-10.396860345520574
17552,-5.380000000000001,-6.257966344404627
17553,2.4547908558145055,-25.677999999999997
17554,-12.530779728691087,-13.173999999999998
17555,14.057999999999998,2.117018453276663
17556,4.191545230794462,1.6560336555953719
17557,-0.02976334536819305,27.244
17558,-2.6260000000000003,3.740749081622186
17559,8.936,13.767999999999997
17560,5.861999999999999,8.059999999999999
17561,0.8740000000000002,0.34603365559537186
17562,-12.312779728691087,-2.0799999999999983
17563,1.662930907669273,5.2559999999999985
17564,12.703999999999999,0.8187149757912495
17565,-1.8199999999999996,3.9599999999999964
17566,-15.390087545607392,11.964
17567,-0.8144547692055377,-9.8
17568,-2.1199999999999997,-16.085878798797236
17569,4.693999999999999,-16.424
17570,5.779999999999999,5.010260206585713
17571,9.783999999999999,-8.022
17572,2.679999999999999,-6.277999999999999
17573,4.653999999999999,10.872
17574,-0.4899999999999999,-8.919032803804082
17575,2.096,-1.3480000000000003
17576,2.6599999999999993,10.027999999999999
17577,5.379220271308913,-7.9039304843231175
17578,0.8098824766171852,-4.742688731014069
17579,5.425999999999999,-11.031878798797237
17580,-5.025773899245225,6.237018453276663
17581,0.2237974511991311,8.963999999999999
17582,0.6699124543926072,13.498000000000001
17583,6.103018453276665,-24.813878798797237
17584,2.914,-13.395511124963525
17585,3.4959999999999987,6.233051062400218
17586,-2.222,4.32105106240022
17587,8.844,-17.43374777959533
17588,-4.250000000000001,14.022
17589,-0.3740000000000002,10.998
17590,19.832,-8.08173979341429
17591,-11.146,-8.559509055009753
17592,4.523912454392608,-7.723511124963525
17593,11.674,-8.030570048417498
17594,-2.742000000000001,-21.889999999999997
17595,10.163255107908473,15.426121201202761
17596,-3.530000000000001,18.35671497579125
17597,4.077999999999999,14.053999999999998
17598,-3.5279999999999996,9.080121201202761
17599,-1.842,-3.5964590160914893
17600,0.44022610075477503,-21.735761275414426
17601,-1.0080000000000007,-2.9424926716868596
17602,-0.5100000000000005,-2.590000000000002
17603,0.19788247661718508,24.836
17604,-1.3979999999999992,-6.761637668613849
17605,-20.45822866845076,6.240238724585579
17606,5.531882476617185,-15.282772597218369
17607,10.092,-9.02974777959533
17608,-7.769296689792886,-4.16
17609,-5.751773899245225,-2.707706137818917
17610,-7.294000000000001,3.0139999999999985
17611,3.334000000000001,8.596
17612,1.6062366546318068,-9.511739793414288
17613,9.306,-15.453285024208748
17614,0.46279085581450624,-3.1412850242087513
17615,9.98,4.048488875036474
17616,2.249999999999999,-26.25478609303746
17617,-8.126981546723338,31.631999999999998
17618,-2.6237366524719112,-11.275511124963526
17619,4.283882476617184,2.1799999999999975
17620,-3.942,0.5310510624002187
17621,-2.1597477795953313,-8.177511124963527
17622,-2.618000000000001,23.035999999999994
17623,-2.1239999999999997,5.808033655595371
17624,2.2039999999999993,9.435999999999998
17625,-3.5152091441854942,-28.97104629962317
17626,11.793999999999999,21.596
17627,3.7919999999999994,21.312
17628,-0.3580875456073912,-0.1472850242087503
17629,-1.6580875456073916,-11.158
17630,-1.7857633453681943,8.14
17631,7.609999999999999,-5.813285024208754
17632,-9.212,12.794
17633,-6.1739503283962005,9.52423872458558
17634,-8.580000000000002,15.267999999999997
17635,3.3299999999999996,10.843051062400221
17636,1.8822366546318066,-16.5587102130142
17637,2.0519999999999996,9.795999999999998
17638,3.2495452307944626,-1.5974795868285767
17639,-4.6564547692055385,3.3262522204046676
17640,6.082,-8.336721340137622
17641,3.4419999999999993,-0.8320000000000001
17642,-8.222000000000003,-3.154000000000002
17643,10.998,27.977999999999998
17644,4.569244554031438,4.693999999999997
17645,-1.237999999999999,5.852488875036475
17646,-10.854000000000001,15.370000000000001
17647,5.346,15.49403365559537
17648,5.801912454392609,-24.62374777959533
17649,-0.4260000000000007,21.37012120120276
17650,-3.0219999999999994,7.354714975791251
17651,-7.399747779595333,22.11
17652,1.0060000000000002,8.125999999999998
17653,2.5327908558145054,-6.2885700484174984
17654,4.976000000000001,-2.6457397934142874
17655,5.122,-9.126948937599781
17656,-4.372000000000002,7.389999999999998
17657,-7.992,11.682121201202762
17658,-5.274454769205537,-15.065963093446673
17659,-11.737747779595333,-6.2408603455205744
17660,1.3179999999999992,5.660714975791251
17661,5.656,11.917999999999997
17662,-1.3139999999999994,-4.4917477795953324
17663,1.5694463720636886,14.863999999999999
17664,7.124,12.938121201202765
17665,2.4430184532766646,10.446000000000002
17666,-2.1137633453681937,-8.345761275414421
17667,8.008,-3.5679663444046286
17668,-3.1980000000000013,1.7939999999999992
17669,-8.146,-24.136762493576903
17670,-1.898000000000001,0.9120000000000005
17671,2.6680000000000006,4.577999999999998
17672,12.276,-2.4140000000000015
17673,2.8559999999999994,7.423051062400221
17674,-0.29400000000000065,14.470121201202762
17675,4.869999999999999,8.858121201202763
17676,3.7282366546318064,5.602
17677,-2.3120000000000003,-3.902
17678,0.9955452307944623,6.407999999999997
17679,-6.880000000000001,-10.280729326318667
17680,-2.896,-5.7677477795953305
17681,2.404,-6.592729326318667
17682,1.529999999999999,4.098504440809334
17683,0.9318824766171844,3.211999999999999
17684,1.6740000000000002,6.8070184532766635
17685,-0.8699999999999999,2.1340000000000003
17686,-3.302454769205538,-21.11189314932465
17687,-3.272,7.182252220404668
17688,6.456236654631806,-9.799501068828711
17689,2.3179999999999996,2.836
17690,6.564,-11.526710213014203
17691,2.604,-3.6529815467233346
17692,1.0119999999999985,23.578000000000003
17693,4.712,-6.0280000000000005
17694,-1.0389815467233354,8.462
17695,7.298,12.394000000000002
17696,14.203999999999999,8.65026020658571
17697,9.376,0.5830184532766645
17698,-6.888,-24.99376127541442
17699,7.883999999999999,5.000102124800438
17700,11.434,27.779999999999994
17701,-3.927209144185494,-2.3659663444046264
17702,0.7420000000000002,-7.336710213014203
17703,-0.48800000000000077,-15.673714123999957
17704,-11.143999999999998,-0.5900000000000007
17705,-4.33,1.1490510624002197
17706,4.834252220404669,8.192
17707,-7.072000000000001,3.017999999999998
17708,6.279999999999999,0.40800000000000125
17709,-0.6680875456073917,13.626
17710,-1.7960000000000005,13.359999999999996
17711,8.415999999999999,6.217999999999996
17712,7.478,1.3879999999999986
17713,13.045999999999998,2.8720000000000003
17714,14.748,1.3702522204046665
17715,-3.7099999999999995,-6.984981546723337
17716,-6.095773899245226,21.048
17717,-4.404454769205537,5.410033655595372
17718,10.504236654631807,18.236
17719,11.564,19.613999999999997
17720,-6.121999999999999,11.065999999999999
17721,-0.6540000000000008,-2.339966344404629
17722,-0.8300000000000007,-20.521285024208755
17723,1.0619999999999998,9.500000000000004
17724,-7.551521678840556,-9.50973979341429
17725,-0.5559999999999995,-22.107761275414425
17726,-19.074,-0.4212850242087501
17727,7.816,31.672000000000004
17728,0.5060000000000002,20.020000000000003
17729,1.2315452307944628,-2.709285024208751
17730,-1.874,13.894
17731,0.5830184532766637,12.871999999999996
17732,7.929999999999998,-10.264696717195111
17733,8.276,5.6800000000000015
17734,-4.787747779595331,-12.750000000000002
17735,2.3221085773719605,-7.337606418616287
17736,1.7998824766171844,-1.0380000000000016
17737,8.464,4.719051062400219
17738,-2.686000000000001,14.016121201202761
17739,-5.790000000000001,14.284
17740,-2.485747779595332,-17.771511124963528
17741,4.25,11.75271497579125
17742,-6.096779728691086,-1.6180000000000008
17743,-8.772,-5.8264365106094
17744,-14.436000000000002,3.052000000000001
17745,7.285999999999999,0.40599999999999736
17746,3.200790855814506,1.1299999999999997
17747,12.793999999999997,4.5970184532766645
17748,7.261999999999999,28.065999999999995
17749,4.804236654631806,-3.820000000000004
17750,-4.414000000000001,9.52012120120276
17751,-3.5812091441854945,26.968
17752,-2.558,1.353999999999996
17753,0.6479124543926073,-21.818
17754,-1.2780000000000011,11.326
17755,4.4924627553865815,-0.10200000000000102
17756,8.133999999999999,-20.450428524428354
17757,-0.18174777959533195,-23.532981546723335
17758,1.4019999999999997,5.095999999999999
17759,1.2847908558145058,-3.7477612754144234
17760,-0.7217633453681938,14.319999999999999
17761,9.245999999999999,3.4539999999999993
17762,5.6819999999999995,24.964488875036476
17763,2.8299999999999996,4.803999999999998
17764,-0.04811752338281465,2.4530184532766635
17765,0.29999999999999927,7.679051062400217
17766,7.606,-5.236000000000002
17767,2.3770184532766647,8.030260206585712
17768,0.5759124543926089,-7.116981546723336
17769,-2.848779728691086,-1.771747779595333
17770,8.756,-0.9199663444046287
17771,5.171545230794462,4.606260206585712
17772,-6.111209144185494,4.212000000000001
17773,0.7375452307944625,5.825999999999998
17774,3.395545230794462,6.360000000000001
17775,-6.808000000000002,4.286488875036476
17776,3.636,17.009999999999998
17777,9.163999999999998,-3.4
17778,8.064,1.992260206585712
17779,8.457999999999997,6.060000000000004
17780,0.7512202713089128,20.824
17781,3.812,13.106
17782,-8.664000000000001,-11.533999999999999
17783,-5.305999999999999,-3.4253899237607626
17784,7.2620000000000005,-8.694
17785,-9.608,10.630252220404667
17786,-1.4837477795953316,-3.1079999999999983
17787,-4.308,17.68
17788,-9.242779728691085,-16.057878798797237
17789,3.073999999999999,-1.1380000000000021
17790,-2.166087545607391,-3.287739793414288
17791,10.588236654631805,-12.312000000000001
17792,-6.232981546723335,11.292260206585713
17793,-2.8657477795953312,18.951999999999998
17794,-5.618779728691087,20.16412120120276
17795,3.5140000000000002,-15.025761275414421
17796,0.0259999999999998,-33.42387879879723
17797,-7.316454769205538,4.302252220404668
17798,-0.9217738992452251,1.670749081622187
17799,11.532,-21.341509055009755
17800,12.318,-5.983757597594474
17801,5.132,2.0879999999999987
17802,-0.09799999999999968,5.58071497579125
17803,5.6819999999999995,3.3039999999999994
17804,1.388,-7.514000000000003
17805,2.1518824766171853,-13.333163823005986
17806,-5.953209144185493,-16.837024817623035
17807,3.8192202713089136,12.48871497579125
17808,-1.4120000000000008,-3.903999999999999
17809,5.293999999999999,18.95
17810,5.387999999999999,12.408714975791248
17811,-1.428,9.552000000000001
17812,-1.7600000000000002,7.067018453276662
17813,-3.781999999999999,16.683999999999997
17814,-2.292418288370988,3.1522522204046672
17815,-12.36,-6.1749815467233375
17816,0.1022261007547737,13.165999999999997
17817,7.741912454392607,-4.807706137818916
17818,0.2540000000000003,-10.965761275414422
17819,4.804,-6.828266570932085
17820,-1.7100000000000009,-9.521966344404628
17821,3.876,8.139999999999997
17822,1.3472202713089136,-16.294207842158634
17823,5.724000000000001,5.019999999999998
17824,-0.4839999999999998,13.754121201202764
17825,-10.426,9.330238724585579
17826,1.016,-0.5032850242087505
17827,0.25399999999999884,-13.443966344404629
17828,5.358,7.20803365559537
17829,9.759018453276665,-22.45174777959533
17830,-3.3180000000000014,1.9502387245855757
17831,-1.6120000000000012,9.878714975791251
17832,-7.989999999999999,-0.7435010688287079
17833,-10.676000000000002,-7.851511124963525
17834,-4.880117523382815,5.389999999999999
17835,6.697999999999999,5.3439999999999985
17836,-0.07974777959533164,-15.13891528200441
17837,4.087999999999998,2.9639999999999973
17838,-2.0097477795953322,12.198260206585712
17839,-4.304087545607393,1.320252220404668
17840,3.1740000000000004,6.631051062400218
17841,-15.542779728691087,13.649999999999997
17842,7.273999999999999,21.373999999999995
17843,-5.862,-6.732696717195113
17844,4.505999999999999,3.5660336555953704
17845,-3.3897738992452253,19.919999999999998
17846,2.561882476617184,-2.4597612754144236
17847,-1.6460000000000001,-15.22567826391845
17848,2.007999999999999,-23.564772597218372
17849,0.5479999999999994,-5.354000000000004
17850,7.432,-20.12049267168686
17851,3.7940000000000014,18.107999999999997
17852,-1.1380000000000003,1.7293032828048873
17853,-5.662000000000001,-9.591747779595332
17854,3.762000000000002,12.269999999999998
17855,-2.8099999999999996,3.649018453276664
17856,4.048,-7.713739793414288
17857,4.238790855814505,4.584714975791249
17858,-12.112981546723331,0.7964888750364736
17859,-15.175999999999998,-8.708981546723336
17860,7.475999999999999,1.0159999999999982
17861,2.271018453276664,21.177999999999997
17862,3.5479999999999996,1.945999999999998
17863,13.163999999999998,-8.235163823005987
17864,6.81,-22.764721340137623
17865,4.772,19.426
17866,8.25,-4.787761275414423
17867,8.982000000000001,-6.94772761981905
17868,9.044,7.982714975791251
17869,-2.449773899245225,11.705999999999998
17870,4.053999999999999,-3.303495559190664
17871,-1.9384547692055378,-5.625024817623036
17872,4.203912454392609,13.099999999999994
17873,1.703545230794461,18.105999999999995
17874,3.6442366546318055,13.207999999999998
17875,-6.757209144185493,20.976000000000003
17876,-12.922,8.500252220404667
17877,-2.418,9.678033655595371
17878,8.221018453276665,22.729999999999997
17879,-5.138,19.518
17880,-6.070779728691086,-4.836
17881,-2.331773899245225,10.587999999999997
17882,-3.158000000000001,4.4719999999999995
17883,11.969999999999999,7.661018453276664
17884,0.02199999999999953,-6.845761275414422
17885,-5.997747779595332,-20.847999999999995
17886,2.4455452307944627,6.2659999999999965
17887,0.5310275104463125,-19.101640074211655
17888,-9.400981546723335,0.9660673111907443
17889,3.286,-15.669999999999996
17890,1.0459999999999998,-1.8119999999999998
17891,3.84,1.2165225306318468
17892,-5.605773899245226,1.5122522204046676
17893,8.657999999999998,-3.3339304843231177
17894,0.7879999999999999,6.243051062400218
17895,-10.124,3.2699999999999996
17896,7.407999999999999,18.034
17897,0.8899999999999991,12.991999999999999
17898,3.943999999999998,-11.181966344404627
17899,9.02,4.735999999999999
17900,0.41799999999999926,7.38
17901,-4.680117523382816,-5.960981546723336
17902,-15.104117523382817,23.154000000000003
17903,7.025882476617184,-6.607747779595333
17904,-5.678000000000002,-1.6119999999999977
17905,-2.138000000000001,3.8322602065857083
17906,-5.162000000000001,-9.929389923760763
17907,-0.93675544596856,-8.424000000000001
17908,-10.957999999999998,3.4770184532766635
17909,3.5992202713089134,11.834121201202763
17910,-0.5260000000000009,1.7961021248004372
17911,-3.396,-6.713511124963524
17912,-2.0260875456073917,-25.644
17913,-2.83,3.387999999999998
17914,0.9760000000000005,14.95
17915,10.094,11.159999999999998
17916,-2.3132091441854947,0.2520000000000017
17917,-2.188,8.725999999999999
17918,-3.7660000000000005,16.47
17919,-6.846454769205538,17.133999999999997
17920,-6.994,-1.2949815467233363
17921,0.4539999999999992,10.206238724585578
17922,-6.739547798490451,-4.571761275414422
17923,-1.4149815467233353,2.897999999999999
17924,-4.112,13.0
17925,-7.675763345368192,-12.839714123999963
17926,8.27811913124899,26.137999999999998
17927,-1.5159999999999993,5.046
17928,-0.6220000000000006,-5.729999999999997
17929,-0.9220000000000009,-2.108000000000002
17930,-3.25,-6.593999999999999
17931,2.2430184532766644,21.076
17932,4.912000000000001,9.171999999999997
17933,4.002000000000001,-7.202460062563306
17934,-0.7599999999999998,-2.8219663444046286
17935,-1.184,3.4140336555953716
17936,7.497999999999999,21.892000000000003
17937,-1.9080000000000013,10.88003365559537
17938,-5.906779728691086,24.436
17939,7.06,5.169051062400218
17940,-5.4037477795953315,1.0822602065857119
17941,3.5859999999999985,10.294121201202762
17942,-2.4458353252027223,-15.27376127541442
17943,-2.407999999999999,28.386000000000003
17944,2.0021491090244155,-16.192991162027663
17945,7.6,5.733999999999999
17946,0.5579999999999995,14.944714975791252
17947,4.726000000000001,9.718260206585711
17948,3.026,15.089999999999998
17949,-23.144000000000002,21.212
17950,3.15,-9.274000000000001
17951,2.0439999999999987,17.605999999999998
17952,-1.134087545607392,-5.9359304843231175
17953,1.5235817116290113,-30.499995237222954
17954,0.3272202713089136,18.076
17955,-5.948,-14.14623396180853
17956,-1.9360000000000006,-11.042
17957,4.554790855814506,28.292
17958,13.133999999999997,4.202252220404668
17959,2.232,-7.7219999999999995
17960,8.228,12.419999999999998
17961,-11.534087545607395,17.29
17962,13.577999999999998,4.448
17963,1.533999999999999,0.8502387245855786
17964,2.9431027479260976,20.854
17965,9.148236654631805,10.59226020658571
17966,3.3159124543926084,17.041999999999998
17967,-11.126087545607394,8.498
17968,-7.584000000000001,-3.2600000000000007
17969,2.6630184532766643,-7.115739793414289
17970,-3.992190690908829,-4.078000000000001
17971,7.661999999999999,16.951999999999998
17972,-0.7440000000000009,1.1079999999999983
17973,-7.301999999999998,-16.56925136861338
17974,-3.0220000000000002,-8.871739793414287
17975,-9.042,15.111999999999998
17976,-7.260000000000001,1.7839999999999983
17977,-3.2837633453681945,-10.834981546723338
17978,10.27,-11.287640074211659
17979,10.080226100754775,-5.410710213014203
17980,13.724,8.923999999999998
17981,-0.9900875456073921,9.802
17982,6.679545230794462,11.918
17983,5.566,14.148
17984,3.0707908558145056,-1.623747779595334
17985,-0.1924547692055377,-2.086
17986,1.3579999999999999,-2.131511124963526
17987,3.1800000000000006,6.44
17988,3.4560000000000004,1.2540000000000013
17989,-7.390000000000001,7.657999999999997
17990,1.1620000000000006,17.092
17991,-1.8060000000000003,4.109018453276664
17992,8.474,-4.5672850242087515
17993,-3.208553627936312,17.990000000000002
17994,-3.0517738992452257,6.273018453276665
17995,6.225999999999999,12.192000000000002
17996,-4.770779728691086,-1.375878798797236
17997,7.279999999999999,1.108488875036474
17998,4.8519999999999985,-13.466
17999,-2.2197477795953304,6.299999999999999
18000,5.587999999999999,-0.17199999999999846
18001,8.908790855814505,2.837999999999999
18002,-3.5487797286910876,16.538000000000004
18003,-3.1260000000000012,-3.708000000000001
18004,10.37,-4.494266570932085
18005,-2.7699999999999987,10.471999999999998
18006,0.7670184532766647,10.187999999999997
18007,7.213999999999999,16.936
18008,-2.9019999999999997,11.15
18009,-3.4327797286910866,7.175999999999999
18010,1.0499999999999998,0.10999999999999943
18011,-12.059209144185493,-2.5559999999999974
18012,-2.0239999999999996,-12.331509055009752
18013,1.584226100754774,-24.71538992376076
18014,6.469545230794464,1.0769751823769638
18015,-17.214779728691088,4.049999999999999
18016,14.427999999999997,20.534
18017,-8.935747779595332,-8.434000000000001
18018,3.185999999999999,5.168714975791249
18019,3.0439999999999996,-23.203747779595325
18020,-8.457773899245225,18.476260206585714
18021,1.2079999999999995,9.914
18022,0.869882476617185,1.6722602065857104
18023,1.371018453276665,3.5481212012027634
18024,4.254,6.6800000000000015
18025,0.58025222040467,0.2560000000000004
18026,7.2780000000000005,-7.409747779595331
18027,5.606,2.376
18028,4.588,-6.985285024208748
18029,-18.528000000000002,3.338000000000001
18030,8.608,7.092488875036471
18031,2.288000000000001,-2.2892850242087506
18032,0.9639999999999993,9.666
18033,-3.5267797286910865,-23.68445799260953
18034,5.537912454392609,23.271051062400215
18035,11.033999999999997,-8.313522550828845
18036,5.929999999999999,-6.018981546723337
18037,-8.959999999999999,14.629999999999999
18038,-0.16800000000000032,-21.76201435052742
18039,2.8039999999999994,-3.1260000000000026
18040,6.350236654631805,-30.289761275414424
18041,7.102000000000001,-0.540000000000002
18042,-0.09611752338281576,-31.819640074211655
18043,-3.534779728691086,-14.057999999999998
18044,-3.5660000000000003,18.77
18045,8.929999999999996,-4.427285024208752
18046,0.29902751044631265,-32.654981546723334
18047,5.89,-24.7287102130142
18048,3.3455452307944618,7.06
18049,11.402,18.43
18050,2.0522261007547744,4.322
18051,-2.9507797286910864,15.741999999999999
18052,0.8202261007547751,4.340748631386622
18053,5.5680000000000005,-18.307999999999996
18054,2.4255452307944623,-8.016948937599782
18055,6.208,-31.612450006428492
18056,-0.5780000000000001,3.652714975791249
18057,-0.7240000000000004,-12.482981546723332
18058,-4.65396309344667,-19.23987879879724
18059,0.1019999999999989,-20.509999999999998
18060,-10.719773899245224,1.2739999999999967
18061,-11.356,19.523999999999997
18062,10.494,0.2539999999999999
18063,0.316007986181044,-6.939761275414424
18064,6.042,-11.191761275414422
18065,2.015999999999999,0.305999999999999
18066,-9.092,5.882260206585713
18067,-3.6180000000000008,-29.394
18068,0.8942522204046689,23.074
18069,-17.36,-2.0338787987972387
18070,2.1759999999999993,15.505051062400218
18071,-1.2659999999999993,21.94
18072,7.8180000000000005,3.3300000000000005
18073,-9.298000000000002,-1.0220000000000022
18074,-2.0020000000000007,23.038
18075,5.023882476617184,6.902260206585711
18076,-4.508228668450763,21.241999999999997
18077,1.5139999999999998,-9.47728502420875
18078,-3.1860000000000004,-11.958
18079,3.712252220404669,-10.635999999999997
18080,-10.354,7.903999999999999
18081,-1.6020000000000016,-2.791999999999999
18082,-15.888,0.25000000000000283
18083,-2.4360000000000013,1.7150510624002173
18084,-2.88,16.266
18085,-2.3480000000000003,-0.42993048432311554
18086,9.725999999999999,-13.613999999999999
18087,-15.891763345368194,-6.285511124963525
18088,-3.0580000000000007,4.916000000000001
18089,-12.860981546723334,10.220714975791251
18090,-13.991209144185495,16.503999999999998
18091,-1.2220000000000013,2.067999999999999
18092,-6.376,-4.279761275414421
18093,-0.8300000000000012,2.825999999999998
18094,-7.555747779595332,2.8919999999999995
18095,6.362,4.058000000000001
18096,-12.493763345368194,2.654033655595371
18097,-2.7162181145737305,-18.909966344404626
18098,8.622,-6.985761275414423
18099,-0.4221175233828157,26.842000000000002
18100,4.865912454392608,-7.879761275414422
18101,5.140252220404667,0.6359999999999986
18102,-2.578779728691087,7.874238724585579
18103,1.0639124543926086,8.290121201202762
18104,-0.8879999999999996,18.43
18105,-1.3339999999999996,4.304121201202762
18106,-4.428000000000001,8.18505106240022
18107,-3.822,13.442033655595372
18108,7.067912454392608,-0.3840000000000018
18109,-14.228,12.383999999999999
18110,8.144,5.8462522204046685
18111,-18.29,-1.3989489375997806
18112,-1.2601175233828161,12.790000000000001
18113,-0.3260000000000005,-7.417285024208748
18114,4.953999999999999,-10.453511124963525
18115,7.636,13.771999999999997
18116,-4.442000000000002,2.741999999999998
18117,-5.933999999999999,2.765999999999999
18118,-9.440087545607392,6.162252220404667
18119,9.187999999999999,23.502
18120,9.96,-2.5917397934142876
18121,-2.160454769205537,3.5479999999999996
18122,5.908790855814506,5.791999999999999
18123,0.11991245439260752,7.531051062400216
18124,-15.632,0.42003365559537115
18125,12.779999999999998,0.5144888750364742
18126,-5.264,-1.0835111249635248
18127,3.112000000000001,-1.6799663444046273
18128,-5.981747779595331,11.635999999999997
18129,4.6579999999999995,26.522000000000002
18130,-10.966000000000001,-21.130266570932086
18131,-15.756,3.2450184532766633
18132,-0.45400000000000096,-1.3520000000000008
18133,8.405999999999999,12.875999999999996
18134,9.804,-3.2862665709320864
18135,2.0279999999999987,1.1431396544794274
18136,-0.18800000000000025,-9.798981546723336
18137,7.640000000000001,-19.6048794219229
18138,6.555999999999999,23.15
18139,-0.9415246207826151,-10.931509055009753
18140,-11.470087545607392,14.272
18141,1.4839999999999989,6.182
18142,6.217999999999999,5.651999999999999
18143,-1.7940000000000018,18.860000000000003
18144,-2.325999999999999,19.31
18145,9.596,9.826488875036475
18146,-14.260000000000002,15.626
18147,0.025999999999999447,11.413018453276663
18148,9.777018453276664,16.538
18149,-16.7,-7.130947891127965
18150,5.127999999999998,2.8552786598623756
18151,-7.1739999999999995,3.178714975791247
18152,-2.558,11.052238724585578
18153,9.858,-2.674000000000001
18154,5.609999999999999,2.2902387245855764
18155,-7.538000000000001,0.01130328280488797
18156,1.636,-1.265999999999997
18157,3.066,13.109018453276661
18158,-0.43520914418549433,-8.286
18159,-16.821773899245226,3.8341212012027626
18160,7.938,8.953999999999999
18161,-1.1300000000000003,12.892
18162,-1.9392091441854937,2.650488875036473
18163,7.640000000000001,10.180000000000001
18164,2.9864888750364758,13.225999999999999
18165,-11.713999999999999,22.616
18166,7.1739999999999995,-3.937511124963527
18167,-11.068,6.087999999999999
18168,-4.765763345368193,6.447999999999999
18169,1.9495452307944618,0.7099999999999994
18170,4.8279999999999985,26.938
18171,-17.322000000000003,12.843999999999998
18172,-0.97,-38.15057004841749
18173,4.159999999999999,1.9159999999999981
18174,0.41199999999999976,-3.966696717195113
18175,-6.210000000000001,21.599999999999998
18176,-13.041999999999998,7.691999999999998
18177,-1.266779728691087,27.077999999999996
18178,4.65,3.3019999999999983
18179,-8.572,3.2890510624002163
18180,-8.581209144185493,-1.6624600625633064
18181,-4.314000000000001,10.986260206585714
18182,-7.101999999999999,25.806
18183,0.1050184532766644,20.991999999999997
18184,4.009882476617184,-9.143761275414422
18185,5.282,21.016
18186,0.5335817116290119,-10.911250918377814
18187,-6.352,-8.548688731014071
18188,7.495999999999998,16.214
18189,-1.858,0.1141212012027637
18190,3.5617949310097927,-10.195999999999998
18191,-3.3939999999999997,-0.4857612754144231
18192,15.945882476617182,34.20799999999999
18193,1.0402522204046682,-9.679761275414423
18194,5.718236654631807,8.98505106240022
18195,-4.660981546723335,8.561999999999998
18196,5.208,-1.6740000000000017
18197,-4.16,-14.558860345520571
18198,11.008,4.354121201202762
18199,-14.232981546723334,18.65
18200,1.7722522204046682,24.52
18201,13.288,27.976
18202,-4.597747779595331,-5.842981546723336
18203,4.313999999999999,6.976000000000001
18204,6.555999999999997,8.85203365559537
18205,4.688000000000001,9.776
18206,3.556790855814506,20.808
18207,-0.4879999999999999,15.983999999999998
18208,-8.000981546723335,25.211999999999996
18209,-0.42800000000000027,19.374
18210,4.6482261007547745,-13.278460062563303
18211,-0.9707797286910864,-11.384827736397018
18212,-1.2199999999999995,1.6910184532766634
18213,-6.892,20.04
18214,7.687027510446313,-18.455999999999996
18215,-3.3200000000000003,-2.550000000000003
18216,-2.567763345368193,18.501018453276664
18217,-7.982983043430719,-2.3097612754144214
18218,2.0704888750364754,-2.0120000000000027
18219,3.057999999999999,4.364033655595371
18220,2.313999999999999,-2.663511124963527
18221,1.738149109024415,25.662
18222,-6.5684547692055375,8.304
18223,-2.2289815467233356,10.012
18224,3.2832706736813337,5.654033655595372
18225,3.4739999999999993,1.4721212012027622
18226,-2.1457633453681937,-11.871022249927051
18227,1.8519124543926089,-4.703999999999998
18228,-5.6000000000000005,7.412000000000001
18229,-4.261747779595331,-10.901389923760762
18230,1.2439999999999998,7.089999999999999
18231,2.002236654631807,-18.142742822137755
18232,-6.011209144185495,22.101999999999997
18233,9.384,12.876
18234,-2.5260000000000007,12.12
18235,5.609999999999999,-5.693999999999997
18236,1.5799999999999996,4.680033655595371
18237,7.136226100754774,-18.128
18238,-2.9989815467233347,2.0779999999999994
18239,1.7700000000000002,27.945999999999998
18240,4.299545230794463,-6.361285024208749
18241,13.059999999999999,19.811999999999998
18242,14.87646275538658,-22.089999999999996
18243,-8.14008754560739,15.132
18244,10.831999999999999,-9.910981546723336
18245,-3.9080000000000013,12.766
18246,0.18199999999999966,-1.995706137818918
18247,-6.9079999999999995,-14.355522550828846
18248,-2.9339999999999997,0.7090184532766649
18249,-1.0997633453681934,-23.098
18250,2.989545230794463,-17.80162657839257
18251,3.404236654631807,-18.932948937599782
18252,-3.956087545607391,8.562714975791248
18253,0.04399999999999889,-20.291509055009755
18254,1.0140000000000005,5.618238724585576
18255,-0.30800000000000055,15.406
18256,2.8479999999999994,2.4872897869857966
18257,-0.02400000000000011,0.5100336555953717
18258,1.8620000000000005,-9.179966344404628
18259,-3.9870083971418495,1.0510184532766622
18260,-0.5797633453681937,24.884
18261,-0.5460000000000008,1.2959999999999994
18262,-4.524228668450762,17.479999999999997
18263,-2.4457477795953317,-6.854000000000001
18264,0.8621085773719607,-1.2017397934142893
18265,0.48599999999999943,-9.483761275414423
18266,-15.639999999999997,-9.045258904558859
18267,5.951999999999999,-25.37074282213776
18268,-0.38599999999999923,-7.954000000000002
18269,4.6499999999999995,-23.054981546723337
18270,1.8039999999999992,18.802
18271,-1.5858653029781467,0.043999999999999775
18272,-3.244000000000002,6.989999999999999
18273,7.452000000000001,-4.3999663444046275
18274,-10.703773899245226,4.244
18275,1.479545230794462,2.7680000000000007
18276,-1.4697738992452247,-10.607761275414422
18277,-1.6980000000000004,-1.9340000000000006
18278,8.430236654631805,6.0699999999999985
18279,8.312000000000001,21.433999999999997
18280,-1.7879999999999998,-7.687163823005989
18281,-5.694000000000001,29.294
18282,1.5099999999999998,14.719051062400217
18283,5.249999999999998,3.1424989311712905
18284,-12.009234497896625,4.880000000000001
18285,0.4819999999999999,22.390488875036475
18286,8.184790855814507,-20.48162657839257
18287,10.425999999999998,24.198
18288,3.966,-5.26
18289,5.413220271308914,19.144
18290,-0.9800000000000008,-2.4479999999999995
18291,-0.4480000000000013,-15.521966344404632
18292,-1.5020000000000007,10.555999999999997
18293,7.224252220404668,-6.568
18294,-12.064000000000002,-18.759761275414423
18295,-4.981999999999999,11.702
18296,-2.5824547692055377,-2.099739793414288
18297,-6.553763345368194,24.058
18298,1.9158824766171842,-12.114
18299,-0.6279999999999998,-4.309761275414421
18300,6.108236654631806,8.727999999999998
18301,-14.592779728691088,-7.418948937599782
18302,11.081999999999999,5.966000000000001
18303,4.659999999999999,16.04
18304,7.163999999999999,-0.24374777959533417
18305,-0.30011752338281605,-30.300710213014202
18306,4.144,9.113999999999999
18307,5.859999999999999,20.060000000000002
18308,-9.672,24.06
18309,-10.508000000000003,-15.72176127541442
18310,-13.166,-4.929761275414422
18311,0.9898824766171843,-7.57776127541442
18312,9.516236654631808,1.8204888750364752
18313,0.5139999999999997,18.628
18314,-7.748,18.21
18315,-4.435209144185495,13.048121201202765
18316,4.8,8.996260206585712
18317,-5.949999999999999,-20.44950106882871
18318,5.846,5.151999999999999
18319,2.2800000000000002,3.684033655595372
18320,4.008,-7.541966344404628
18321,11.417882476617184,19.654
18322,-18.697835325202725,8.241999999999999
18323,4.424252220404669,-10.225761275414424
18324,5.952226100754776,19.169999999999998
18325,5.756,0.7519999999999974
18326,-7.104000000000001,3.685051062400219
18327,-0.4637633453681939,-3.5780000000000003
18328,12.972,15.977999999999998
18329,-1.1357477795953315,-13.31094893759978
18330,3.186236654631806,3.91223872458558
18331,-5.553773899245226,5.9419999999999975
18332,4.948,15.669999999999998
18333,2.8101491090244144,7.156000000000001
18334,0.47079085581450497,4.196
18335,-2.1480875456073916,-25.350460062563304
18336,0.6619999999999976,-0.20999999999999944
18337,-6.227999999999999,-4.179747779595331
18338,5.982,3.3601212012027624
18339,-0.4612091441854943,22.169999999999998
18340,6.524236654631807,2.064252220404667
18341,-1.4420000000000002,-0.42000000000000026
18342,5.808000000000002,1.2459999999999993
18343,-14.894779728691086,12.766
18344,14.311882476617182,-15.248729326318667
18345,3.4779999999999993,12.023999999999997
18346,2.722,10.725999999999996
18347,7.166000000000001,16.272
18348,12.956,6.403999999999999
18349,-12.474,-40.32116382300598
18350,-1.5700000000000003,13.536000000000001
18351,-2.2920000000000007,10.25423872458558
18352,7.949882476617184,2.0959999999999974
18353,2.6799124543926083,19.924
18354,5.757999999999999,0.18648887503647416
18355,2.2379999999999987,-8.061878798797238
18356,6.774000000000001,-1.407999999999998
18357,13.854,-12.941747779595328
18358,1.764,-7.751163823005987
18359,8.437999999999999,-5.676
18360,-2.896000000000001,17.116
18361,-5.578,3.148488875036473
18362,-8.410527508286417,7.169999999999999
18363,-1.8320000000000012,6.056252220404667
18364,5.624,-19.505272400377947
18365,-2.464897252073902,8.261539937436694
18366,-8.489850890975585,4.820488875036473
18367,-1.432000000000001,9.151999999999997
18368,7.246,13.588
18369,10.761999999999999,2.2567149757912475
18370,-12.89374777959533,-6.397706137818916
18371,4.299999999999999,13.183999999999997
18372,0.03591245439260797,-2.927163823005986
18373,7.591999999999999,-14.711761275414423
18374,-0.8119999999999999,-18.171511124963523
18375,0.8265636840711267,23.375999999999998
18376,2.788252220404669,-3.7919999999999954
18377,-5.996454769205537,6.288714975791251
18378,0.9359124543926084,-9.693999999999999
18379,5.044,18.107999999999997
18380,1.1660000000000004,-2.521878798797239
18381,-6.936454769205538,33.38
18382,-4.179559457382172,7.012488875036475
18383,6.903999999999999,9.489999999999998
18384,5.587999999999999,4.0802522204046685
18385,-4.897663913391031,-3.4895111249635233
18386,-1.9980000000000004,10.30901845327666
18387,-13.34,-9.581251368613378
18388,0.07199999999999988,4.68026020658571
18389,6.770790855814505,7.116121201202762
18390,2.148,2.51071497579125
18391,0.631999999999999,10.413999999999998
18392,5.507999999999999,18.076
18393,-0.2512966897928862,6.969999999999997
18394,-0.42489725207390305,-0.1652509183778136
18395,2.0002522204046684,11.84
18396,-1.8597738992452253,15.983999999999998
18397,-1.374,8.511999999999997
18398,5.7940000000000005,-2.904000000000001
18399,2.1279999999999992,-0.09400000000000208
18400,5.5599124543926095,-12.785878798797233
18401,-4.036,3.7981212012027603
18402,7.089999999999999,8.135018453276663
18403,0.8800000000000014,4.453999999999999
18404,-2.1904547692055374,-22.70373979341429
18405,-2.0680000000000005,-17.80870916654239
18406,1.7659999999999996,-6.421999999999999
18407,7.452,-4.549761275414421
18408,2.2060000000000004,20.506
18409,-9.49,15.012260206585712
18410,2.294,6.919999999999999
18411,-6.3260000000000005,-17.815747779595334
18412,-3.872000000000001,-1.9737612754144223
18413,-6.074205068990207,-5.546000000000001
18414,-4.506,16.871999999999996
18415,7.505545230794463,14.447999999999999
18416,-0.25600000000000006,-14.697046299623173
18417,-2.9299999999999997,7.4499999999999975
18418,-0.0217738992452265,8.033999999999999
18419,16.401999999999997,1.7542602065857125
18420,7.097999999999999,-13.014
18421,-10.430000000000001,-5.202981546723337
18422,-8.234,8.558000000000002
18423,8.563882476617184,-10.629626578392566
18424,1.9839999999999995,20.071999999999996
18425,0.4347908558145065,-9.665757597594475
18426,-9.608,-11.235761275414422
18427,4.296488875036475,15.648
18428,-7.912542314812929,12.69505106240022
18429,-3.0837738992452244,-3.2872850242087486
18430,-0.18477972869108647,6.9002602065857115
18431,-1.0204547692055386,-0.7620000000000026
18432,1.5719999999999996,4.590033655595369
18433,2.1459999999999986,8.985999999999999
18434,2.91,-8.918000000000001
18435,0.30800000000000016,7.874252220404668
18436,7.767999999999999,5.651999999999999
18437,3.5107908558145056,-5.020000000000001
18438,2.918,-7.793761275414421
18439,-5.822,1.2081212012027642
18440,-1.4117633453681935,21.386
18441,-4.324981546723336,-5.039501068828709
18442,1.2959999999999998,20.312
18443,-16.786779728691087,7.613051062400219
18444,-11.626000000000001,18.876
18445,-11.530000000000001,18.026
18446,11.718,-15.661999999999995
18447,-17.924087545607392,8.974
18448,0.5642522204046688,-8.957747779595332
18449,8.846,-17.61776127541442
18450,0.8519999999999996,-1.967761275414422
18451,-3.066000000000001,10.225999999999999
18452,-14.818000000000001,12.306252220404666
18453,2.8170184532766642,6.149999999999998
18454,4.677999999999999,-2.281878798797236
18455,5.352,-34.0387102130142
18456,0.8739999999999991,10.118252220404667
18457,3.897999999999999,-3.1080000000000005
18458,5.121999999999998,-3.209285024208751
18459,-3.364,7.453051062400218
18460,3.377781885426269,-0.18199999999999933
18461,-2.5564547692055375,-5.615285024208751
18462,-6.772,33.524
18463,8.183882476617184,-4.901878798797238
18464,1.3498824766171853,5.511999999999999
18465,2.9699999999999998,-0.5057397934142884
18466,5.783545230794461,-3.237258904558856
18467,-2.4742181145737314,8.01203365559537
18468,1.3059999999999996,15.854
18469,2.0394277074116474,24.942
18470,-0.6559999999999995,-9.281739793414287
18471,0.9839999999999989,13.681999999999999
18472,-1.0180000000000013,-21.637747779595326
18473,2.8979999999999992,31.236
18474,-8.489999999999998,19.278
18475,1.1880000000000002,14.706
18476,2.9400000000000004,3.4230184532766614
18477,-9.192,13.866
18478,16.326,-2.797878798797238
18479,4.068226100754775,3.8942387245855783
18480,-1.858,19.264
18481,7.919999999999999,15.251999999999999
18482,6.403999999999999,-6.817022249927049
18483,6.493545230794463,12.039051062400219
18484,-7.872,18.679999999999996
18485,5.4719999999999995,10.776
18486,-3.3532091441854943,-12.926000000000002
18487,4.7459999999999996,5.606000000000001
18488,5.189018453276664,15.969999999999999
18489,11.639018453276664,-2.985761275414421
18490,0.7459999999999998,26.798000000000002
18491,2.9599999999999995,-0.24573979341428825
18492,-10.229747779595332,-4.366000000000001
18493,1.1327908558145048,7.4259999999999975
18494,8.502,12.974252220404669
18495,-12.346,-3.0275111249635254
18496,9.283999999999997,19.320033655595374
18497,-3.2120000000000006,4.51471497579125
18498,0.4122366546318075,-6.980492671686861
18499,0.8062366546318053,13.986488875036475
18500,-10.562,-11.164000000000001
18501,12.18,-1.562948937599782
18502,-3.688000000000001,-10.751999999999999
18503,2.092000000000001,8.586000000000002
18504,-0.29400000000000104,-12.771999999999997
18505,8.214,10.324000000000002
18506,10.623999999999999,10.255999999999997
18507,-0.13800000000000026,8.124488875036473
18508,-4.255999999999999,9.151999999999997
18509,1.4058824766171845,-16.262
18510,-0.12600000000000042,-14.607258904558858
18511,-2.1820000000000004,8.998
18512,3.2459999999999996,-8.070000000000002
18513,-1.8659999999999997,-1.5689489375997803
18514,-9.312000000000001,-15.65974777959533
18515,0.3210184532766654,-15.378
18516,-5.215747779595332,23.528
18517,-3.2920000000000003,-1.1017477795953319
18518,-8.347773899245226,11.717018453276662
18519,-8.373436315928874,3.11626020658571
18520,-1.766,-0.5772850242087515
18521,2.027882476617185,-15.553878798797237
18522,-4.926087545607391,0.13399999999999804
18523,-6.544000000000001,-4.202981546723336
18524,-7.837999999999999,-9.49150106882871
18525,-3.0420000000000003,-11.249761275414423
18526,-0.8420000000000003,12.422260206585712
18527,4.151999999999999,-4.822948937599783
18528,8.129999999999999,2.128252220404667
18529,7.158000000000001,14.026
18530,-1.826,-4.7719999999999985
18531,-1.0320875456073921,-20.724
18532,2.6459999999999995,-7.115706137818916
18533,7.783999999999999,-1.9838787987972382
18534,-5.714972489553689,1.5427149757912502
18535,3.29,11.032373421607428
18536,-4.402000000000001,22.115999999999996
18537,-21.844,-16.28491160260132
18538,6.724000000000001,5.738252220404668
18539,-8.825999999999999,4.826121201202762
18540,-7.113209144185494,-13.349999999999998
18541,-0.6260000000000001,9.794488875036475
18542,0.37399999999999983,-12.477999999999998
18543,6.113882476617185,7.715999999999999
18544,-2.5499999999999994,-14.017739793414288
18545,-15.378000000000004,11.79626020658571
18546,6.414,-0.00400000000000027
18547,1.3399999999999994,7.244
18548,6.01,20.323999999999995
18549,-4.792779728691086,-2.731511124963526
18550,5.813999999999998,-7.548
18551,0.23142770741164664,14.366488875036476
18552,-10.116,1.8080000000000005
18553,-3.37,9.181539937436694
18554,-3.4620875456073916,14.356
18555,-0.2800875456073918,-1.0940000000000005
18556,-10.101773899245226,3.0760000000000014
18557,5.231999999999999,31.953999999999997
18558,-2.008087545607391,11.827018453276661
18559,2.447999999999999,-9.287501068828709
18560,5.814,5.397999999999998
18561,3.505472491713582,-0.746981546723336
18562,-15.521747779595334,22.77
18563,-1.088117523382815,-11.056112760605767
18564,1.8519999999999996,20.958
18565,1.086226100754774,-4.167999999999998
18566,5.016,22.286
18567,-5.902000000000001,9.506260206585711
18568,-5.001773899245224,-9.532
18569,1.9659999999999997,-6.422492671686861
18570,-12.164779728691085,-17.957618592211524
18571,-3.4437633453681933,5.335051062400218
18572,9.318,3.531999999999999
18573,1.1239999999999988,9.48671497579125
18574,4.668462755386582,22.618000000000002
18575,4.908,-1.7535111249635265
18576,7.8402366546318065,-12.285878798797237
18577,0.3759999999999996,18.246033655595372
18578,15.588,-0.221966344404629
18579,-2.196,0.270252220404668
18580,-4.822000000000001,-8.382000000000001
18581,-2.264,13.400252220404667
18582,-0.7479999999999988,15.708033655595376
18583,11.918,4.7719999999999985
18584,-2.5840000000000005,0.8470510624002181
18585,1.2739999999999991,0.018033655595371557
18586,0.9960000000000001,20.195999999999998
18587,-2.3580000000000005,-9.123999999999999
18588,6.7682261007547755,-8.86596634440463
18589,6.149882476617185,-12.292981546723336
18590,4.753545230794462,12.238260206585712
18591,7.4898824766171845,2.822522530631848
18592,9.118226100754773,-22.437747779595334
18593,5.7780000000000005,6.062238724585577
18594,13.062000000000001,19.912
18595,-1.3540000000000005,3.8139999999999987
18596,11.382000000000001,-11.73704629962317
18597,-3.0940000000000003,11.48071497579125
18598,0.8558824766171853,-5.311999999999999
18599,0.44399999999999906,-17.513761275414424
18600,9.197999999999997,1.9223814077884753
18601,5.262,5.920121201202763
18602,8.209999999999999,29.663999999999998
18603,3.640226100754775,-15.270695670723295
18604,-10.324000000000002,12.469999999999999
18605,7.277999999999999,-26.21698154672334
18606,-4.437773899245226,-15.259272400377947
18607,4.57825222040467,20.844
18608,0.9990184532766648,21.074
18609,5.389999999999999,3.0205044408093373
18610,2.822,-3.359511124963528
18611,4.375545230794462,-14.883878798797237
18612,-3.1220000000000008,12.251999999999999
18613,-17.788,18.555999999999997
18614,-7.4220000000000015,13.466
18615,3.775999999999999,12.917018453276663
18616,7.758,-4.227999999999996
18617,1.846,2.019999999999999
18618,1.8499124543926082,10.15003365559537
18619,2.204,0.157766038191469
18620,2.9959999999999996,-14.639511124963525
18621,1.7332202713089147,3.484238724585579
18622,-1.5980000000000012,2.570000000000001
18623,-1.9537477795953309,-1.0418787987972375
18624,-5.5797477795953325,4.086252220404665
18625,4.426252220404669,28.784000000000002
18626,0.7027908558145054,16.142
18627,5.518119131248992,-9.95
18628,3.4879999999999995,13.947999999999999
18629,-0.6067797286910863,-10.547747779595332
18630,3.8899999999999992,-4.96494893759978
18631,-4.6579999999999995,-1.7080000000000009
18632,-28.433999999999997,-5.507878798797238
18633,-4.531999999999998,17.151999999999994
18634,-0.8792091441854941,19.55
18635,9.867999999999999,16.665999999999997
18636,-2.386000000000001,-7.04528502420875
18637,4.531999999999999,-25.619551281020783
18638,-7.854000000000001,15.238
18639,10.032,-28.135845143201863
18640,4.684,12.469051062400217
18641,-1.974000000000002,-16.2285700484175
18642,-11.419773899245225,13.725999999999999
18643,-3.817773899245226,19.002
18644,7.604000000000001,1.4881212012027614
18645,-1.2264547692055385,-5.900460062563307
18646,-2.4587797286910864,4.165999999999997
18647,-4.552000000000001,-30.047000020196997
18648,-2.6040000000000005,0.6180000000000028
18649,-4.60354779849045,11.553999999999998
18650,4.114,29.784
18651,-12.267999999999999,4.146238724585578
18652,3.871545230794463,3.155999999999998
18653,0.6339999999999997,8.979999999999999
18654,2.8939999999999992,-0.8599999999999994
18655,2.9834569259407195,1.5681212012027643
18656,-8.838779728691087,23.558
18657,-1.5939999999999999,-2.2440000000000024
18658,-2.3920000000000003,8.36305106240022
18659,-2.9557633453681933,-19.185747779595328
18660,3.8,14.409999999999997
18661,-17.158,-16.151584936616153
18662,3.6162366546318063,-4.305878798797236
18663,1.4299999999999997,14.409999999999997
18664,-6.623773899245225,5.841999999999999
18665,5.873018453276664,12.466
18666,-11.544867274298479,15.638
18667,6.999999999999998,3.7660000000000027
18668,1.7139124543926083,16.427999999999997
18669,3.743999999999999,30.103999999999996
18670,-0.3200000000000001,8.629999999999997
18671,1.6099999999999999,-21.422786093037455
18672,4.638,5.6339999999999995
18673,-5.520956923780825,1.116252220404668
18674,0.4679999999999994,-5.294948937599782
18675,1.5819999999999994,-5.112
18676,6.895581711629012,5.213733429067915
18677,8.661018453276665,-17.889999999999993
18678,-13.004572292588353,-13.438000000000002
18679,1.9692202713089124,-17.695747779595333
18680,7.951999999999998,0.6641212012027633
18681,2.844226100754775,15.376
18682,-0.956000000000001,-6.287024817623037
18683,-0.06000000000000032,8.041999999999998
18684,-1.8640000000000012,-12.393511124963528
18685,-13.122,-5.265878798797238
18686,-2.9469569237808253,13.327999999999998
18687,-4.895999999999999,20.070714975791248
18688,6.078,-28.587966344404627
18689,-15.004981546723334,9.231999999999998
18690,-6.0840000000000005,0.6682938621810834
18691,-7.492000000000002,27.723999999999997
18692,0.15354523079446308,-1.434000000000001
18693,8.026,-5.6635111249635255
18694,-1.3780000000000006,1.0880000000000003
18695,-6.728981546723335,23.055051062400217
18696,-6.612,10.493018453276663
18697,-4.284454769205538,3.7040000000000015
18698,-2.22,1.4439999999999997
18699,6.348790855814506,3.1322522204046686
18700,-3.6532091441854946,-3.622000000000001
18701,8.804119131248992,8.093018453276665
18702,-4.088454769205539,19.217999999999996
18703,-15.206087545607392,5.769999999999998
18704,-0.48799999999999955,4.935999999999998
18705,-2.3872091441854932,7.872252220404668
18706,-8.404,0.03812120120276204
18707,1.5035452307944617,-3.5017612754144225
18708,6.471018453276665,9.253999999999998
18709,10.693999999999999,3.924121201202761
18710,4.754,-15.195747779595333
18711,5.483999999999999,-20.446492671686862
18712,20.309999999999995,0.38225222040466844
18713,3.4152202713089124,19.259999999999998
18714,0.31400000000000006,16.264714975791247
18715,2.7319999999999993,15.285018453276663
18716,3.8062261007547753,32.656000000000006
18717,3.3699999999999997,11.651999999999997
18718,-4.938,20.116
18719,-4.246,-6.213511124963524
18720,-15.123999999999999,12.658000000000001
18721,-1.4980000000000007,-0.5540000000000006
18722,3.757999999999999,14.052000000000001
18723,2.37,15.023999999999996
18724,4.714164674797277,-6.308721340137623
18725,6.036563684071126,-6.852948937599782
18726,5.687545230794462,7.1821212012027615
18727,-8.068000000000001,11.754
18728,2.096,-7.93294893759978
18729,-15.124,-0.6978787987972381
18730,-20.519773899245223,2.7139999999999995
18731,7.928,14.149999999999997
18732,1.8639999999999994,19.924
18733,18.904000000000003,-4.827163823005988
18734,8.485018453276664,19.624000000000002
18735,8.82,6.711999999999998
18736,-4.256087545607391,16.704488875036475
18737,-10.89,-21.66972761981905
18738,-12.222,1.8701212012027622
18739,-3.6080000000000005,-0.010000000000000142
18740,5.715999999999999,-13.584796149172274
18741,-5.346,-8.95704629962317
18742,7.048226100754775,15.072252220404668
18743,-3.878,-9.830000000000002
18744,1.3559999999999994,13.017999999999997
18745,8.522,-2.8060000000000036
18746,-1.0329815467233343,5.353999999999999
18747,0.2679999999999986,5.832252220404667
18748,5.839220271308911,-5.742948937599783
18749,2.534,14.327999999999998
18750,7.907999999999999,15.033999999999997
18751,2.848,24.369999999999997
18752,-2.0232091441854942,12.027999999999997
18753,-2.2940000000000023,-5.109739793414289
18754,8.184000000000001,21.506
18755,4.919018453276665,0.17917226360298458
18756,-8.008553627936312,-6.503999999999998
18757,2.339999999999999,2.1710510624002195
18758,10.423882476617184,12.51071497579125
18759,14.138252220404667,8.350121201202763
18760,-2.5760000000000014,8.154488875036474
18761,-0.8170990701061509,-2.471511124963525
18762,-6.1164547692055375,-12.646981546723339
18763,10.487882476617184,-0.7040000000000004
18764,-7.736779728691087,-14.56304629962317
18765,-19.926,23.940000000000005
18766,-5.762,-2.0335111249635256
18767,-6.6,-15.015511124963528
18768,-5.832,-2.8830328038040802
18769,2.9059999999999984,10.929999999999998
18770,13.455999999999998,13.796033655595371
18771,-8.244,-14.455761275414421
18772,-1.5480000000000007,21.497999999999998
18773,3.5059999999999993,-18.365285024208752
18774,-9.240867274298477,-6.354000000000001
18775,7.8,7.049051062400217
18776,4.938,-8.036948937599782
18777,3.6362522204046677,-4.761761275414419
18778,-2.8880000000000003,5.219999999999999
18779,1.0382522204046674,-14.499878798797235
18780,-3.9219999999999997,1.5480000000000005
18781,-3.473747779595331,13.190714975791249
18782,3.6480000000000006,-4.868000000000003
18783,-2.85,14.732
18784,-10.346,4.598121201202764
18785,7.42667333243169,-5.54223396180853
18786,13.971545230794458,17.512033655595374
18787,0.7019999999999993,3.868
18788,-2.386,-8.063999999999997
18789,-8.780779728691087,3.2342602065857093
18790,-0.7871980170620748,-8.009761275414423
18791,6.235882476617185,-8.068266570932085
18792,-12.851999999999999,-9.878944640170008
18793,-3.924000000000001,24.233999999999998
18794,3.7039999999999993,-11.542981546723336
18795,-2.096779728691087,11.797999999999998
18796,-5.2540000000000004,11.432000000000002
18797,-10.324000000000002,-17.99098154672334
18798,2.6270184532766647,-24.877739793414293
18799,3.0782261007547747,-34.37576127541442
18800,-5.886000000000001,18.662
18801,7.712000000000001,14.494238724585577
18802,11.61,-1.9537397934142882
18803,0.7422261007547742,17.812
18804,-7.048000000000002,-2.675761275414422
18805,-6.519773899245225,1.9290510624002182
18806,15.274000000000001,-15.719509055009752
18807,-0.023999999999999133,-4.4380000000000015
18808,5.348252220404669,11.367999999999999
18809,2.2019999999999995,-1.5619999999999998
18810,1.1919999999999988,20.448
18811,-4.418,15.02
18812,1.0995452307944622,21.948
18813,-5.443234497896624,-7.213930484323117
18814,2.1260000000000003,4.266033655595372
18815,4.575999999999999,18.79
18816,0.6447908558145056,13.892
18817,0.815545230794462,6.529999999999997
18818,-0.16509907010615024,-5.490000000000001
18819,7.736790855814505,31.836000000000002
18820,1.5859999999999992,-4.740860345520574
18821,1.3159999999999998,-6.840000000000002
18822,-6.410117523382814,-4.974000000000002
18823,-2.784,8.295999999999998
18824,8.314236654631808,4.1759999999999975
18825,-2.3537477795953317,3.5021212012027627
18826,-0.061747779595330954,-2.1615111249635244
18827,-4.8500875456073915,-8.381878798797239
18828,19.65,-2.7117397934142895
18829,-0.5220000000000006,-14.273878798797236
18830,10.862,-19.21576127541442
18831,-3.288117523382816,11.291999999999998
18832,0.7592202713089143,29.472
18833,5.368,14.491999999999996
18834,-6.216,-2.661999999999999
18835,-0.828,-1.6472850242087511
18836,-4.38,8.00871497579125
18837,3.8820000000000006,0.06603365559537196
18838,15.219999999999999,-20.56373979341429
18839,-9.579747779595332,8.12505106240022
18840,-4.418000000000001,-14.81498154672334
18841,2.1360000000000006,9.221999999999998
18842,15.081999999999999,17.318252220404666
18843,2.386,11.037999999999998
18844,0.964226100754775,-0.9680000000000002
18845,8.932236654631804,7.638
18846,0.20554523079446269,15.067999999999998
18847,10.508000000000001,9.244033655595372
18848,3.03,1.597999999999999
18849,-0.4939999999999995,3.09305106240022
18850,3.5839999999999987,14.619999999999996
18851,11.136226100754774,9.388
18852,-4.714,5.21203365559537
18853,2.5759999999999996,25.046
18854,-19.64277972869109,-16.880000000000003
18855,7.613882476617185,4.091018453276663
18856,4.599018453276664,-20.60872134013762
18857,4.302673332431691,8.954238724585581
18858,-5.289209144185494,10.191999999999997
18859,-2.957209144185493,15.665999999999997
18860,4.37,11.61505106240022
18861,2.3440000000000003,7.4799999999999995
18862,-2.7977738992452243,7.632
18863,-1.6144547692055375,-2.1140000000000025
18864,-0.7352344978966243,5.283999999999998
18865,-3.634981546723336,-7.853761275414422
18866,0.5239999999999988,-8.683258904558858
18867,5.931027510446312,5.056714975791249
18868,4.92,-14.367285024208746
18869,-10.176779728691088,-6.604000000000001
18870,-0.46776334536819436,12.581999999999999
18871,-0.9612091441854943,-14.096000000000004
18872,-4.182,11.275999999999998
18873,-3.3658508909755853,3.224238724585578
18874,-5.284000000000001,9.436260206585711
18875,1.4620000000000004,-16.270999148208713
18876,6.813999999999998,-3.96
18877,3.428,0.5821212012027616
18878,3.152,-3.920981546723337
18879,-3.934,20.368
18880,-1.4680000000000006,6.539051062400219
18881,-11.546228668450764,1.5221212012027625
18882,0.7219999999999992,-22.87718289940831
18883,-0.9897633453681933,15.762
18884,5.4079999999999995,0.8210184532766632
18885,-0.3720000000000006,-9.665761275414424
18886,-6.020000000000001,-2.6720000000000037
18887,-14.769763345368194,24.708
18888,16.174,-1.0410248176230383
18889,3.05,14.484
18890,-3.128000000000001,14.153018453276664
18891,3.6179999999999994,-12.32164007421166
18892,-4.976000000000001,9.981999999999998
18893,13.680000000000001,-1.4117612754144204
18894,-17.904000000000003,12.239999999999998
18895,5.3839999999999995,2.8719999999999986
18896,-3.345999999999999,7.8421212012027635
18897,-0.12199999999999989,-6.213897875199564
18898,1.7499999999999993,21.993999999999996
18899,-6.098000000000001,12.255999999999997
18900,7.279999999999999,-9.971761275414423
18901,2.934,1.8379999999999996
18902,-4.469999999999999,12.05
18903,0.6897818854262692,4.5360000000000005
18904,6.579999999999998,8.599018453276663
18905,-4.926553627936311,-10.254000000000001
18906,-2.666,15.651999999999997
18907,-3.5887797286910876,3.6299999999999977
18908,-8.566,-1.2689478911279644
18909,1.7267908558145055,-23.95551112496352
18910,-1.832,6.817051062400219
18911,0.9159999999999993,8.844238724585576
18912,1.4299999999999997,4.1647149757912505
18913,-1.1400000000000001,-3.2158787987972355
18914,3.335882476617184,1.8484888750364736
18915,2.863018453276665,12.586121201202761
18916,1.0522522204046687,7.648260206585709
18917,8.081999999999999,4.572714975791248
18918,-0.9279999999999994,19.475999999999992
18919,-1.8960000000000001,3.283018453276663
18920,8.447018453276664,-21.73725136861338
18921,0.9379124543926085,-1.1399999999999977
18922,-2.4739999999999993,0.5060000000000008
18923,-4.495763345368194,13.746238724585577
18924,-12.624,3.7922522204046687
18925,-10.407999999999998,-2.9377477795953313
18926,-0.536000000000001,15.448000000000002
18927,-1.1208672742984778,-19.62466306159974
18928,-10.553999999999998,-10.319477469368152
18929,7.035882476617185,-13.731389923760762
18930,-3.46,11.576714975791248
18931,-1.931999999999999,-9.200457992609532
18932,-15.88208754560739,-8.79502481762304
18933,8.356,-15.478903616420274
18934,4.938555809048876,0.6922602065857111
18935,4.2122261007547745,-5.299511124963526
18936,12.358252220404667,6.051999999999996
18937,-20.54,-9.212
18938,-0.06577389924522556,-4.202460062563307
18939,-7.062,8.194121201202762
18940,-5.698000000000001,29.374000000000002
18941,2.8959999999999995,-4.849258904558856
18942,4.887882476617186,16.58
18943,1.4479999999999995,8.19
18944,-0.916,4.424
18945,5.223912454392609,-0.6680000000000017
18946,-1.4672091441854938,6.779999999999999
18947,-1.6880000000000002,-10.38494893759978
18948,6.557999999999998,12.885999999999996
18949,-0.13200000000000003,3.7270184532766626
18950,-3.3720000000000008,21.836000000000002
18951,5.3515452307944615,8.109051062400217
18952,-6.508000000000001,5.618
18953,2.852,-3.2254955591906636
18954,-12.388,2.896
18955,0.37422610075477464,-11.251739793414284
18956,-2.1500000000000004,-3.3489815467233344
18957,4.75,-6.4257612754144215
18958,2.053882476617184,7.193999999999998
18959,7.531999999999999,11.620714975791248
18960,8.126,-18.247511124963527
18961,2.281912454392608,-10.868721340137624
18962,7.194,0.4239999999999995
18963,-4.8580000000000005,25.778000000000002
18964,3.8202261007547746,4.953999999999999
18965,-7.098779728691087,16.168121201202762
18966,-1.8498614448526163,-14.490000000000004
18967,2.7419999999999987,10.945999999999996
18968,-3.5460000000000007,17.541999999999998
18969,10.239999999999998,7.29426020658571
18970,-6.583773899245225,17.848000000000003
18971,5.727545230794462,5.897999999999998
18972,5.279912454392608,-1.901511124963524
18973,-10.516,12.341999999999999
18974,1.9732706736813341,14.376
18975,-1.910228668450764,1.5382602065857136
18976,3.16,-27.26993048432312
18977,8.322,-7.560827736397019
18978,0.4759999999999994,-10.63
18979,1.6659999999999997,7.371999999999997
18980,-1.9600000000000004,-12.289747779595334
18981,-4.514729326318665,5.5581212012027645
18982,-1.8239999999999992,-15.382
18983,6.606,13.806000000000001
18984,-3.5580000000000007,-3.1982665709320854
18985,6.3519999999999985,-22.620981546723335
18986,-7.905763345368195,15.09105106240022
18987,5.564236654631808,9.530000000000001
18988,0.9579999999999991,23.573999999999998
18989,-2.124,-25.833878798797237
18990,-7.644,3.2919999999999994
18991,0.13200000000000003,28.177999999999997
18992,1.759545230794462,-1.3638451432018652
18993,0.1519999999999996,-36.045966344404626
18994,4.0698824766171855,10.621999999999996
18995,-2.9977477795953313,0.8099999999999994
18996,2.5080000000000005,-26.78502224992705
18997,9.108,17.407999999999998
18998,3.6412202713089137,-12.114
18999,5.010226100754774,19.802
19000,0.8530184532766641,6.738488875036472
19001,3.2980000000000005,-23.11528502420875
19002,-5.982,10.098033655595371
19003,-17.973999999999997,16.454
19004,-5.352000000000001,14.783999999999997
19005,-3.509209144185494,6.540260206585711
19006,-0.8561175233828152,15.059999999999999
19007,-0.44320914418549434,-7.772948937599781
19008,-1.2520000000000018,-21.87928502420875
19009,2.015999999999999,12.873999999999999
19010,6.013999999999999,21.91
19011,13.192236654631808,6.722504440809336
19012,-5.462,18.192
19013,1.2259999999999998,27.863999999999997
19014,0.07501845327666494,12.588069515676882
19015,-3.423747779595331,15.126
19016,2.2579999999999996,10.130260206585712
19017,-4.472454769205537,7.292121201202764
19018,9.363999999999999,1.675999999999999
19019,16.362000000000002,-17.101509055009753
19020,-2.0780000000000003,-8.094948937599781
19021,8.378,-18.535999999999998
19022,-14.219773899245226,0.18223872458557794
19023,-6.3457633453681925,5.699051062400217
19024,0.041999999999999996,-17.87996634440463
19025,8.992236654631807,1.0779999999999994
19026,1.3659999999999999,4.005051062400216
19027,-1.5319999999999998,2.7499999999999973
19028,3.864,27.659999999999997
19029,6.921999999999999,14.892
19030,8.802252220404668,9.384
19031,7.185999999999998,19.1
19032,3.001102747926098,0.13471497579124972
19033,-14.046000000000001,3.7121212012027636
19034,1.5690184532766647,-1.9978787987972375
19035,2.6610184532766654,3.125999999999997
19036,6.256236654631808,5.918252220404668
19037,6.7362366546318055,-16.69951112496352
19038,-2.8579999999999997,-9.581747779595332
19039,10.453999999999999,5.8650510624002195
19040,0.41200000000000114,10.657999999999998
19041,4.382,21.22
19042,4.277999999999999,-4.482
19043,-1.2260000000000004,-0.29399999999999976
19044,-3.2879999999999994,3.2580336555953706
19045,-3.447999999999999,-11.909747779595332
19046,4.407999999999999,22.046
19047,-0.47600000000000015,15.709999999999999
19048,3.252,-9.497845143201866
19049,1.3339999999999996,-5.562948937599781
19050,4.106790855814505,7.056373421607432
19051,9.087018453276665,-11.494
19052,1.9779999999999998,-2.878981546723336
19053,-4.206454769205538,-31.123285024208748
19054,7.587999999999999,4.367999999999998
19055,0.2560000000000002,-2.4237397934142892
19056,-2.6240000000000006,4.427999999999998
19057,-1.8200875456073924,-0.6315111249635251
19058,14.966,-1.0298978751995633
19059,2.5219999999999994,9.850260206585713
19060,0.6355452307944617,6.877051062400218
19061,-8.370779728691087,-13.52751898601728
19062,2.261581711629012,8.526
19063,4.6832202713089135,-9.917932688809255
19064,2.5179999999999993,22.089999999999996
19065,1.003018453276665,-6.555706137818916
19066,-8.994,20.604260206585714
19067,-3.9,-7.14502224992705
19068,-8.408981546723336,16.448
19069,3.912,6.824
19070,1.4559999999999995,-7.782981546723337
19071,3.7699999999999987,-5.264
19072,-0.110117523382816,-0.015739793414287818
19073,0.4102522204046686,13.733999999999998
19074,2.276673332431691,4.396488875036476
19075,-3.3485275082864177,3.9519999999999995
19076,6.156000000000001,19.793999999999993
19077,7.935999999999998,8.279999999999998
19078,6.05,-0.6339663444046287
19079,6.106,25.394
19080,2.079882476617185,-20.767999999999997
19081,-2.7560875456073917,-10.08774777959533
19082,-0.07200000000000024,8.900260206585713
19083,4.2700000000000005,-7.013966344404629
19084,12.527999999999999,-28.13750905500975
19085,1.6739999999999988,22.670000000000005
19086,-15.028779728691086,-14.847739793414288
19087,-6.956,-8.255747779595334
19088,3.1255452307944624,-0.7249489375997825
19089,3.0275452307944613,11.280252220404666
19090,-2.672744892091529,2.4241212012027615
19091,5.810236654631806,14.698033655595367
19092,0.8219999999999988,4.136000000000001
19093,5.954000000000001,17.576
19094,-13.712,-17.521511124963524
19095,1.6915452307944627,5.909999999999998
19096,-5.229209144185493,26.465999999999998
19097,0.4379999999999997,-7.052000000000001
19098,-11.769209144185496,7.173999999999998
19099,3.5087908558145045,13.312000000000001
19100,1.9850184532766648,-14.121511124963524
19101,-2.6437738992452258,-4.929747779595333
19102,-1.4404547692055387,-11.46387879879724
19103,6.749545230794462,-20.351999999999997
19104,-6.599209144185494,24.214
19105,6.721545230794462,-5.47294893759978
19106,0.08799999999999955,5.522238724585578
19107,-5.792000000000001,7.465999999999997
19108,-10.216087545607392,-18.03148757300962
19109,-12.602779728691086,-7.263966344404627
19110,-11.52,3.560000000000001
19111,-9.772867274298477,-20.058233961808533
19112,-1.3939999999999995,4.219999999999997
19113,6.208,12.111999999999998
19114,-3.3947797286910864,-2.1620000000000004
19115,5.148,17.57
19116,1.6825636840711273,7.6019999999999985
19117,0.6630184532766649,-11.640570048417498
19118,3.3920171736390388,-1.9560000000000017
19119,-3.7700000000000005,11.267999999999999
19120,-9.755773899245225,-0.7379663444046273
19121,-2.574972489553687,-4.498742822137758
19122,-5.44,-4.681966344404628
19123,5.764,8.120488875036473
19124,0.2622261007547756,-18.61069671719511
19125,5.060790855814505,14.480252220404669
19126,0.22823665463180606,-10.881761275414423
19127,0.15999999999999873,3.2379999999999987
19128,0.6219999999999999,10.794488875036475
19129,-7.309773899245227,-2.659878798797238
19130,1.61,-4.284710213014203
19131,-2.5540000000000007,-1.0580000000000023
19132,0.6540000000000006,16.163999999999998
19133,3.064226100754774,6.2367149757912514
19134,7.925999999999999,-14.477285024208749
19135,2.0695452307944615,-30.261285024208746
19136,-1.2040000000000006,-0.006233961808531774
19137,6.273999999999998,-0.7257477795953324
19138,-2.06,3.225999999999998
19139,8.437999999999999,27.625999999999998
19140,1.145220271308914,14.931999999999999
19141,-6.344454769205537,-6.022
19142,1.9039999999999992,4.296260206585711
19143,-1.3247797286910867,-19.13971412399996
19144,2.287999999999999,14.492
19145,-10.890117523382816,16.639999999999997
19146,-32.604,0.6239999999999993
19147,0.024252220404667922,9.485018453276664
19148,-3.2649815467233347,21.506
19149,-19.112000000000002,8.974
19150,14.399018453276664,-1.7795111249635256
19151,4.801999999999998,1.2363599257883415
19152,5.975999999999999,22.174
19153,3.9899999999999993,25.516
19154,-8.022779728691086,11.469051062400217
19155,-20.205999999999996,15.506260206585713
19156,5.114,-0.6437612754144254
19157,-2.488000000000001,-8.595285024208753
19158,10.179545230794462,13.743999999999996
19159,3.252000000000001,-21.831878798797238
19160,6.057882476617184,-6.070981546723334
19161,2.115545230794462,13.8
19162,-0.008000000000000363,-8.734
19163,-5.720202548800869,22.676
19164,8.994,8.687999999999999
19165,14.969999999999999,-1.5469815467233374
19166,-3.655763345368194,-11.776981546723338
19167,3.2020000000000004,28.634000000000004
19168,6.160000000000001,-8.858
19169,-4.014779728691086,13.627999999999997
19170,0.08788247661718458,-6.133285024208749
19171,-0.1780000000000001,-7.779761275414424
19172,-1.168,14.832488875036471
19173,5.093999999999999,-1.153966344404629
19174,-8.012,-2.8097397934142894
19175,7.212000000000001,5.487018453276663
19176,-0.43200000000000005,4.221051062400219
19177,-6.760000000000001,9.074
19178,-3.7520000000000002,-13.48928502420875
19179,4.950000000000001,-10.954
19180,0.5570184532766644,1.0099999999999993
19181,5.766,8.945999999999998
19182,-4.386454769205537,-11.146948937599785
19183,4.540236654631807,16.514
19184,-2.822,-3.036266570932085
19185,2.7479999999999998,-1.7889815467233376
19186,-5.63374777959533,16.323018453276667
19187,-5.356454769205538,16.087051062400217
19188,-7.48208754560739,-7.019878798797239
19189,-1.9839999999999989,-11.002981546723337
19190,-0.48600000000000065,-3.028000000000002
19191,1.3319999999999994,-3.7894774693681534
19192,-2.477763345368193,-4.787999999999999
19193,2.453018453276664,-2.2699663444046294
19194,2.415882476617184,28.671999999999997
19195,0.42023665463180643,-4.405999999999997
19196,-0.7740000000000006,4.243999999999998
19197,15.27,-11.582981546723337
19198,-4.593747779595331,2.3019999999999974
19199,-10.802,-0.47596634440462965
19200,4.276000000000001,-10.959761275414422
19201,-4.858,-8.02328502420875
19202,3.6059999999999994,-2.282000000000001
19203,-0.31400000000000006,24.726
19204,-9.615850890975585,3.682000000000001
19205,-2.2320000000000007,-3.7117061378189162
19206,-1.0259999999999994,-1.591878798797238
19207,-7.387209144185495,-5.139761275414422
19208,-3.053209144185494,10.437999999999999
19209,-2.5780000000000003,-3.8877477795953297
19210,4.026000000000001,-10.648721340137623
19211,-7.460000000000001,12.162121201202762
19212,1.8292202713089138,19.931999999999995
19213,0.6202366546318074,-17.290721340137623
19214,-0.2297633453681936,-13.681285024208751
19215,7.930252220404668,-31.835046299623173
19216,-1.39,-9.335272400377946
19217,5.901999999999999,5.825051062400217
19218,1.2079999999999995,1.101999999999998
19219,-1.691999999999999,6.040260206585713
19220,3.2920000000000003,-15.542000000000002
19221,9.150236654631806,-3.583966344404628
19222,-4.023999999999999,-7.713501068828708
19223,6.806,14.371051062400218
19224,-2.3225423148129294,-13.445285024208747
19225,18.628,2.443999999999999
19226,-4.024000000000001,0.13799999999999812
19227,-0.8822050689902067,2.2520000000000038
19228,5.486,-16.147999999999996
19229,-1.8520875456073926,8.047999999999998
19230,0.9682261007547754,20.913999999999998
19231,-8.150000000000002,-19.375999999999998
19232,-1.4340000000000004,12.826033655595372
19233,2.65,-25.87067287801574
19234,2.5740000000000003,3.683999999999999
19235,-0.01600000000000055,25.314000000000004
19236,6.258,6.79012120120276
19237,10.98,-20.693878798797233
19238,-0.06977389924522512,3.9739999999999993
19239,3.0524627553865815,1.180000000000001
19240,10.331999999999999,11.870000000000001
19241,-4.980779728691085,31.845999999999997
19242,-0.6520000000000004,7.006033655595374
19243,-1.2709815467233345,-1.4138451432018642
19244,-2.590205068990206,-13.131511124963524
19245,13.567999999999998,-0.17996634440462742
19246,11.474,-16.337163823005987
19247,-2.7797477795953305,10.094
19248,1.0521385551473834,3.791051062400217
19249,0.9579999999999995,-18.21502481762304
19250,2.6599124543926083,4.8839999999999995
19251,-3.287773899245225,-21.106947891127962
19252,0.30301845327666505,0.879018453276666
19253,-1.8040000000000007,0.21025222040466787
19254,-4.750000000000001,8.413999999999998
19255,0.5819999999999987,14.504260206585709
19256,11.863999999999999,-11.779747779595333
19257,14.592000000000002,15.287999999999997
19258,-3.6889815467233347,-7.088000000000001
19259,-3.170000000000001,1.7282522204046658
19260,0.8827033102071145,4.067999999999996
19261,-2.8832091441854937,20.235999999999997
19262,-0.9379999999999995,16.233999999999998
19263,5.101999999999999,9.491999999999999
19264,1.3219999999999996,-4.007878798797237
19265,3.8179999999999987,-0.45674282213775685
19266,-0.07420506899020696,-16.04125890455886
19267,-1.6299999999999997,-2.008000000000001
19268,-5.206553627936311,-1.3617397934142885
19269,2.646488875036476,-1.2404600625633075
19270,10.303999999999998,-16.641739793414285
19271,-0.9060000000000006,12.974033655595372
19272,4.221545230794462,12.423999999999996
19273,8.177220271308913,10.46705106240022
19274,-3.8979999999999997,2.8339999999999974
19275,-5.9817633453681935,28.218
19276,1.0959999999999988,8.728000000000003
19277,7.805999999999999,15.223999999999998
19278,2.1292202713089123,-7.1288603455205735
19279,6.961999999999999,-10.644
19280,-1.9559999999999995,-11.464
19281,2.237999999999999,14.12203365559537
19282,11.038,9.102
19283,1.9399999999999995,6.255999999999999
19284,3.6252202713089132,0.2899999999999995
19285,-5.906000000000001,-13.471761275414426
19286,0.2882522204046687,4.2799999999999985
19287,6.872,-1.6197477795953326
19288,6.346,-10.071479586828575
19289,7.091912454392608,8.66
19290,2.007999999999999,-10.593999999999998
19291,-0.5412091441854943,5.924154856798136
19292,-0.20877972869108596,-6.655032803804083
19293,7.668000000000001,-1.3699999999999999
19294,5.662,-0.9820000000000022
19295,-12.629999999999999,4.328000000000001
19296,4.291999999999999,-10.348981546723335
19297,-4.0040000000000004,-14.113999999999999
19298,-2.4147797286910877,8.01825222040467
19299,-4.880000000000001,11.383999999999999
19300,-3.9337612754144224,13.568000000000001
19301,-6.7700000000000005,12.896488875036473
19302,-6.155763345368193,9.60003365559537
19303,-7.46408754560739,22.755999999999997
19304,3.7320000000000015,-4.390981546723337
19305,-11.305763345368193,2.738033655595371
19306,-2.762981546723335,14.799999999999997
19307,-0.39474489209152885,-22.509878798797235
19308,-2.2395292163691782,8.966
19309,0.38623665463180695,16.896000000000004
19310,-7.735209144185494,30.936
19311,-6.299763345368193,14.167999999999997
19312,2.1182366546318065,7.791999999999997
19313,-2.499747779595331,7.6744888750364755
19314,-2.9820000000000007,14.999051062400216
19315,4.053999999999999,15.97905106240022
19316,4.454000000000001,-5.599897875199565
19317,0.13025222040466905,-15.222981546723338
19318,3.8239999999999994,5.120488875036473
19319,3.110000000000001,13.627999999999997
19320,-0.808454769205538,-13.117250918377811
19321,-3.6719999999999997,-1.8239999999999994
19322,-0.5620000000000005,1.4079999999999977
19323,5.2299999999999995,13.674000000000001
19324,4.317882476617184,0.881999999999999
19325,-4.779773899245225,-2.919878798797239
19326,2.9159999999999995,-2.054000000000003
19327,1.3699999999999988,13.134
19328,-4.3759999999999994,14.705999999999998
19329,8.989999999999998,-15.063250918377813
19330,2.344,-0.8877397934142905
19331,15.067999999999998,10.947999999999999
19332,9.437999999999999,14.09
19333,5.243999999999998,4.236033655595371
19334,-5.223747779595331,-8.122
19335,-12.256000000000002,-2.693511124963524
19336,-0.024000000000000955,-2.4937397934142895
19337,15.577999999999998,9.378
19338,0.020252220404668186,16.663999999999998
19339,7.8980000000000015,-1.5009815467233352
19340,-0.9029095384110757,3.70412120120276
19341,11.522,12.66426020658571
19342,10.706,15.65023872458558
19343,-1.8580000000000012,17.944
19344,-5.932981546723335,-1.7840000000000007
19345,-4.268454769205539,10.125999999999998
19346,-1.7020000000000006,6.049999999999999
19347,-11.884981546723335,-12.395761275414422
19348,9.216,-8.107272400377948
19349,-3.2340000000000004,-8.400948937599779
19350,9.57,3.766238724585578
19351,-2.942000000000001,20.465999999999998
19352,2.813999999999999,4.402
19353,6.081999999999999,-1.9680000000000006
19354,6.591999999999999,1.636
19355,6.539999999999999,2.8242602065857114
19356,1.6519999999999997,-5.472266570932085
19357,12.248,14.439999999999998
19358,-3.624000000000001,5.0059999999999985
19359,-1.508981546723335,6.656000000000001
19360,1.3079999999999992,0.046121201202763015
19361,-1.7467797286910858,-22.71
19362,-0.3500000000000002,-9.758981546723337
19363,-1.9537738992452258,-14.353163823005985
19364,2.2919999999999985,-11.257747779595332
19365,5.698,-6.008948937599781
19366,1.273220271308913,-12.313761275414421
19367,-2.476,-24.645511124963523
19368,-4.178454769205539,12.841051062400217
19369,-4.112779728691086,-17.851999999999997
19370,-9.838,-5.579626578392568
19371,4.613999999999999,13.844
19372,6.642,23.037999999999997
19373,-1.3932091441854935,3.16812120120276
19374,2.3999999999999995,-7.680428524428356
19375,-1.3829815467233355,9.198488875036475
19376,7.398252220404669,16.99105106240022
19377,-0.8877477795953312,-8.573739793414287
19378,2.377999999999998,-4.752000000000001
19379,1.8599999999999988,13.077999999999998
19380,-7.347747779595332,-12.678981546723335
19381,5.571018453276665,-2.5700000000000016
19382,-5.74,22.862000000000002
19383,-3.4449830434307187,23.699999999999996
19384,4.735882476617185,-6.366000000000001
19385,-3.979773899245225,6.072
19386,-2.918,-0.1680000000000028
19387,3.0419999999999994,0.4019999999999996
19388,3.2680000000000007,-0.5000000000000007
19389,-5.242981546723336,18.242
19390,5.32,-8.997747779595333
19391,5.568,10.443999999999999
19392,6.491999999999999,-19.79912971717505
19393,7.932236654631808,7.011999999999998
19394,0.051999999999999956,-6.737511124963525
19395,8.008226100754774,1.8460000000000036
19396,0.8539999999999995,-0.09294893759978207
19397,11.081999999999999,0.5079999999999985
19398,-1.968,12.392238724585578
19399,1.0282366546318065,-0.5659999999999996
19400,-5.63,-5.6499630934466705
19401,3.8320000000000007,1.6982522204046682
19402,0.8240000000000013,10.202488875036474
19403,0.47646275538658145,-3.5092513686133797
19404,-2.5137477795953314,3.340121201202762
19405,-5.956000000000001,3.800033655595371
19406,1.4922261007547744,0.4320000000000007
19407,-0.4799999999999997,17.068
19408,3.8672202713089137,-17.665479586828575
19409,-0.10999999999999996,-19.988266570932087
19410,2.8619999999999997,-6.419251368613378
19411,2.1377649532343694,-11.462000000000002
19412,14.556000000000001,3.8239999999999967
19413,1.4850184532766648,-22.156981546723337
19414,5.43,-4.083747779595333
19415,6.843999999999999,26.431018453276664
19416,4.522,-18.276207842158637
19417,9.6,-1.6672589045588553
19418,0.897882476617184,-19.993757597594474
19419,4.459882476617184,-0.23646006256330737
19420,2.61,-5.876981546723338
19421,6.145999999999999,8.295999999999998
19422,-0.07000000000000099,-18.373706137818914
19423,0.10679085581450636,-12.17904629962317
19424,-0.8029815467233355,-8.593739793414288
19425,-1.0320000000000007,6.024000000000001
19426,-3.167209144185493,-10.796000000000003
19427,-1.092,-12.933761275414422
19428,-0.6000000000000003,11.960121201202762
19429,2.6719999999999997,13.954714975791251
19430,-15.854,15.586121201202763
19431,-1.350000000000001,-6.645963093446672
19432,5.914,6.836000000000001
19433,13.892236654631807,-17.763878798797236
19434,-2.1220000000000008,-9.82328502420875
19435,2.0519999999999983,13.727999999999998
19436,5.7527908558145056,5.135203850827726
19437,-3.426779728691087,6.053051062400219
19438,0.7550184532766644,7.728252220404668
19439,1.2340000000000002,-9.45704629962317
19440,-5.140000000000001,25.32
19441,-7.341999999999999,8.540000000000001
19442,-20.068981546723336,5.618238724585579
19443,9.350000000000001,-2.5038787987972366
19444,-2.6717477795953313,19.623999999999995
19445,3.079999999999999,-24.610710213014205
19446,-7.790505833978379,-9.910915282004407
19447,-11.39,-0.0659999999999998
19448,-1.697999999999999,22.247999999999998
19449,11.934,21.965999999999998
19450,1.1427033102071134,-2.798981546723336
19451,-2.4199999999999995,10.43271497579125
19452,-1.9300000000000004,17.746
19453,3.4959999999999987,-19.88576127541442
19454,-0.8221175233828152,9.941999999999998
19455,0.7482366546318066,-3.5577061378189163
19456,3.8980000000000006,-12.320000000000004
19457,-5.03,-0.15599999999999953
19458,5.418,21.151999999999997
19459,7.223999999999998,-2.9199999999999995
19460,0.9207908558145057,-0.8997612754144242
19461,-8.722,-10.681761275414422
19462,-2.577427258759225,11.753999999999996
19463,-3.2680000000000007,-20.215761275414422
19464,13.52,12.086033655595369
19465,4.2879999999999985,13.42412120120276
19466,-2.8980000000000006,-4.57728502420875
19467,-20.068,32.432
19468,0.2559999999999992,-6.326000000000002
19469,-0.2019999999999996,-3.3579663444046277
19470,6.026000000000001,24.628
19471,-2.319209144185495,-8.875032803804082
19472,5.5040000000000004,8.498
19473,-1.5279999999999994,17.048
19474,-7.136,-22.012981546723335
19475,-4.462,6.7382602065857125
19476,1.2495452307944626,-3.290000000000002
19477,5.167999999999999,-14.472000000000003
19478,8.891018453276665,14.4
19479,-2.766000000000001,3.067999999999999
19480,7.049545230794462,0.24599999999999866
19481,6.107999999999999,31.851999999999997
19482,-4.784000000000001,-2.0062339618085305
19483,2.323545230794462,-9.88596634440463
19484,-0.9080000000000006,2.72
19485,-5.272,-3.2897477795953316
19486,-0.8839999999999992,7.54105106240022
19487,2.7380000000000004,19.694
19488,-2.6060000000000003,-5.897999999999999
19489,-6.405747779595332,6.189999999999996
19490,8.244790855814504,-2.1892509183778133
19491,14.101999999999999,1.2902387245855784
19492,-7.131209144185495,2.276000000000001
19493,7.046000000000001,-6.603739793414289
19494,-8.191209144185494,-15.553747779595332
19495,0.30791245439260917,3.274238724585577
19496,7.014,-3.29
19497,4.574000000000001,7.526714975791251
19498,13.687999999999999,12.228
19499,5.947220271308914,-9.653495559190663
19500,2.5630184532766647,10.289999999999997
19501,-4.732,-27.17668873101407
19502,-1.913773899245226,5.055999999999999
19503,9.19,11.439999999999998
19504,7.821999999999998,8.707999999999998
19505,-6.257773899245226,-4.561479586828577
19506,1.2090184532766635,14.187999999999997
19507,9.251882476617185,3.796714975791248
19508,-9.37798887287658,-8.579024817623036
19509,-2.910000000000001,8.458488875036476
19510,7.63,5.121999999999997
19511,1.2827908558145054,10.629999999999999
19512,-0.2720875456073909,-13.259966344404626
19513,8.388,2.360033655595372
19514,3.04,9.846
19515,3.9,17.564
19516,2.1559124543926083,-29.870000000000005
19517,0.5582366546318063,-10.005757597594473
19518,10.28,-5.732948937599782
19519,-7.92608754560739,28.194
19520,-6.091269458435887,-10.027999999999999
19521,5.624,-1.9152513686133787
19522,-3.3741175233828145,7.3204888750364745
19523,5.2799999999999985,4.944238724585579
19524,-2.0759999999999996,10.9
19525,4.589999999999999,0.6870184532766658
19526,9.54,16.695999999999998
19527,-6.179535174659646,11.352714975791251
19528,0.8421646747972769,25.433999999999997
19529,-7.402000000000001,16.657999999999998
19530,-4.174981546723335,-15.695285024208749
19531,-3.970000000000001,8.801999999999998
19532,3.648252220404669,27.042
19533,2.382252220404669,20.014
19534,-13.714000000000002,-23.077878798797236
19535,-4.292,0.0
19536,0.04423665463180626,-3.540000000000002
19537,-5.780981546723336,15.408488875036474
19538,-1.9220000000000006,9.552000000000001
19539,5.270236654631807,6.183999999999999
19540,-4.476454769205539,2.8479999999999985
19541,2.0059999999999993,2.015999999999999
19542,1.2379999999999995,3.2540000000000013
19543,10.905999999999999,-6.109747779595334
19544,-6.880000000000001,-8.541966344404628
19545,-0.12600000000000086,-3.8800000000000003
19546,1.179545230794462,17.711999999999996
19547,1.623220271308913,-7.15150106882871
19548,-1.3672955780857812,5.5520336555953715
19549,-3.6720000000000006,-9.474981546723336
19550,-16.812,14.994
19551,1.9262261007547745,30.667999999999996
19552,0.8359999999999989,-4.189966344404627
19553,3.5639999999999987,0.9170510624002169
19554,-13.581999999999999,12.162
19555,-3.5260875456073917,10.838252220404668
19556,-2.77,10.623999999999999
19557,-4.912000000000001,2.232121201202763
19558,2.974,7.64671497579125
19559,-14.72621811457373,6.319999999999998
19560,3.867912454392608,-1.3477397934142885
19561,1.2841085773719598,-26.15576127541442
19562,5.8580000000000005,-2.8389815467233355
19563,-3.414,-1.0515111249635247
19564,8.257882476617185,13.000488875036472
19565,-3.0044547692055383,3.871999999999999
19566,0.06999999999999984,-13.311757597594475
19567,-16.072087545607392,29.019999999999992
19568,-6.9300000000000015,-12.443761275414422
19569,2.6619999999999995,2.3040000000000007
19570,-3.308000000000001,4.095018453276663
19571,2.6270184532766643,-4.744
19572,4.4782366546318055,8.27826020658571
19573,-0.6237738992452254,-15.162003796650385
19574,8.829999999999998,9.696000000000002
19575,4.5200000000000005,13.209999999999999
19576,8.627882476617184,-7.195285024208751
19577,6.953999999999999,-1.8909815467233357
19578,-1.8757477795953315,-2.5380000000000003
19579,5.567882476617185,-2.0137612754144216
19580,9.440000000000001,13.684033655595371
19581,5.617018453276665,18.921999999999997
19582,-1.5979999999999994,7.928033655595373
19583,-2.139773899245225,7.820714975791253
19584,4.73554523079446,-9.002450006428491
19585,-0.4960000000000008,-5.920948937599781
19586,1.5599999999999996,12.394
19587,-2.1579999999999995,-1.3457477795953312
19588,1.008226100754775,10.913999999999998
19589,-0.5280000000000011,14.955018453276661
19590,-8.166,0.3300336555953713
19591,3.8072202713089127,-2.6077612754144224
19592,4.448,-8.672000000000002
19593,11.354,3.306000000000002
19594,6.2264522015095505,8.770121201202763
19595,-2.684981546723335,-3.3297397934142894
19596,-0.7580000000000009,13.106
19597,-7.6237477795953295,4.207999999999998
19598,1.876,11.976000000000003
19599,10.848,3.4799999999999995
19600,8.364236654631807,19.32
19601,-1.856000000000001,5.217999999999999
19602,-2.6740000000000004,4.692714975791252
19603,2.2952202713089136,-6.9695090550097545
19604,0.37222610075477525,1.4307149757912505
19605,-6.549747779595331,23.859999999999996
19606,-0.5880000000000006,-0.39898154672333563
19607,1.2982366546318067,3.260238724585578
19608,-1.0500000000000007,6.880252220404668
19609,-16.161773899245226,-2.047761275414423
19610,2.661999999999999,6.9159999999999995
19611,9.709999999999999,-13.149024817623038
19612,-0.47552167884055657,12.986
19613,-3.172087545607391,11.603999999999997
19614,8.923999999999998,5.613999999999999
19615,7.934226100754776,24.218000000000004
19616,3.9459999999999993,17.314
19617,0.7600000000000009,14.283999999999997
19618,-3.9157738992452247,2.335018453276663
19619,0.3762261007547746,3.122252220404667
19620,-1.5560000000000005,-6.758233961808531
19621,13.071999999999997,-7.308
19622,0.24782490878521699,10.443999999999999
19623,16.589999999999996,30.191999999999997
19624,3.282,7.845018453276666
19625,0.3239999999999995,8.469999999999999
19626,-5.353999999999999,-6.519739793414288
19627,1.6460000000000004,10.93
19628,-4.307747779595331,1.6630510624002184
19629,-4.148117523382815,-10.940981546723334
19630,-0.6110990701061507,-4.461285024208752
19631,12.294,6.717999999999999
19632,-9.821988872876581,21.54
19633,1.0339999999999994,6.3230510624002205
19634,0.9440000000000003,-5.619747779595331
19635,7.135999999999998,1.5059999999999991
19636,-4.806779728691087,-6.3537276198190495
19637,-5.276000000000001,3.641051062400217
19638,12.026,9.34
19639,-1.2799999999999998,-6.415182899408312
19640,2.0819999999999994,-17.547258904558856
19641,-0.23200000000000073,-1.5018787987972373
19642,2.6399999999999997,1.9902522204046675
19643,3.103545230794462,7.639051062400219
19644,-10.693747779595332,-8.109739793414288
19645,-3.6137633453681937,-31.229761275414422
19646,-0.5400875456073913,9.924000000000001
19647,-7.284000000000001,2.4379999999999966
19648,-8.256981546723337,23.494
19649,0.2259999999999998,19.046
19650,0.36988247661718354,0.7047149757912508
19651,-0.18208754560739138,-13.30102481762304
19652,-12.192,20.509999999999998
19653,1.626,14.491999999999999
19654,-8.204418288370988,5.191999999999998
19655,1.465220271308914,-17.469251368613378
19656,2.002,4.487999999999997
19657,1.4700000000000002,-5.529739793414289
19658,5.318,-1.6712850242087491
19659,1.2782522204046696,-1.2720000000000014
19660,4.856,1.7779999999999994
19661,3.6459999999999986,-10.96494893759978
19662,2.7124627553865817,20.779999999999998
19663,3.8290275104463127,-5.612
19664,0.8660000000000003,3.742252220404667
19665,-0.4160000000000007,-23.245747779595327
19666,-5.464000000000003,-5.784000000000001
19667,2.878236654631806,12.868
19668,7.455545230794463,14.974
19669,6.4178824766171845,5.77826020658571
19670,-2.2760000000000007,-13.777777695895612
19671,-6.514,-2.264000000000003
19672,-6.632,30.791999999999994
19673,-3.008000000000002,20.09
19674,14.901999999999997,-7.822721340137624
19675,3.1379999999999995,10.954238724585576
19676,12.482,-12.469511124963521
19677,-3.031069092330727,17.735999999999997
19678,4.141999999999998,-26.1747102130142
19679,-4.081209144185494,-2.5877612754144215
19680,6.322,19.314
19681,-5.96774777959533,10.39
19682,6.036236654631806,20.065999999999995
19683,4.614790855814506,7.889999999999999
19684,-4.954779728691086,-8.052000000000001
19685,4.061999999999999,-10.577878798797238
19686,2.258,2.6002387245855756
19687,6.230790855814506,-8.086221337977728
19688,-0.8019999999999998,-6.992796149172273
19689,4.528236654631806,11.432000000000002
19690,6.294,24.58
19691,4.526000000000002,17.73412120120276
19692,6.666236654631807,-12.035032803804082
19693,-10.538000000000002,1.5739999999999976
19694,-12.234117523382816,10.55
19695,-1.3424547692055389,8.766
19696,7.42,-2.8417612754144246
19697,-6.2440000000000015,11.416252220404669
19698,1.8839124543926087,-3.4452850242087494
19699,-4.714,13.613999999999999
19700,-1.9499999999999997,14.264000000000001
19701,1.6499999999999992,-0.856000000000002
19702,2.9240000000000004,-9.380000000000004
19703,0.7260000000000006,-13.228
19704,7.749999999999998,-1.2920000000000003
19705,-2.388000000000001,18.578
19706,-12.446000000000002,-17.856266570932085
19707,-7.0309815467233365,9.669999999999998
19708,-4.715999999999999,-3.665747779595331
19709,-4.506228668450762,-10.810000000000002
19710,10.617999999999999,-12.047761275414425
19711,-9.318779728691087,16.915999999999997
19712,6.632000000000001,-10.241761275414422
19713,3.5779999999999985,-3.5339999999999976
19714,-2.5498653029781453,6.267999999999999
19715,-3.1780000000000017,21.869999999999997
19716,-5.666000000000002,36.18000000000001
19717,-3.306000000000001,-4.30128502420875
19718,14.841999999999995,3.9179999999999993
19719,-5.142,0.21199999999999902
19720,3.775999999999999,9.638
19721,-1.418,-1.5040000000000013
19722,5.987999999999998,20.915999999999997
19723,-0.5520000000000007,-4.0368277363970195
19724,-2.3020000000000005,4.497999999999999
19725,-5.572867274298478,-2.366000000000001
19726,0.5039999999999987,9.172
19727,1.8450184532766642,2.5839999999999996
19728,-1.6907797286910866,1.2199999999999975
19729,-7.994981546723336,-6.163272400377947
19730,5.179882476617184,-12.4
19731,3.166236654631807,3.598260206585711
19732,1.166,-4.484915282004408
19733,0.22200000000000059,-6.585761275414422
19734,6.508000000000001,2.4760000000000004
19735,10.917018453276665,-6.193032803804082
19736,-0.8260000000000005,4.6684888750364735
19737,7.821999999999998,29.339999999999996
19738,4.294,8.961999999999998
19739,-4.8260000000000005,10.697999999999999
19740,6.540000000000001,-2.0575111249635265
19741,7.3,7.924000000000001
19742,8.966,18.326
19743,-1.1292091441854943,22.812
19744,12.836236654631808,-7.577727619819049
19745,4.864,8.526714975791249
19746,-8.522,19.75
19747,4.516236654631807,2.1442602065857126
19748,5.321999999999998,8.538252220404669
19749,3.8599999999999994,-4.764
19750,-12.333763345368194,0.23999999999999755
19751,2.3602522204046688,10.44
19752,10.780000000000001,-7.818000000000003
19753,4.558790855814506,23.062
19754,-7.4159999999999995,16.403018453276665
19755,-7.564,8.072
19756,3.8620000000000005,-14.947999999999999
19757,-4.214,-19.301932688809256
19758,-11.32,16.125999999999998
19759,10.596,1.4444888750364733
19760,2.1699999999999995,-8.275022249927051
19761,-1.3249815467233348,7.677018453276664
19762,4.563999999999998,-4.475739793414289
19763,7.114226100754775,24.68
19764,-3.1819999999999986,-5.671501068828709
19765,0.2959999999999997,-5.681511124963525
19766,-0.47399999999999987,21.035999999999994
19767,5.618,-11.899511124963526
19768,-6.4159999999999995,10.270252220404668
19769,7.581999999999999,-26.035761275414423
19770,-1.725999999999999,-6.8475111249635265
19771,-6.746087545607392,-3.1800000000000015
19772,1.148226100754775,12.912033655595371
19773,2.7224627553865814,-21.61373979341429
19774,1.798,6.075766038191469
19775,-8.246779728691086,10.216
19776,-7.622,-14.341739793414286
19777,7.600000000000001,4.312359925788341
19778,-6.1480000000000015,2.5660336555953713
19779,7.228,4.450121201202763
19780,3.9282522204046693,-6.9220000000000015
19781,-1.2897633453681938,-6.283878798797238
19782,-4.053999999999999,-2.8889815467233353
19783,2.826,1.9542522204046677
19784,4.1979999999999995,13.362
19785,3.318,20.954
19786,0.5719999999999998,-22.825739793414286
19787,5.274119131248992,4.224033655595373
19788,2.864,18.07
19789,0.615999999999999,3.8919999999999995
19790,3.1102366546318074,5.348033655595371
19791,8.569781885426268,-3.332000000000002
19792,-0.009773899245225693,4.181289786985799
19793,-7.618,-9.625285024208749
19794,9.674,-12.846981546723338
19795,2.1759999999999997,4.245018453276662
19796,5.922,-14.984981546723333
19797,-8.48,-8.58576127541442
19798,3.9560000000000004,3.309018453276664
19799,-5.481999999999999,-7.489285024208748
19800,0.5419999999999984,10.51
19801,4.8260000000000005,1.8904888750364741
19802,9.854,-14.801509055009754
19803,-6.288117523382815,7.696
19804,-14.363773899245226,2.219018453276662
19805,4.481999999999999,0.8079999999999984
19806,3.404,34.99399999999999
19807,-6.647747779595332,1.7310184532766626
19808,4.354226100754775,-17.75374777959533
19809,0.7239999999999995,-13.197747779595328
19810,-0.4560875456073921,2.9679999999999973
19811,11.651912454392608,22.628
19812,-7.696000000000001,2.633507328313138
19813,12.929999999999998,1.7919999999999974
19814,-19.136000000000003,35.5
19815,8.081999999999999,10.43071497579125
19816,-4.410000000000001,30.913999999999998
19817,4.273999999999999,-1.9542339618085307
19818,-0.04011752338281553,-7.351999999999999
19819,-0.2700000000000003,14.565999999999997
19820,4.412000000000001,-13.396
19821,0.4259999999999991,-6.841285024208749
19822,10.909999999999998,-5.385878798797235
19823,6.008,-0.06000000000000085
19824,-16.415999999999997,4.5830184532766625
19825,10.123999999999999,-3.5489489375997807
19826,0.10999999999999961,11.231999999999996
19827,-3.7,-0.36973979341428914
19828,-8.794,-18.235845143201864
19829,-0.37808754560739183,-9.345878798797237
19830,0.2980000000000005,6.744
19831,-1.8979999999999997,10.227999999999998
19832,6.840000000000001,4.288252220404668
19833,0.12479085581450633,-2.896000000000002
19834,-2.7380000000000004,8.85812120120276
19835,-3.4844547692055388,-24.91173979341429
19836,-6.660000000000001,0.6470510624002153
19837,-1.4840000000000013,-7.4940000000000015
19838,1.6319999999999992,1.803999999999999
19839,-10.708,-19.617606418616283
19840,2.9879999999999995,2.8842602065857124
19841,-0.36277972869108693,-14.693714123999962
19842,-0.9059999999999995,9.890121201202764
19843,-1.9180000000000006,-10.855389923760763
19844,-2.6460000000000004,-5.8160000000000025
19845,1.4359124543926085,10.906
19846,5.753545230794462,7.075999999999998
19847,1.2102522204046686,16.742488875036475
19848,-6.114,-10.88174777959533
19849,4.124,5.772488875036477
19850,3.7219124543926094,-2.8920000000000003
19851,-9.62086727429848,-1.7339999999999995
19852,-2.562,10.917999999999997
19853,0.8800000000000008,-15.357999999999999
19854,0.19399999999999853,5.917051062400217
19855,2.813912454392608,11.537018453276664
19856,-1.7400000000000002,14.122
19857,-7.554779728691088,7.9239999999999995
19858,8.453999999999999,10.407999999999998
19859,5.043545230794463,11.122
19860,4.942,7.814
19861,6.373018453276665,10.74425222040467
19862,2.276,-7.466981546723335
19863,-0.6065722925883532,33.266
19864,-6.732000000000002,-14.518233961808534
19865,-7.85,-2.2046967171951137
19866,2.7279999999999993,11.716488875036474
19867,4.436,-5.260981546723338
19868,2.5379999999999994,-15.33094893759978
19869,4.544,5.898488875036473
19870,-3.2249815467233347,-5.0729815467233355
19871,4.8838824766171856,16.12412120120276
19872,5.169018453276664,8.232
19873,-0.4037477795953313,14.577018453276661
19874,9.963999999999999,5.951018453276663
19875,7.0699999999999985,-4.201878798797237
19876,3.432226100754775,23.96
19877,2.630252220404668,-2.711999999999999
19878,-0.7020875456073921,-12.439999999999998
19879,7.361999999999999,-4.297747779595332
19880,0.18799999999999972,0.1042602065857114
19881,5.422000000000001,9.037999999999998
19882,-1.382000000000001,10.430252220404668
19883,-9.094000000000001,-1.5398787987972375
19884,-5.481999999999999,-14.365477469368154
19885,-1.2120000000000009,21.363999999999997
19886,2.505999999999999,20.34705106240022
19887,6.823999999999998,-7.989511124963525
19888,2.921018453276665,10.696
19889,0.6479999999999982,14.60812120120276
19890,19.804,26.064
19891,6.273999999999999,14.629999999999999
19892,0.25,8.104
19893,8.309999999999999,10.306000000000001
19894,-1.4420000000000002,5.309999999999998
19895,-2.514981546723335,-9.088000000000001
19896,-3.1097738992452255,-17.779999999999998
19897,-8.363773899245226,-13.090827736397017
19898,-1.876983043430719,12.607999999999999
19899,9.710226100754774,-3.8149489375997825
19900,6.845018453276664,-1.6137477795953317
19901,1.5878824766171848,8.816
19902,-4.072000000000001,-7.070860345520574
19903,3.85,2.9199999999999986
19904,-3.185999999999999,-8.641747779595331
19905,-5.234,-0.9058451432018657
19906,-9.875209144185494,-16.930543928767605
19907,-2.8560000000000008,-23.845739793414285
19908,2.8919999999999995,-0.09928502420875134
19909,1.3739999999999994,12.443999999999999
19910,4.702236654631807,-25.693845143201862
19911,0.790252220404669,6.991018453276662
19912,4.405999999999999,-1.160981546723336
19913,3.536,13.664033655595372
19914,3.3659999999999997,17.276000000000003
19915,6.81,-5.346948937599782
19916,-8.813999999999998,1.7320336555953717
19917,-0.8120000000000005,7.0399999999999965
19918,-3.5217477795953314,-2.0658787987972373
19919,-1.1177738992452246,21.39
19920,4.5200000000000005,3.8039999999999985
19921,-2.17,-0.5052509183778128
19922,-3.382,22.866
19923,1.6100000000000008,-0.7507961491722753
19924,-3.5360000000000005,-2.234948937599782
19925,-3.1422050689902066,-2.4520000000000004
19926,0.8439999999999991,-17.52964007421166
19927,6.602000000000001,-7.57986421960419
19928,-11.574,5.895999999999999
19929,-8.399521678840555,2.8427149757912504
19930,-6.502000000000001,1.0839999999999974
19931,6.636,6.270252220404669
19932,4.71010857737196,-19.325285024208746
19933,-9.587763345368193,-1.3557477795953319
19934,10.302,-15.863761275414422
19935,6.016,-12.948000000000002
19936,-3.94,-7.68728502420875
19937,5.1720000000000015,19.006
19938,5.836,22.112000000000002
19939,1.4639999999999997,14.437999999999999
19940,5.099018453276664,4.602000000000001
19941,-0.9620875456073922,-14.652981546723334
19942,1.4100000000000004,4.342252220404669
19943,5.0270169565692795,-0.6040000000000021
19944,4.128000000000001,-11.349511124963524
19945,3.259427707411647,5.016
19946,3.3859999999999983,-16.72674282213776
19947,9.460226100754777,17.273999999999997
19948,8.616,-2.567999999999999
19949,6.535999999999999,-10.70548757300962
19950,-3.2729815467233365,1.2879999999999996
19951,0.4132202713089139,-5.747747779595334
19952,7.254226100754775,12.027999999999999
19953,10.606,3.0919999999999974
19954,-1.2092091441854935,14.563999999999998
19955,0.584,23.169999999999998
19956,9.126236654631805,-6.94764007421166
19957,5.289999999999997,-11.267706137818916
19958,7.133999999999999,-2.755739793414288
19959,-4.082,-1.5419999999999994
19960,17.131999999999998,-17.319747779595332
19961,10.022,-0.1999663444046277
19962,4.469999999999999,3.4382522204046664
19963,2.205472491713582,15.315999999999997
19964,-6.620779728691086,33.2
19965,3.06,27.302
19966,3.8278824766171846,2.6419999999999972
19967,-1.8999999999999997,2.612033655595371
19968,10.827882476617182,8.411018453276665
19969,3.567999999999999,13.915999999999997
19970,-3.0980000000000003,-5.4252850242087485
19971,8.498,13.55105106240022
19972,-19.419999999999998,11.822488875036473
19973,-6.808981546723335,3.857999999999997
19974,-2.128087545607391,-9.477285024208749
19975,0.7940000000000002,7.171999999999999
19976,-0.6734955591906623,9.184000000000001
19977,4.285679927816315,0.4299999999999997
19978,-9.108,7.578033655595371
19979,7.638,-24.683022249927046
19980,-7.578981546723336,9.718
19981,-2.258,0.6299999999999976
19982,16.499999999999996,-19.216860345520573
19983,-2.9820000000000007,-9.166881626409037
19984,-5.440897252073901,13.05
19985,9.053999999999998,-12.325487573009621
19986,-8.102,9.79
19987,-2.91,8.401051062400219
19988,-17.434779728691087,23.613999999999997
19989,-0.7820000000000004,-10.257501068828708
19990,6.450000000000001,-7.023747779595334
19991,7.235999999999999,9.12026020658571
19992,-1.0760000000000005,13.975999999999996
19993,-8.720779728691088,-0.2597477795953321
19994,-1.7309815467233356,7.568
19995,-1.1480000000000004,4.154121201202762
19996,5.194,-2.1189815467233357
19997,-0.7480000000000004,-8.023966344404629
19998,8.315999999999999,13.159051062400215
19999,-10.516000000000002,-11.91023246510115
20000,-2.584454769205538,9.215999999999998
